Position	Coverage
1	19258
2	18511
3	19587
4	20536
5	21632
6	22292
7	22062
8	21645
9	20506
10	20771
11	21972
12	22803
13	22972
14	22826
15	23473
16	24018
17	24589
18	25105
19	26523
20	27168
21	27420
22	27434
23	27849
24	27090
25	26666
26	26709
27	27441
28	28244
29	28676
30	29222
31	29582
32	29662
33	30555
34	30704
35	31105
36	30102
37	29904
38	30620
39	31088
40	32458
41	33770
42	34254
43	34769
44	35151
45	36389
46	36003
47	36347
48	35902
49	36060
50	36503
51	37801
52	38465
53	37432
54	37390
55	36692
56	37696
57	37587
58	38420
59	38988
60	38608
61	37841
62	37682
63	36705
64	38294
65	39825
66	42354
67	42736
68	43217
69	43156
70	43521
71	41888
72	42451
73	41326
74	43460
75	43315
76	43871
77	44129
78	43932
79	44393
80	44466
81	44341
82	44592
83	45383
84	45128
85	45834
86	44357
87	43795
88	43979
89	44809
90	46006
91	46363
92	45776
93	46385
94	44054
95	44170
96	44327
97	46325
98	46483
99	47306
100	47738
101	46172
102	45149
103	43933
104	45597
105	46408
106	47759
107	46844
108	45505
109	45826
110	45401
111	45982
112	45972
113	47279
114	48441
115	48270
116	48060
117	47609
118	48213
119	47971
120	47102
121	48209
122	49165
123	49581
124	49671
125	48841
126	49056
127	48414
128	49368
129	48963
130	48760
131	47407
132	47413
133	48190
134	49740
135	49609
136	48179
137	46929
138	46350
139	46491
140	46946
141	48043
142	48156
143	46610
144	45780
145	45606
146	46994
147	47112
148	48319
149	46699
150	45899
151	46069
152	47423
153	48675
154	48610
155	48313
156	47975
157	47210
158	47662
159	46807
160	46522
161	45865
162	44806
163	44721
164	43460
165	43334
166	42225
167	42979
168	43428
169	44080
170	43042
171	43198
172	41168
173	41638
174	41848
175	44354
176	44679
177	42881
178	42283
179	42121
180	41810
181	42023
182	41413
183	40753
184	38783
185	37653
186	37716
187	38320
188	38903
189	38659
190	37886
191	38387
192	37708
193	37256
194	35469
195	35636
196	35556
197	35954
198	35929
199	36118
200	36667
201	36562
202	35785
203	35146
204	34484
205	34762
206	34425
207	33987
208	33816
209	34128
210	34462
211	33683
212	33628
213	32529
214	32548
215	31729
216	31219
217	30469
218	30512
219	30322
220	29207
221	28187
222	27548
223	28000
224	28477
225	28781
226	28945
227	28980
228	27925
229	27153
230	27163
231	27190
232	27353
233	27613
234	27530
235	27554
236	27366
237	27254
238	27156
239	26840
240	26275
241	25763
242	25170
243	25249
244	25246
245	25063
246	24686
247	24688
248	24388
249	24299
250	23274
251	22180
252	21805
253	21671
254	21956
255	21098
256	20778
257	21005
258	20925
259	20697
260	19915
261	19225
262	16550
263	16791
264	16408
265	15686
266	15274
267	14310
268	13602
269	13401
270	13155
271	11970
272	11891
273	11572
274	11236
275	10857
276	10225
277	9917
278	9488
279	9425
280	9109
281	9327
282	9404
283	9125
284	8720
285	8446
286	8659
287	8808
288	8471
289	7546
290	6451
291	5829
292	3868
293	3466
294	2526
295	1978
296	1780
297	1787
298	1707
299	1677
300	1717
301	1605
302	1493
303	1102
304	1059
305	1007
306	858
307	660
308	495
309	166
310	126
311	179
312	184
313	199
314	226
315	199
316	232
317	251
318	245
319	260
320	293
321	324
322	272
323	227
324	239
325	240
326	314
327	324
328	347
329	338
330	274
331	299
332	280
333	363
334	426
335	461
336	394
337	358
338	325
339	346
340	355
341	340
342	278
343	260
344	237
345	295
346	295
347	241
348	236
349	289
350	384
351	339
352	282
353	220
354	192
355	213
356	273
357	419
358	506
359	480
360	381
361	356
362	362
363	407
364	438
365	354
366	355
367	292
368	268
369	214
370	202
371	230
372	275
373	321
374	277
375	253
376	212
377	209
378	222
379	223
380	181
381	147
382	159
383	175
384	202
385	166
386	146
387	155
388	169
389	159
390	149
391	134
392	123
393	116
394	126
395	126
396	128
397	126
398	128
399	129
400	129
401	129
402	128
403	126
404	131
405	130
406	133
407	133
408	129
409	128
410	125
411	128
412	131
413	135
414	141
415	152
416	176
417	221
418	237
419	239
420	261
421	271
422	278
423	278
424	282
425	284
426	278
427	282
428	279
429	277
430	274
431	273
432	272
433	269
434	276
435	287
436	288
437	289
438	293
439	292
440	289
441	298
442	299
443	304
444	296
445	303
446	294
447	302
448	310
449	319
450	317
451	316
452	314
453	314
454	320
455	308
456	308
457	305
458	317
459	312
460	312
461	311
462	317
463	314
464	318
465	314
466	312
467	314
468	316
469	312
470	314
471	313
472	316
473	318
474	320
475	321
476	325
477	324
478	324
479	322
480	323
481	326
482	330
483	332
484	330
485	331
486	328
487	328
488	328
489	330
490	330
491	329
492	323
493	320
494	325
495	328
496	330
497	330
498	304
499	305
500	309
501	332
502	316
503	315
504	314
505	323
506	324
507	325
508	327
509	322
510	332
511	321
512	308
513	309
514	316
515	332
516	328
517	330
518	326
519	329
520	328
521	331
522	326
523	320
524	321
525	309
526	311
527	320
528	322
529	317
530	323
531	321
532	322
533	304
534	302
535	302
536	313
537	307
538	320
539	312
540	308
541	302
542	309
543	312
544	295
545	290
546	297
547	303
548	309
549	301
550	303
551	294
552	305
553	302
554	313
555	311
556	300
557	293
558	288
559	293
560	287
561	298
562	302
563	288
564	286
565	282
566	277
567	262
568	253
569	271
570	420
571	574
572	732
573	829
574	849
575	841
576	963
577	1341
578	1381
579	1432
580	1477
581	1495
582	1530
583	1739
584	1760
585	1788
586	1826
587	1930
588	1980
589	2025
590	1999
591	2018
592	2052
593	2052
594	2142
595	2176
596	2201
597	2245
598	2249
599	2360
600	2330
601	2376
602	2421
603	2507
604	2565
605	2591
606	2589
607	2625
608	2597
609	2682
610	2749
611	2898
612	2959
613	3006
614	3072
615	3057
616	3076
617	3265
618	3308
619	3337
620	3388
621	3351
622	3220
623	3197
624	3248
625	3309
626	3310
627	3352
628	3490
629	3588
630	3683
631	3680
632	3727
633	3726
634	3733
635	3715
636	3701
637	3690
638	3714
639	3748
640	3808
641	3836
642	3857
643	3878
644	3875
645	3853
646	3918
647	4016
648	4043
649	4036
650	4055
651	3970
652	3903
653	3892
654	3979
655	4105
656	4201
657	4241
658	4740
659	6276
660	10105
661	11152
662	11969
663	12780
664	12682
665	13753
666	16385
667	18764
668	19421
669	19414
670	19867
671	19989
672	22129
673	22414
674	22895
675	22476
676	23487
677	25445
678	26614
679	28133
680	28128
681	29122
682	28712
683	30943
684	31390
685	31856
686	32222
687	33043
688	34499
689	35321
690	37664
691	37869
692	38802
693	38319
694	39072
695	39601
696	40303
697	40436
698	42979
699	42925
700	43220
701	42984
702	44141
703	44924
704	43922
705	44853
706	44933
707	46797
708	46584
709	47413
710	47473
711	47686
712	48942
713	49646
714	51199
715	52486
716	52282
717	51579
718	52117
719	52432
720	54095
721	54666
722	55571
723	55064
724	54666
725	55092
726	56575
727	57979
728	58655
729	58577
730	57725
731	56591
732	56152
733	56624
734	57917
735	58114
736	60474
737	61470
738	61751
739	61540
740	60394
741	60941
742	62001
743	63985
744	64741
745	65542
746	64808
747	63721
748	62486
749	61239
750	60415
751	63080
752	65582
753	65849
754	65964
755	66220
756	68897
757	69616
758	70410
759	71110
760	69207
761	69147
762	68421
763	70416
764	71113
765	71520
766	71385
767	71038
768	70531
769	70303
770	71507
771	70012
772	69958
773	70654
774	73215
775	73979
776	73055
777	73291
778	74505
779	75521
780	77605
781	76926
782	74388
783	72057
784	72336
785	74560
786	77105
787	77564
788	78385
789	79520
790	78681
791	77451
792	78542
793	79996
794	81995
795	80733
796	79390
797	79637
798	81088
799	83038
800	83007
801	82806
802	81845
803	82712
804	83140
805	84712
806	84764
807	85711
808	83437
809	79546
810	78238
811	78649
812	79438
813	79931
814	81029
815	84265
816	84444
817	84826
818	87345
819	88728
820	89437
821	87825
822	88098
823	87704
824	89234
825	90409
826	88670
827	86712
828	85909
829	89272
830	91684
831	93577
832	93010
833	89058
834	88355
835	88492
836	91112
837	91299
838	91446
839	89903
840	88977
841	86624
842	88324
843	90386
844	91923
845	92968
846	90747
847	90337
848	90619
849	93156
850	95961
851	95655
852	94037
853	96008
854	96923
855	97428
856	93389
857	90534
858	91582
859	94341
860	99820
861	99170
862	98745
863	99451
864	99396
865	95730
866	92797
867	89791
868	89323
869	90466
870	93004
871	95692
872	93916
873	91617
874	89917
875	91671
876	93343
877	95097
878	91568
879	91532
880	96439
881	100700
882	101782
883	101722
884	103717
885	102220
886	100046
887	99749
888	98084
889	97249
890	97939
891	99249
892	95680
893	93668
894	94553
895	95856
896	98683
897	99223
898	102591
899	103489
900	103107
901	102955
902	97554
903	97872
904	98943
905	105671
906	104009
907	104495
908	102797
909	104996
910	105092
911	106475
912	108125
913	103454
914	101036
915	97767
916	100868
917	103115
918	107550
919	106859
920	101286
921	101254
922	103917
923	107721
924	109737
925	109956
926	99987
927	97924
928	96694
929	103334
930	99569
931	99114
932	99748
933	101035
934	100697
935	100312
936	100685
937	105472
938	106250
939	109777
940	107866
941	108067
942	107268
943	107694
944	107154
945	109828
946	110310
947	111826
948	114063
949	115728
950	114504
951	112645
952	109401
953	108897
954	107126
955	107289
956	105430
957	105040
958	101350
959	102154
960	101528
961	101588
962	100483
963	97784
964	97256
965	97877
966	101289
967	99650
968	99207
969	100068
970	99518
971	94087
972	92563
973	95618
974	101109
975	105153
976	102235
977	97672
978	96878
979	97246
980	101087
981	100964
982	101590
983	98874
984	100543
985	101621
986	102087
987	100678
988	100593
989	102721
990	104274
991	104557
992	105239
993	106982
994	108505
995	107924
996	106779
997	104650
998	101857
999	103156
1000	102487
1001	104851
1002	104390
1003	105668
1004	104584
1005	105666
1006	107407
1007	105085
1008	103787
1009	102481
1010	106336
1011	107394
1012	109002
1013	110461
1014	109054
1015	108892
1016	110803
1017	108789
1018	107346
1019	103692
1020	106923
1021	109108
1022	112464
1023	112275
1024	113549
1025	114817
1026	115774
1027	114318
1028	114866
1029	113670
1030	110172
1031	108243
1032	108683
1033	113418
1034	117904
1035	119794
1036	118871
1037	117653
1038	118119
1039	119432
1040	120684
1041	120403
1042	118180
1043	120282
1044	120603
1045	119315
1046	116621
1047	115410
1048	116133
1049	117583
1050	118450
1051	118777
1052	119395
1053	119720
1054	118321
1055	118042
1056	118063
1057	117199
1058	120207
1059	123302
1060	127708
1061	124089
1062	118809
1063	115558
1064	116017
1065	119467
1066	123467
1067	127211
1068	124259
1069	121128
1070	127442
1071	131206
1072	128232
1073	126195
1074	125235
1075	130306
1076	134725
1077	138669
1078	141531
1079	140148
1080	136619
1081	135604
1082	134745
1083	136216
1084	134185
1085	135183
1086	134743
1087	136632
1088	138323
1089	139474
1090	141587
1091	138550
1092	135580
1093	136796
1094	138102
1095	142295
1096	137982
1097	132574
1098	130167
1099	132362
1100	137397
1101	140966
1102	139266
1103	134066
1104	130775
1105	132492
1106	136546
1107	139647
1108	142297
1109	141883
1110	141025
1111	138668
1112	138469
1113	143290
1114	143029
1115	147951
1116	148663
1117	147856
1118	145255
1119	144992
1120	147500
1121	148511
1122	147545
1123	148868
1124	150099
1125	149927
1126	145988
1127	144550
1128	146531
1129	148109
1130	148739
1131	147078
1132	147549
1133	147911
1134	146421
1135	148040
1136	151529
1137	155115
1138	153376
1139	151679
1140	153650
1141	155487
1142	155168
1143	159771
1144	158901
1145	160181
1146	158817
1147	156803
1148	153488
1149	150475
1150	153761
1151	153667
1152	159348
1153	159667
1154	158594
1155	157336
1156	158368
1157	165907
1158	170666
1159	170966
1160	166890
1161	162391
1162	161674
1163	166460
1164	169731
1165	176315
1166	176328
1167	175342
1168	171996
1169	169873
1170	165297
1171	162928
1172	163662
1173	168861
1174	173601
1175	173132
1176	171694
1177	171089
1178	173942
1179	167767
1180	166738
1181	166708
1182	173930
1183	175178
1184	179726
1185	181809
1186	183794
1187	181260
1188	180349
1189	174838
1190	172327
1191	170431
1192	174229
1193	176422
1194	181721
1195	182801
1196	184027
1197	179878
1198	172769
1199	173264
1200	169880
1201	173821
1202	171594
1203	173211
1204	175912
1205	179081
1206	185202
1207	181572
1208	180474
1209	187760
1210	188893
1211	192792
1212	190636
1213	187572
1214	184649
1215	183336
1216	187388
1217	188405
1218	190083
1219	191628
1220	188691
1221	181810
1222	177171
1223	182042
1224	184324
1225	186907
1226	188619
1227	189582
1228	188280
1229	191217
1230	196418
1231	195094
1232	192863
1233	197011
1234	205115
1235	208464
1236	208052
1237	205911
1238	203704
1239	202439
1240	203591
1241	202329
1242	208365
1243	211015
1244	215340
1245	216809
1246	215526
1247	213256
1248	208791
1249	211691
1250	213577
1251	210448
1252	204095
1253	203840
1254	209241
1255	216409
1256	218854
1257	216946
1258	218014
1259	211286
1260	207994
1261	213180
1262	213203
1263	209936
1264	208119
1265	208793
1266	215556
1267	213394
1268	217566
1269	218934
1270	222872
1271	222664
1272	216769
1273	217634
1274	217516
1275	216289
1276	208491
1277	202411
1278	203022
1279	206121
1280	213320
1281	219199
1282	224928
1283	223275
1284	223392
1285	223070
1286	221112
1287	222348
1288	217487
1289	213756
1290	215626
1291	217187
1292	221710
1293	223551
1294	231670
1295	231894
1296	227646
1297	229080
1298	229545
1299	229681
1300	225332
1301	217398
1302	214878
1303	215014
1304	221510
1305	223994
1306	223103
1307	219095
1308	214821
1309	212907
1310	209237
1311	210557
1312	208253
1313	209992
1314	201565
1315	200986
1316	206641
1317	209530
1318	210042
1319	201064
1320	197078
1321	193891
1322	198495
1323	200562
1324	204237
1325	208101
1326	206725
1327	203010
1328	188915
1329	191248
1330	194265
1331	207137
1332	206908
1333	203012
1334	201281
1335	203819
1336	206610
1337	209936
1338	206997
1339	200494
1340	195089
1341	196811
1342	200890
1343	206709
1344	208602
1345	211240
1346	209994
1347	207379
1348	202310
1349	203631
1350	199982
1351	200573
1352	201699
1353	207142
1354	212994
1355	212469
1356	212583
1357	209896
1358	202695
1359	201383
1360	198481
1361	197010
1362	191322
1363	194888
1364	197200
1365	203258
1366	203393
1367	198325
1368	187887
1369	189580
1370	196264
1371	206503
1372	206068
1373	195692
1374	189710
1375	178493
1376	174316
1377	175051
1378	178816
1379	182633
1380	176735
1381	173639
1382	173143
1383	169485
1384	167000
1385	171859
1386	172781
1387	173331
1388	164730
1389	164867
1390	164448
1391	166126
1392	162061
1393	154074
1394	146561
1395	144234
1396	144168
1397	152200
1398	154331
1399	155747
1400	154233
1401	155262
1402	153913
1403	153018
1404	149223
1405	153729
1406	158801
1407	167065
1408	168034
1409	164937
1410	158838
1411	155690
1412	143424
1413	144589
1414	147495
1415	160605
1416	163918
1417	164576
1418	163338
1419	163285
1420	164149
1421	163306
1422	156171
1423	153176
1424	151774
1425	155674
1426	158955
1427	157449
1428	153856
1429	149654
1430	151646
1431	153991
1432	152896
1433	152033
1434	147126
1435	140951
1436	142287
1437	143933
1438	150265
1439	148926
1440	149111
1441	145381
1442	147099
1443	147900
1444	148400
1445	148449
1446	145437
1447	145225
1448	142857
1449	141395
1450	138514
1451	143061
1452	150390
1453	151694
1454	148731
1455	147710
1456	148080
1457	149019
1458	144621
1459	144657
1460	144693
1461	148336
1462	145360
1463	138522
1464	132273
1465	127865
1466	129610
1467	132589
1468	136321
1469	138113
1470	138807
1471	137372
1472	134759
1473	133294
1474	132971
1475	132311
1476	130865
1477	127930
1478	129706
1479	126586
1480	129776
1481	123233
1482	122457
1483	119488
1484	120111
1485	120381
1486	116155
1487	117445
1488	116803
1489	110873
1490	110638
1491	106547
1492	109023
1493	100753
1494	102150
1495	96337
1496	98970
1497	99198
1498	100324
1499	102020
1500	103918
1501	108102
1502	106797
1503	106665
1504	105325
1505	108158
1506	104106
1507	101267
1508	99333
1509	98922
1510	101508
1511	102359
1512	104744
1513	105681
1514	102451
1515	95924
1516	92970
1517	92826
1518	91878
1519	92622
1520	93338
1521	94311
1522	94664
1523	93475
1524	88939
1525	89267
1526	90551
1527	94962
1528	93114
1529	87181
1530	81886
1531	72437
1532	70141
1533	69294
1534	70060
1535	73287
1536	76023
1537	72753
1538	73516
1539	74095
1540	74847
1541	76531
1542	77591
1543	78490
1544	78917
1545	77579
1546	77946
1547	77215
1548	75975
1549	75252
1550	72472
1551	67753
1552	60869
1553	59480
1554	50476
1555	49063
1556	45250
1557	46098
1558	45413
1559	41371
1560	40237
1561	39391
1562	37458
1563	36923
1564	35115
1565	33548
1566	26791
1567	27519
1568	27180
1569	25378
1570	23874
1571	23669
1572	23806
1573	22643
1574	22544
1575	22112
1576	22438
1577	21776
1578	21389
1579	20392
1580	20375
1581	20760
1582	20702
1583	20787
1584	20907
1585	20511
1586	20523
1587	20199
1588	20355
1589	19315
1590	19098
1591	17640
1592	17948
1593	18122
1594	18710
1595	18056
1596	16751
1597	12447
1598	10561
1599	9752
1600	8629
1601	1295
1602	1151
1603	1189
1604	1184
1605	1156
1606	1156
1607	1152
1608	1163
1609	1161
1610	1126
1611	1114
1612	1071
1613	1110
1614	1134
1615	1150
1616	1144
1617	1117
1618	1138
1619	1155
1620	1213
1621	1212
1622	1165
1623	1133
1624	1102
1625	1122
1626	1097
1627	1135
1628	1147
1629	1134
1630	1124
1631	1150
1632	1177
1633	1203
1634	1197
1635	1179
1636	1146
1637	1135
1638	1152
1639	1213
1640	1181
1641	1157
1642	1113
1643	1112
1644	1113
1645	1117
1646	1138
1647	1152
1648	1152
1649	1161
1650	1154
1651	1146
1652	1162
1653	1196
1654	1221
1655	1192
1656	1173
1657	1159
1658	1195
1659	1182
1660	1100
1661	1080
1662	1072
1663	1077
1664	1065
1665	1064
1666	1073
1667	1109
1668	1113
1669	1081
1670	1062
1671	1048
1672	1092
1673	1103
1674	1118
1675	1084
1676	1069
1677	1074
1678	1121
1679	1159
1680	1342
1681	1393
1682	1972
1683	2973
1684	3288
1685	4076
1686	4407
1687	4615
1688	5835
1689	6454
1690	6868
1691	7125
1692	7544
1693	8441
1694	8390
1695	8695
1696	8898
1697	8850
1698	9212
1699	9682
1700	10052
1701	10396
1702	10166
1703	10347
1704	10712
1705	11035
1706	11008
1707	11230
1708	12075
1709	12506
1710	12468
1711	12981
1712	13140
1713	13266
1714	14057
1715	15588
1716	15766
1717	16046
1718	15735
1719	15752
1720	15707
1721	16063
1722	16893
1723	16661
1724	16456
1725	16721
1726	17735
1727	18451
1728	18882
1729	18890
1730	19001
1731	18669
1732	18589
1733	18559
1734	18925
1735	19484
1736	19525
1737	19511
1738	19735
1739	19836
1740	19368
1741	19030
1742	19101
1743	19804
1744	20273
1745	20716
1746	20270
1747	19027
1748	18446
1749	18415
1750	19284
1751	19655
1752	20999
1753	20900
1754	21700
1755	21702
1756	22253
1757	22792
1758	23172
1759	23364
1760	22612
1761	22245
1762	21932
1763	22393
1764	22744
1765	23365
1766	23853
1767	22529
1768	22039
1769	21781
1770	22708
1771	23470
1772	24102
1773	24323
1774	24645
1775	24493
1776	24898
1777	24753
1778	25720
1779	25912
1780	26390
1781	26179
1782	26041
1783	26018
1784	25764
1785	26318
1786	26179
1787	26221
1788	26593
1789	26466
1790	26405
1791	25155
1792	24764
1793	25315
1794	26222
1795	26998
1796	26783
1797	27100
1798	27664
1799	28198
1800	29239
1801	29711
1802	29767
1803	29746
1804	29643
1805	29609
1806	29973
1807	30398
1808	30477
1809	30567
1810	30213
1811	30067
1812	29872
1813	30236
1814	30438
1815	29866
1816	29269
1817	29790
1818	30405
1819	31595
1820	31822
1821	31478
1822	31662
1823	31288
1824	32048
1825	31296
1826	32005
1827	32603
1828	32862
1829	33057
1830	31523
1831	31354
1832	31139
1833	32848
1834	33199
1835	32811
1836	32243
1837	31390
1838	31465
1839	31909
1840	32656
1841	33301
1842	33147
1843	32648
1844	32097
1845	32166
1846	33138
1847	33448
1848	33514
1849	33851
1850	33287
1851	33260
1852	32957
1853	33460
1854	34208
1855	34635
1856	34748
1857	34152
1858	34238
1859	34302
1860	34736
1861	35097
1862	35825
1863	35548
1864	34016
1865	34241
1866	35120
1867	35575
1868	35458
1869	35620
1870	36095
1871	35883
1872	36320
1873	35943
1874	35036
1875	34962
1876	35572
1877	36955
1878	36488
1879	36479
1880	36772
1881	37285
1882	37914
1883	36988
1884	37047
1885	36861
1886	36906
1887	35524
1888	35017
1889	35508
1890	37204
1891	38894
1892	38631
1893	37012
1894	36819
1895	37300
1896	38578
1897	38869
1898	37665
1899	35763
1900	35653
1901	35179
1902	35994
1903	35493
1904	36039
1905	36362
1906	37219
1907	37546
1908	36799
1909	36807
1910	37057
1911	39194
1912	39339
1913	38324
1914	37497
1915	37932
1916	38875
1917	38297
1918	37787
1919	37922
1920	38458
1921	38932
1922	38784
1923	39489
1924	40333
1925	40793
1926	40414
1927	39991
1928	38935
1929	39599
1930	40625
1931	40420
1932	39219
1933	38664
1934	40036
1935	42275
1936	42525
1937	42381
1938	41450
1939	41352
1940	39348
1941	39393
1942	37925
1943	39225
1944	37505
1945	37354
1946	36764
1947	38172
1948	38564
1949	34937
1950	34507
1951	35067
1952	38765
1953	40213
1954	39465
1955	39760
1956	39997
1957	38855
1958	38045
1959	37491
1960	38755
1961	39511
1962	38843
1963	38848
1964	39310
1965	39082
1966	38564
1967	38232
1968	37170
1969	35958
1970	35778
1971	35976
1972	36057
1973	35844
1974	36478
1975	37391
1976	38098
1977	38416
1978	38399
1979	38364
1980	37718
1981	36945
1982	36433
1983	37016
1984	37510
1985	37700
1986	36542
1987	35167
1988	33864
1989	34020
1990	33997
1991	32616
1992	32375
1993	32565
1994	33290
1995	32422
1996	32705
1997	34593
1998	33301
1999	33233
2000	32337
2001	33820
2002	33539
2003	33189
2004	32218
2005	31008
2006	30925
2007	31589
2008	31620
2009	30447
2010	30121
2011	29814
2012	29725
2013	30276
2014	29840
2015	28982
2016	28371
2017	29116
2018	29236
2019	27904
2020	27685
2021	27770
2022	27299
2023	25976
2024	26301
2025	26542
2026	27633
2027	27279
2028	26144
2029	26014
2030	26787
2031	26599
2032	26300
2033	25737
2034	25976
2035	25765
2036	26386
2037	26703
2038	27890
2039	27035
2040	26657
2041	25719
2042	26095
2043	26339
2044	26625
2045	26270
2046	26079
2047	26939
2048	28051
2049	28617
2050	28401
2051	27761
2052	27113
2053	27032
2054	27537
2055	27127
2056	25984
2057	24501
2058	23946
2059	24535
2060	25844
2061	25737
2062	25775
2063	24954
2064	23786
2065	23498
2066	22833
2067	22775
2068	23231
2069	23988
2070	25136
2071	25475
2072	26199
2073	25152
2074	24734
2075	23544
2076	22845
2077	21874
2078	20724
2079	20131
2080	21346
2081	22011
2082	21898
2083	21697
2084	21591
2085	21373
2086	21573
2087	22174
2088	22892
2089	23054
2090	22616
2091	21862
2092	21943
2093	22285
2094	22808
2095	22413
2096	22638
2097	22298
2098	21624
2099	20718
2100	20952
2101	21463
2102	22393
2103	22485
2104	21974
2105	21858
2106	21752
2107	21518
2108	21172
2109	20919
2110	21493
2111	22068
2112	22110
2113	22173
2114	22129
2115	22281
2116	23125
2117	23246
2118	24038
2119	23922
2120	22701
2121	21855
2122	22110
2123	22605
2124	23007
2125	23309
2126	24024
2127	23996
2128	23057
2129	22981
2130	23363
2131	24424
2132	24234
2133	24118
2134	23445
2135	22797
2136	22358
2137	23173
2138	24317
2139	25338
2140	25250
2141	25088
2142	24966
2143	25038
2144	24719
2145	24815
2146	24183
2147	23943
2148	23176
2149	23195
2150	23199
2151	24200
2152	24423
2153	24352
2154	24209
2155	23961
2156	23719
2157	23717
2158	24130
2159	23910
2160	23359
2161	22910
2162	22267
2163	21873
2164	20639
2165	20956
2166	21297
2167	22428
2168	22775
2169	22571
2170	22166
2171	22186
2172	22037
2173	21148
2174	19841
2175	19376
2176	20085
2177	21678
2178	22454
2179	22415
2180	22186
2181	21193
2182	21174
2183	21461
2184	20928
2185	20058
2186	19524
2187	20274
2188	20999
2189	21048
2190	21426
2191	22292
2192	22224
2193	22387
2194	22976
2195	23503
2196	22988
2197	22942
2198	22791
2199	23141
2200	22102
2201	21466
2202	21139
2203	21376
2204	21145
2205	21485
2206	22131
2207	23052
2208	22495
2209	22068
2210	20444
2211	20932
2212	21356
2213	22939
2214	22632
2215	22088
2216	21742
2217	20441
2218	20627
2219	20582
2220	21551
2221	21425
2222	21548
2223	21361
2224	20803
2225	21196
2226	21980
2227	23057
2228	22850
2229	22829
2230	22615
2231	22282
2232	22186
2233	21192
2234	20307
2235	19971
2236	20901
2237	22421
2238	22024
2239	21594
2240	21763
2241	22481
2242	22714
2243	22669
2244	22554
2245	22613
2246	22054
2247	22709
2248	22671
2249	22768
2250	21909
2251	21848
2252	21810
2253	21680
2254	21857
2255	21922
2256	22588
2257	22506
2258	22605
2259	21799
2260	21538
2261	20808
2262	20796
2263	21080
2264	22053
2265	21945
2266	22180
2267	22374
2268	21464
2269	20933
2270	20297
2271	20258
2272	20999
2273	21969
2274	22147
2275	21595
2276	21978
2277	22129
2278	22447
2279	21605
2280	20269
2281	19707
2282	18838
2283	18866
2284	18744
2285	19465
2286	19723
2287	19877
2288	19782
2289	20007
2290	19967
2291	19849
2292	19535
2293	19406
2294	19152
2295	19644
2296	19954
2297	20677
2298	20535
2299	20439
2300	20521
2301	20592
2302	21037
2303	20748
2304	20832
2305	20723
2306	21303
2307	21387
2308	21472
2309	20948
2310	21060
2311	21009
2312	21223
2313	20993
2314	21038
2315	21318
2316	21616
2317	21630
2318	21710
2319	21882
2320	21476
2321	21326
2322	21628
2323	21972
2324	22049
2325	21529
2326	21587
2327	20882
2328	20739
2329	20534
2330	20623
2331	20582
2332	19913
2333	20309
2334	20318
2335	20832
2336	20928
2337	20758
2338	20083
2339	19400
2340	19306
2341	19612
2342	20252
2343	20022
2344	19546
2345	18831
2346	18926
2347	19201
2348	19629
2349	19703
2350	19328
2351	19778
2352	19860
2353	20360
2354	20071
2355	19774
2356	19614
2357	19842
2358	19710
2359	20175
2360	19976
2361	19888
2362	19534
2363	19335
2364	19982
2365	20148
2366	20192
2367	20006
2368	20245
2369	20484
2370	20437
2371	20629
2372	21139
2373	21026
2374	20770
2375	20609
2376	19909
2377	19139
2378	18107
2379	18412
2380	18982
2381	19937
2382	20071
2383	19756
2384	19948
2385	19358
2386	19789
2387	19691
2388	20064
2389	19917
2390	19834
2391	19720
2392	19507
2393	19680
2394	19235
2395	18599
2396	17901
2397	18149
2398	18515
2399	18676
2400	18529
2401	18895
2402	18628
2403	18251
2404	18007
2405	18494
2406	18790
2407	19268
2408	19350
2409	19350
2410	19155
2411	18821
2412	18310
2413	17338
2414	17191
2415	17419
2416	17896
2417	18159
2418	17836
2419	18085
2420	17872
2421	17925
2422	17556
2423	17820
2424	17476
2425	17068
2426	15958
2427	16269
2428	16581
2429	17583
2430	17596
2431	17231
2432	17310
2433	17427
2434	17272
2435	16780
2436	16479
2437	16304
2438	16857
2439	17005
2440	16641
2441	16110
2442	16288
2443	16753
2444	17161
2445	17281
2446	17671
2447	17669
2448	17998
2449	18011
2450	18133
2451	18437
2452	17954
2453	17232
2454	16793
2455	17022
2456	17660
2457	18333
2458	18582
2459	18413
2460	18373
2461	18297
2462	18383
2463	17917
2464	17975
2465	17846
2466	18114
2467	17908
2468	16472
2469	16166
2470	15708
2471	16801
2472	16399
2473	16489
2474	15834
2475	15951
2476	15891
2477	15833
2478	15950
2479	16013
2480	16335
2481	16180
2482	15987
2483	15675
2484	15744
2485	15930
2486	15982
2487	15618
2488	13352
2489	12905
2490	12843
2491	13906
2492	14375
2493	14220
2494	14377
2495	14697
2496	14989
2497	14726
2498	15034
2499	14957
2500	14464
2501	14424
2502	14558
2503	15172
2504	15070
2505	14945
2506	14663
2507	14585
2508	14211
2509	14308
2510	14286
2511	14196
2512	13658
2513	13056
2514	13198
2515	13184
2516	13835
2517	13959
2518	14058
2519	13674
2520	13165
2521	13273
2522	13173
2523	13143
2524	12535
2525	12384
2526	12561
2527	12891
2528	13170
2529	12827
2530	13032
2531	13047
2532	13368
2533	13321
2534	13199
2535	12845
2536	12379
2537	12375
2538	11429
2539	11498
2540	11346
2541	11919
2542	11720
2543	11723
2544	11583
2545	11824
2546	11641
2547	11334
2548	11395
2549	11643
2550	12041
2551	12017
2552	11773
2553	11461
2554	11285
2555	11093
2556	11310
2557	11056
2558	11333
2559	11164
2560	11279
2561	11095
2562	11357
2563	11220
2564	10797
2565	10501
2566	10455
2567	10454
2568	10193
2569	10066
2570	10166
2571	10327
2572	10293
2573	10257
2574	10451
2575	10326
2576	10164
2577	9779
2578	9627
2579	9862
2580	10038
2581	10022
2582	9619
2583	9470
2584	9340
2585	9563
2586	9546
2587	9203
2588	8034
2589	8003
2590	7963
2591	7754
2592	7187
2593	7084
2594	7220
2595	6876
2596	6169
2597	4039
2598	3806
2599	3748
2600	3721
2601	3631
2602	3562
2603	3470
2604	3263
2605	3146
2606	3071
2607	3025
2608	2905
2609	2849
2610	2796
2611	2782
2612	2723
2613	2891
2614	2982
2615	2952
2616	2914
2617	2900
2618	2946
2619	2916
2620	2868
2621	2749
2622	2635
2623	2665
2624	2783
2625	2861
2626	3009
2627	3298
2628	3431
2629	3521
2630	3605
2631	3760
2632	4090
2633	4046
2634	4151
2635	4624
2636	5162
2637	5639
2638	5658
2639	5836
2640	6000
2641	6237
2642	6755
2643	6824
2644	6797
2645	6636
2646	6709
2647	6821
2648	7112
2649	7307
2650	7701
2651	7541
2652	8023
2653	8566
2654	8867
2655	9142
2656	8961
2657	9131
2658	9266
2659	10330
2660	10432
2661	10598
2662	10473
2663	10794
2664	10890
2665	11112
2666	11142
2667	11096
2668	10835
2669	10531
2670	10440
2671	10695
2672	10818
2673	11601
2674	11476
2675	11470
2676	11546
2677	11890
2678	12088
2679	12379
2680	12592
2681	12057
2682	11949
2683	11972
2684	12778
2685	12963
2686	12771
2687	12757
2688	12713
2689	12955
2690	13017
2691	13235
2692	13280
2693	13371
2694	13277
2695	13262
2696	13329
2697	13377
2698	13761
2699	13873
2700	13931
2701	13701
2702	13668
2703	13829
2704	14338
2705	14474
2706	14189
2707	14277
2708	14321
2709	14676
2710	14839
2711	14646
2712	14585
2713	14640
2714	14605
2715	14606
2716	14418
2717	14505
2718	14657
2719	14823
2720	14883
2721	14820
2722	14518
2723	14601
2724	14344
2725	14486
2726	14398
2727	14865
2728	15236
2729	15674
2730	15740
2731	15672
2732	15136
2733	14837
2734	14718
2735	14953
2736	15367
2737	15595
2738	15961
2739	16091
2740	15970
2741	16011
2742	16035
2743	16337
2744	16511
2745	16490
2746	16481
2747	16454
2748	16050
2749	15984
2750	15912
2751	16212
2752	16227
2753	16120
2754	15949
2755	15879
2756	16093
2757	16336
2758	16349
2759	16369
2760	16362
2761	16401
2762	16530
2763	16905
2764	17057
2765	16935
2766	17166
2767	16962
2768	16622
2769	16420
2770	16591
2771	17059
2772	17244
2773	17550
2774	17526
2775	17042
2776	16454
2777	16090
2778	16350
2779	16781
2780	17320
2781	17576
2782	17446
2783	17095
2784	16698
2785	16749
2786	16770
2787	16751
2788	16740
2789	16865
2790	16773
2791	16156
2792	15821
2793	16012
2794	16558
2795	16936
2796	16959
2797	16777
2798	16916
2799	17048
2800	17282
2801	17164
2802	16963
2803	16800
2804	16591
2805	16392
2806	16411
2807	16591
2808	16431
2809	16353
2810	16128
2811	15710
2812	15628
2813	16125
2814	16418
2815	16275
2816	15942
2817	16030
2818	16360
2819	15777
2820	15671
2821	16009
2822	15948
2823	16316
2824	16315
2825	16970
2826	16735
2827	16474
2828	16797
2829	17090
2830	17321
2831	17078
2832	16396
2833	16328
2834	16421
2835	17170
2836	17138
2837	15873
2838	15704
2839	16081
2840	17147
2841	17166
2842	17207
2843	17526
2844	17256
2845	16881
2846	16577
2847	16845
2848	17130
2849	17307
2850	17107
2851	17204
2852	17159
2853	17261
2854	17011
2855	16876
2856	16992
2857	17184
2858	17688
2859	17311
2860	16999
2861	16787
2862	17202
2863	17507
2864	17671
2865	17599
2866	17359
2867	17170
2868	17676
2869	17797
2870	17573
2871	17641
2872	18157
2873	18779
2874	19132
2875	18726
2876	18632
2877	18560
2878	18608
2879	18631
2880	18203
2881	18143
2882	18382
2883	18593
2884	18730
2885	18777
2886	19145
2887	18654
2888	18379
2889	18180
2890	18264
2891	18590
2892	18769
2893	18843
2894	18894
2895	18937
2896	18451
2897	18076
2898	17230
2899	17175
2900	17399
2901	18436
2902	18669
2903	18583
2904	18400
2905	18096
2906	18229
2907	18808
2908	18798
2909	17898
2910	17176
2911	17141
2912	17892
2913	18159
2914	18203
2915	17886
2916	18149
2917	18663
2918	18438
2919	18687
2920	18849
2921	19578
2922	19655
2923	19248
2924	19271
2925	19312
2926	19463
2927	18739
2928	18626
2929	18890
2930	19604
2931	19752
2932	19221
2933	18783
2934	18488
2935	18795
2936	19141
2937	19047
2938	18889
2939	19075
2940	18860
2941	18801
2942	18029
2943	17728
2944	17085
2945	17073
2946	16897
2947	16383
2948	16407
2949	16739
2950	17186
2951	17548
2952	17370
2953	17056
2954	17266
2955	17241
2956	17411
2957	16780
2958	16263
2959	15704
2960	15460
2961	15601
2962	15718
2963	16363
2964	16341
2965	16115
2966	15978
2967	16336
2968	16322
2969	16388
2970	16197
2971	16330
2972	16431
2973	16349
2974	16167
2975	15655
2976	15371
2977	15103
2978	15366
2979	15674
2980	15869
2981	16088
2982	15743
2983	15114
2984	14896
2985	15065
2986	15316
2987	15540
2988	15470
2989	15521
2990	15695
2991	15735
2992	16138
2993	16135
2994	16255
2995	16266
2996	15909
2997	15487
2998	15696
2999	16287
3000	16846
3001	16620
3002	16105
3003	15968
3004	15753
3005	15392
3006	15389
3007	15539
3008	16162
3009	15828
3010	15339
3011	15078
3012	14982
3013	15583
3014	15692
3015	15491
3016	15475
3017	15025
3018	12999
3019	12440
3020	12430
3021	13996
3022	14208
3023	13837
3024	14114
3025	14280
3026	14329
3027	14479
3028	14542
3029	14512
3030	13923
3031	13702
3032	13507
3033	13479
3034	13483
3035	13647
3036	13809
3037	13907
3038	14082
3039	14271
3040	14338
3041	13795
3042	13803
3043	13838
3044	13925
3045	13856
3046	13783
3047	14090
3048	14163
3049	14290
3050	14355
3051	14377
3052	14399
3053	14038
3054	13930
3055	13298
3056	13380
3057	13631
3058	14080
3059	14188
3060	13861
3061	13916
3062	13901
3063	13642
3064	13503
3065	13178
3066	13246
3067	13415
3068	13610
3069	13418
3070	12949
3071	12551
3072	12747
3073	12994
3074	13484
3075	13368
3076	13298
3077	13093
3078	13409
3079	13801
3080	14195
3081	14124
3082	14262
3083	14068
3084	13811
3085	13522
3086	13154
3087	13399
3088	13575
3089	14173
3090	13810
3091	13159
3092	13177
3093	13412
3094	13981
3095	13612
3096	13575
3097	13562
3098	13794
3099	14024
3100	13982
3101	14255
3102	13470
3103	13703
3104	13253
3105	13355
3106	13083
3107	13605
3108	13414
3109	13709
3110	13903
3111	14096
3112	13982
3113	13761
3114	13562
3115	13124
3116	12833
3117	12596
3118	12306
3119	11791
3120	11522
3121	12064
3122	12819
3123	13519
3124	12988
3125	12883
3126	12708
3127	13183
3128	13460
3129	13660
3130	13346
3131	13058
3132	12752
3133	12826
3134	12818
3135	13136
3136	13173
3137	13316
3138	13163
3139	13242
3140	13098
3141	13006
3142	13056
3143	13026
3144	13231
3145	12782
3146	11520
3147	11050
3148	10726
3149	11586
3150	11780
3151	12057
3152	11972
3153	12170
3154	12341
3155	12207
3156	12342
3157	12409
3158	12548
3159	12305
3160	11907
3161	11720
3162	11491
3163	11170
3164	11073
3165	10493
3166	10617
3167	10791
3168	11307
3169	11240
3170	10640
3171	10458
3172	10449
3173	10883
3174	11185
3175	11135
3176	10907
3177	11012
3178	10971
3179	11176
3180	11180
3181	11312
3182	11238
3183	10909
3184	10882
3185	10788
3186	10765
3187	10457
3188	10443
3189	10625
3190	10583
3191	10359
3192	10169
3193	10540
3194	10931
3195	10549
3196	9954
3197	9814
3198	10190
3199	10463
3200	10640
3201	10757
3202	10234
3203	9781
3204	9229
3205	9443
3206	9152
3207	9198
3208	8594
3209	8194
3210	7676
3211	7712
3212	7671
3213	7942
3214	7438
3215	7492
3216	7612
3217	8251
3218	8167
3219	7977
3220	7683
3221	7674
3222	7494
3223	7575
3224	7003
3225	6316
3226	4659
3227	4711
3228	4847
3229	4936
3230	4975
3231	5005
3232	5084
3233	5099
3234	5035
3235	4854
3236	4768
3237	4848
3238	4925
3239	5032
3240	5114
3241	5284
3242	5304
3243	5191
3244	5342
3245	5509
3246	5796
3247	6265
3248	6298
3249	6280
3250	6327
3251	6408
3252	6622
3253	6668
3254	6785
3255	6701
3256	6728
3257	7372
3258	7665
3259	7898
3260	7759
3261	7665
3262	7484
3263	7750
3264	8026
3265	8469
3266	8484
3267	8323
3268	8222
3269	8124
3270	8455
3271	8637
3272	8916
3273	8924
3274	8793
3275	8675
3276	8432
3277	8547
3278	8475
3279	8706
3280	8675
3281	8574
3282	8303
3283	8095
3284	8310
3285	8604
3286	8908
3287	9300
3288	9259
3289	9410
3290	9473
3291	9560
3292	9794
3293	10021
3294	10119
3295	10371
3296	10370
3297	10548
3298	10615
3299	10691
3300	10847
3301	10575
3302	10357
3303	10477
3304	10677
3305	10770
3306	10931
3307	10996
3308	11058
3309	10856
3310	11085
3311	11473
3312	11702
3313	11829
3314	12261
3315	12760
3316	13283
3317	15574
3318	17576
3319	17382
3320	17832
3321	21012
3322	24978
3323	26723
3324	27813
3325	28311
3326	28983
3327	29091
3328	29133
3329	28939
3330	31727
3331	32029
3332	32596
3333	33057
3334	32848
3335	33599
3336	33608
3337	33356
3338	33089
3339	32880
3340	33071
3341	33453
3342	34544
3343	36463
3344	38070
3345	38010
3346	38979
3347	39021
3348	39325
3349	39238
3350	39854
3351	39828
3352	40079
3353	41261
3354	41849
3355	40999
3356	41659
3357	40606
3358	41791
3359	42172
3360	45386
3361	46729
3362	46599
3363	46925
3364	47964
3365	49005
3366	48072
3367	47244
3368	46910
3369	47601
3370	48332
3371	48943
3372	50646
3373	50096
3374	49587
3375	49270
3376	47587
3377	47898
3378	48140
3379	49716
3380	52210
3381	55510
3382	57571
3383	56949
3384	56710
3385	56740
3386	58679
3387	58025
3388	59585
3389	59487
3390	58406
3391	54415
3392	53432
3393	55182
3394	59146
3395	61981
3396	62358
3397	62489
3398	63295
3399	62276
3400	63234
3401	62884
3402	62905
3403	64255
3404	65266
3405	66173
3406	64298
3407	63318
3408	63654
3409	63635
3410	61329
3411	59200
3412	56165
3413	57253
3414	58942
3415	63490
3416	65763
3417	62542
3418	54933
3419	54815
3420	58290
3421	67270
3422	67287
3423	68281
3424	68264
3425	68248
3426	67842
3427	69782
3428	66847
3429	66508
3430	67566
3431	69648
3432	70673
3433	69476
3434	71333
3435	69970
3436	67199
3437	64853
3438	64896
3439	68480
3440	71873
3441	72162
3442	72522
3443	72702
3444	74408
3445	72351
3446	69644
3447	69267
3448	71474
3449	75411
3450	75944
3451	74967
3452	74969
3453	73167
3454	73283
3455	73509
3456	74032
3457	66595
3458	66082
3459	66060
3460	71943
3461	72725
3462	75373
3463	77715
3464	77154
3465	75297
3466	72262
3467	70840
3468	72305
3469	77397
3470	76933
3471	78065
3472	77666
3473	78793
3474	78049
3475	76298
3476	76792
3477	78449
3478	78865
3479	76772
3480	74078
3481	72540
3482	71250
3483	70703
3484	71828
3485	73227
3486	76770
3487	80642
3488	82913
3489	81744
3490	78588
3491	76196
3492	74962
3493	76254
3494	79818
3495	77338
3496	77624
3497	77106
3498	80769
3499	84307
3500	83769
3501	84234
3502	83238
3503	85325
3504	84848
3505	84130
3506	83592
3507	83994
3508	85059
3509	84946
3510	83787
3511	83144
3512	80636
3513	82246
3514	83475
3515	86419
3516	88179
3517	88405
3518	88902
3519	86800
3520	86411
3521	85986
3522	82929
3523	83000
3524	82978
3525	81494
3526	79905
3527	79219
3528	83143
3529	85626
3530	81765
3531	76057
3532	74981
3533	77024
3534	85747
3535	88806
3536	90052
3537	84774
3538	82161
3539	81753
3540	85578
3541	87547
3542	89166
3543	88337
3544	86496
3545	84336
3546	85156
3547	85767
3548	85752
3549	82545
3550	81888
3551	81578
3552	84911
3553	88186
3554	89679
3555	89806
3556	90833
3557	89771
3558	90350
3559	90767
3560	92124
3561	95686
3562	92741
3563	88310
3564	81294
3565	80284
3566	80538
3567	83730
3568	85021
3569	85521
3570	87275
3571	85295
3572	85181
3573	84081
3574	85922
3575	89222
3576	84407
3577	87521
3578	83036
3579	85376
3580	84284
3581	92165
3582	87090
3583	83131
3584	80987
3585	81858
3586	88161
3587	89445
3588	90719
3589	90173
3590	89810
3591	88606
3592	85401
3593	88819
3594	90577
3595	89881
3596	88148
3597	96991
3598	101897
3599	104933
3600	102823
3601	96227
3602	93629
3603	94124
3604	100271
3605	102793
3606	101553
3607	90563
3608	85624
3609	86914
3610	94438
3611	91110
3612	91074
3613	92940
3614	102717
3615	109426
3616	110331
3617	113534
3618	110850
3619	110322
3620	108717
3621	108375
3622	109929
3623	104615
3624	88723
3625	85243
3626	87847
3627	98726
3628	101722
3629	100923
3630	105682
3631	108230
3632	111091
3633	108805
3634	104562
3635	99774
3636	98861
3637	103915
3638	106817
3639	102393
3640	97707
3641	97298
3642	97509
3643	98558
3644	98097
3645	102978
3646	105383
3647	108130
3648	108470
3649	110197
3650	110840
3651	109570
3652	109516
3653	105542
3654	106684
3655	109327
3656	112104
3657	114082
3658	113097
3659	111261
3660	111609
3661	112256
3662	116055
3663	115899
3664	115188
3665	114468
3666	114424
3667	117784
3668	115942
3669	114922
3670	114160
3671	117953
3672	123603
3673	126599
3674	130113
3675	128140
3676	126358
3677	124271
3678	127758
3679	129851
3680	132866
3681	131705
3682	129344
3683	126755
3684	128924
3685	131124
3686	132425
3687	128362
3688	123747
3689	122800
3690	124833
3691	130587
3692	133650
3693	131843
3694	126800
3695	128653
3696	134274
3697	136345
3698	134624
3699	134738
3700	136726
3701	137579
3702	138960
3703	141281
3704	141483
3705	142176
3706	141316
3707	137294
3708	137094
3709	136489
3710	141067
3711	142887
3712	143254
3713	142929
3714	139707
3715	137594
3716	134993
3717	137346
3718	138442
3719	138403
3720	132901
3721	134107
3722	140098
3723	146548
3724	147668
3725	144280
3726	149642
3727	149453
3728	154486
3729	155079
3730	158073
3731	158630
3732	156374
3733	155823
3734	154347
3735	152445
3736	151607
3737	151018
3738	154365
3739	153411
3740	149395
3741	148407
3742	150603
3743	156966
3744	155125
3745	148413
3746	144145
3747	147684
3748	153518
3749	154000
3750	155627
3751	157090
3752	160028
3753	158331
3754	161789
3755	160819
3756	160606
3757	159171
3758	160044
3759	163264
3760	160413
3761	161316
3762	159890
3763	160223
3764	158980
3765	161745
3766	164959
3767	165500
3768	162006
3769	164042
3770	166470
3771	169858
3772	168865
3773	169047
3774	168957
3775	166335
3776	162570
3777	159924
3778	154418
3779	154508
3780	154080
3781	158336
3782	154906
3783	157914
3784	162680
3785	174485
3786	172690
3787	164527
3788	159239
3789	158214
3790	164429
3791	166678
3792	169792
3793	164829
3794	165597
3795	161599
3796	161785
3797	157164
3798	158904
3799	161213
3800	167285
3801	169999
3802	169289
3803	167579
3804	170410
3805	171882
3806	175000
3807	176800
3808	176275
3809	178359
3810	179748
3811	184462
3812	185865
3813	183671
3814	181057
3815	179305
3816	181224
3817	182703
3818	179085
3819	179185
3820	185229
3821	188414
3822	195347
3823	191275
3824	191243
3825	189044
3826	192586
3827	194574
3828	192692
3829	192931
3830	188952
3831	189692
3832	190535
3833	191516
3834	187931
3835	185752
3836	188304
3837	195957
3838	196508
3839	200039
3840	200118
3841	200399
3842	190040
3843	185985
3844	181023
3845	187934
3846	193703
3847	202049
3848	202645
3849	189778
3850	182709
3851	181472
3852	189038
3853	197415
3854	198679
3855	200406
3856	201295
3857	202128
3858	204479
3859	201312
3860	204013
3861	202666
3862	208069
3863	210315
3864	211160
3865	210306
3866	205769
3867	205103
3868	200581
3869	203212
3870	203097
3871	206422
3872	203840
3873	200832
3874	202989
3875	203236
3876	201567
3877	199980
3878	201326
3879	204530
3880	200917
3881	194741
3882	194490
3883	195024
3884	199371
3885	207587
3886	212703
3887	212955
3888	212327
3889	213238
3890	211564
3891	209652
3892	209295
3893	209921
3894	209397
3895	206142
3896	204471
3897	208586
3898	215017
3899	218388
3900	210007
3901	198020
3902	195048
3903	198087
3904	210489
3905	216274
3906	216377
3907	210160
3908	208153
3909	207826
3910	211806
3911	214976
3912	214427
3913	213261
3914	210422
3915	211694
3916	210638
3917	213242
3918	213476
3919	215115
3920	219480
3921	223711
3922	225463
3923	222315
3924	223004
3925	228391
3926	234964
3927	232719
3928	226236
3929	220594
3930	222542
3931	226168
3932	230453
3933	229360
3934	221082
3935	217157
3936	220424
3937	227743
3938	230344
3939	232487
3940	231156
3941	232384
3942	231071
3943	238206
3944	236235
3945	239333
3946	233479
3947	234605
3948	236054
3949	237362
3950	238751
3951	236449
3952	231436
3953	226942
3954	224628
3955	232158
3956	232097
3957	235859
3958	225848
3959	224770
3960	226758
3961	234740
3962	227690
3963	227427
3964	230715
3965	239803
3966	230422
3967	222735
3968	214820
3969	214607
3970	220339
3971	230403
3972	235359
3973	232789
3974	228409
3975	231260
3976	232136
3977	237471
3978	234445
3979	233485
3980	233272
3981	221535
3982	212988
3983	209254
3984	213700
3985	216013
3986	219811
3987	222707
3988	226576
3989	227317
3990	231940
3991	232869
3992	234661
3993	236166
3994	234353
3995	229491
3996	232621
3997	234543
3998	239403
3999	239997
4000	242421
4001	243617
4002	243749
4003	247320
4004	247354
4005	246701
4006	247099
4007	247671
4008	246382
4009	240663
4010	237247
4011	232283
4012	227466
4013	220117
4014	219843
4015	225599
4016	234870
4017	239620
4018	232737
4019	231689
4020	231606
4021	236351
4022	241232
4023	240430
4024	243488
4025	241405
4026	241012
4027	239519
4028	232538
4029	235825
4030	237410
4031	228494
4032	223754
4033	222734
4034	234368
4035	233601
4036	224479
4037	218905
4038	218403
4039	223305
4040	228841
4041	231355
4042	231160
4043	231896
4044	236537
4045	238006
4046	238356
4047	234831
4048	230278
4049	227509
4050	221567
4051	226185
4052	223716
4053	228631
4054	227815
4055	226806
4056	229118
4057	223267
4058	217361
4059	209850
4060	210770
4061	215131
4062	220763
4063	217454
4064	209359
4065	209214
4066	214517
4067	216178
4068	221094
4069	219922
4070	223779
4071	215894
4072	215213
4073	212101
4074	211453
4075	212209
4076	212202
4077	215825
4078	217915
4079	217264
4080	215773
4081	216570
4082	220043
4083	213758
4084	210767
4085	206478
4086	209581
4087	204382
4088	204359
4089	204900
4090	208735
4091	201512
4092	189162
4093	185431
4094	184418
4095	189163
4096	193338
4097	192098
4098	191153
4099	189158
4100	191809
4101	190982
4102	192408
4103	199024
4104	197420
4105	191098
4106	180847
4107	183492
4108	180261
4109	177083
4110	172933
4111	179104
4112	183507
4113	190602
4114	188621
4115	188461
4116	188162
4117	190124
4118	196023
4119	197628
4120	193020
4121	192960
4122	188041
4123	189320
4124	185979
4125	185744
4126	183871
4127	185935
4128	185678
4129	187337
4130	187407
4131	185170
4132	186072
4133	183657
4134	189388
4135	182355
4136	177630
4137	166495
4138	162803
4139	155922
4140	156657
4141	159472
4142	166726
4143	169115
4144	169705
4145	163043
4146	162539
4147	158968
4148	162974
4149	160684
4150	161120
4151	164478
4152	157542
4153	158779
4154	154035
4155	155271
4156	159486
4157	162203
4158	158261
4159	155555
4160	158399
4161	164470
4162	166176
4163	164522
4164	161057
4165	152419
4166	144772
4167	137738
4168	136280
4169	133582
4170	132695
4171	133101
4172	142472
4173	152644
4174	147114
4175	147832
4176	146933
4177	150679
4178	149795
4179	148151
4180	142391
4181	135585
4182	135317
4183	138787
4184	133396
4185	126505
4186	126947
4187	133306
4188	132308
4189	126758
4190	125699
4191	128650
4192	128859
4193	129020
4194	130456
4195	121925
4196	110410
4197	104049
4198	106783
4199	117628
4200	121624
4201	117614
4202	109094
4203	113573
4204	115097
4205	115974
4206	111248
4207	111002
4208	114097
4209	120430
4210	120894
4211	118899
4212	120353
4213	114859
4214	115069
4215	113873
4216	117491
4217	118720
4218	111265
4219	108470
4220	103577
4221	105727
4222	100183
4223	101530
4224	102838
4225	110807
4226	107188
4227	100513
4228	88969
4229	88798
4230	90547
4231	100808
4232	104730
4233	103178
4234	101961
4235	101068
4236	101305
4237	101016
4238	92760
4239	92695
4240	82106
4241	84395
4242	83973
4243	89831
4244	89984
4245	85425
4246	87387
4247	87001
4248	79928
4249	73287
4250	65751
4251	62974
4252	43616
4253	35126
4254	36449
4255	37809
4256	37340
4257	33599
4258	29518
4259	19700
4260	18096
4261	18958
4262	20164
4263	12910
4264	11082
4265	10847
4266	11097
4267	10979
4268	10907
4269	11027
4270	10650
4271	10667
4272	10149
4273	10429
4274	10561
4275	10845
4276	10844
4277	11171
4278	11425
4279	11424
4280	11403
4281	11043
4282	10973
4283	10799
4284	11193
4285	11228
4286	11447
4287	11299
4288	11736
4289	11748
4290	12302
4291	12169
4292	12168
4293	12170
4294	12393
4295	12277
4296	12231
4297	11976
4298	12542
4299	12644
4300	13319
4301	13330
4302	13297
4303	13253
4304	13300
4305	13338
4306	13392
4307	13158
4308	12761
4309	12581
4310	12313
4311	12461
4312	12700
4313	13236
4314	13765
4315	13493
4316	12726
4317	12172
4318	11733
4319	11673
4320	11474
4321	11536
4322	11644
4323	12414
4324	12759
4325	12651
4326	12588
4327	12649
4328	12471
4329	12613
4330	12679
4331	12632
4332	12083
4333	11825
4334	11852
4335	12432
4336	12676
4337	13101
4338	13488
4339	13796
4340	13581
4341	13709
4342	13924
4343	14576
4344	14729
4345	15466
4346	14867
4347	14670
4348	14483
4349	14801
4350	15296
4351	15424
4352	15780
4353	15535
4354	15576
4355	15878
4356	16104
4357	16713
4358	16378
4359	16092
4360	15704
4361	15731
4362	15915
4363	15710
4364	16103
4365	16877
4366	17695
4367	17926
4368	17710
4369	17697
4370	17882
4371	17656
4372	17787
4373	17646
4374	17962
4375	17729
4376	17699
4377	17543
4378	17230
4379	17243
4380	17091
4381	17494
4382	17694
4383	18232
4384	18692
4385	18998
4386	18740
4387	18730
4388	18616
4389	18286
4390	17910
4391	17343
4392	17155
4393	17214
4394	17142
4395	17348
4396	17090
4397	17186
4398	17409
4399	17835
4400	17715
4401	17444
4402	17023
4403	17151
4404	17345
4405	17398
4406	17270
4407	16807
4408	16635
4409	16717
4410	17177
4411	17387
4412	19181
4413	19304
4414	19996
4415	22047
4416	21966
4417	22137
4418	22275
4419	23494
4420	23080
4421	22892
4422	23435
4423	24017
4424	24646
4425	24231
4426	24050
4427	23169
4428	22452
4429	22336
4430	23749
4431	24833
4432	25742
4433	26000
4434	25829
4435	25621
4436	25471
4437	25656
4438	26196
4439	27666
4440	27869
4441	28189
4442	28672
4443	28832
4444	28716
4445	28886
4446	30194
4447	30322
4448	30373
4449	29727
4450	29154
4451	29406
4452	30649
4453	31405
4454	31120
4455	30329
4456	29634
4457	29912
4458	30242
4459	30870
4460	30343
4461	30049
4462	29947
4463	29741
4464	29828
4465	30126
4466	30472
4467	31264
4468	31543
4469	32827
4470	32382
4471	32549
4472	32928
4473	32534
4474	32182
4475	31543
4476	31853
4477	32047
4478	32941
4479	33780
4480	33894
4481	33105
4482	35180
4483	36883
4484	39302
4485	43667
4486	43470
4487	43963
4488	52327
4489	72508
4490	73576
4491	74935
4492	74355
4493	76013
4494	82099
4495	81435
4496	85552
4497	86274
4498	90076
4499	92331
4500	91590
4501	94734
4502	94627
4503	94429
4504	93305
4505	94891
4506	97338
4507	97796
4508	100234
4509	101593
4510	103976
4511	103110
4512	101155
4513	99975
4514	98817
4515	100472
4516	100701
4517	103327
4518	106217
4519	108772
4520	109004
4521	113845
4522	114892
4523	117580
4524	117186
4525	115878
4526	119385
4527	119750
4528	123059
4529	119277
4530	118630
4531	119420
4532	121253
4533	124177
4534	125604
4535	124076
4536	121474
4537	119683
4538	125151
4539	127188
4540	127650
4541	126501
4542	126892
4543	128911
4544	132634
4545	134379
4546	133744
4547	132668
4548	133449
4549	138018
4550	141361
4551	142290
4552	142636
4553	141443
4554	138795
4555	138477
4556	140643
4557	141778
4558	137102
4559	135247
4560	134873
4561	139007
4562	138346
4563	136613
4564	131136
4565	133647
4566	138870
4567	149108
4568	148712
4569	146905
4570	148377
4571	149915
4572	152187
4573	155119
4574	158499
4575	158356
4576	156393
4577	156781
4578	157403
4579	157504
4580	155603
4581	158199
4582	159261
4583	158298
4584	153802
4585	155410
4586	160859
4587	166459
4588	166997
4589	166921
4590	165824
4591	165792
4592	164933
4593	166001
4594	164907
4595	163652
4596	163770
4597	164671
4598	166995
4599	169654
4600	169414
4601	168529
4602	164346
4603	163425
4604	169616
4605	176957
4606	180107
4607	178578
4608	178812
4609	179987
4610	181213
4611	180285
4612	181267
4613	180637
4614	177918
4615	173665
4616	171932
4617	177416
4618	179938
4619	183458
4620	179360
4621	176434
4622	177065
4623	180168
4624	185431
4625	186773
4626	190212
4627	190256
4628	184796
4629	181358
4630	179446
4631	174382
4632	175890
4633	179835
4634	185435
4635	183067
4636	181904
4637	179429
4638	176801
4639	176318
4640	180811
4641	183869
4642	181959
4643	179691
4644	180836
4645	181993
4646	183491
4647	184566
4648	183888
4649	186062
4650	186457
4651	189732
4652	189520
4653	188053
4654	182124
4655	183178
4656	184295
4657	185722
4658	181497
4659	180479
4660	183603
4661	180499
4662	180661
4663	181001
4664	180718
4665	182152
4666	179973
4667	186940
4668	183812
4669	187673
4670	189127
4671	195882
4672	195621
4673	190811
4674	189188
4675	179712
4676	180767
4677	184207
4678	193177
4679	195347
4680	196133
4681	196461
4682	197475
4683	196334
4684	196987
4685	191619
4686	186322
4687	185918
4688	191177
4689	196543
4690	188208
4691	187951
4692	189593
4693	192512
4694	197688
4695	196776
4696	198353
4697	197471
4698	194735
4699	196116
4700	196898
4701	203933
4702	207666
4703	207092
4704	209512
4705	205485
4706	201112
4707	199474
4708	197012
4709	202557
4710	197036
4711	198491
4712	194773
4713	194958
4714	191691
4715	195050
4716	202029
4717	208203
4718	212861
4719	209287
4720	207040
4721	201101
4722	189991
4723	193893
4724	199864
4725	217127
4726	221042
4727	216190
4728	205874
4729	205883
4730	212439
4731	222678
4732	225993
4733	221750
4734	216312
4735	217447
4736	219288
4737	216237
4738	210216
4739	210809
4740	217885
4741	217630
4742	214292
4743	219186
4744	219931
4745	222065
4746	215894
4747	211862
4748	213254
4749	213275
4750	218198
4751	214773
4752	214120
4753	214600
4754	214781
4755	220675
4756	223362
4757	222443
4758	221434
4759	221980
4760	223631
4761	223436
4762	219849
4763	222600
4764	224345
4765	227029
4766	219619
4767	213725
4768	207369
4769	198289
4770	197552
4771	196463
4772	210150
4773	221062
4774	223547
4775	214225
4776	210022
4777	207726
4778	214657
4779	219465
4780	221218
4781	224799
4782	223616
4783	220001
4784	213631
4785	221417
4786	227680
4787	230165
4788	219320
4789	214830
4790	216813
4791	225736
4792	226910
4793	218063
4794	211092
4795	207965
4796	210204
4797	214017
4798	211393
4799	214602
4800	221528
4801	230830
4802	229017
4803	226259
4804	220345
4805	225223
4806	228909
4807	230421
4808	232575
4809	229665
4810	223871
4811	214932
4812	210269
4813	213822
4814	212693
4815	219329
4816	226930
4817	233589
4818	224149
4819	221129
4820	219898
4821	221747
4822	224900
4823	228468
4824	232999
4825	224537
4826	226336
4827	229872
4828	236712
4829	229146
4830	216110
4831	213779
4832	211376
4833	217810
4834	215311
4835	214345
4836	216482
4837	223430
4838	227926
4839	234517
4840	230778
4841	220928
4842	219270
4843	218801
4844	227631
4845	222772
4846	227405
4847	225164
4848	219989
4849	214814
4850	210319
4851	217817
4852	220556
4853	219114
4854	217555
4855	220414
4856	224988
4857	226500
4858	228224
4859	226874
4860	227694
4861	224231
4862	226648
4863	226151
4864	224540
4865	225546
4866	221106
4867	214692
4868	212609
4869	222041
4870	227228
4871	226443
4872	223124
4873	219267
4874	215697
4875	219897
4876	226026
4877	216147
4878	202415
4879	193824
4880	198323
4881	200925
4882	206002
4883	209257
4884	217741
4885	215974
4886	218922
4887	218897
4888	228013
4889	224205
4890	225406
4891	221331
4892	226566
4893	227648
4894	231740
4895	231556
4896	227019
4897	217822
4898	216146
4899	223236
4900	230307
4901	227048
4902	222740
4903	217208
4904	222998
4905	219846
4906	225457
4907	216633
4908	212929
4909	209094
4910	214015
4911	222842
4912	228287
4913	225313
4914	229707
4915	232077
4916	236454
4917	229242
4918	223745
4919	221192
4920	228038
4921	232758
4922	238002
4923	208572
4924	198544
4925	197683
4926	217503
4927	226970
4928	230031
4929	234242
4930	226763
4931	226986
4932	226688
4933	233814
4934	233392
4935	226812
4936	225651
4937	221201
4938	226538
4939	222797
4940	230128
4941	227744
4942	233674
4943	228062
4944	231945
4945	223117
4946	230588
4947	232402
4948	239610
4949	237785
4950	218227
4951	218275
4952	218055
4953	233055
4954	233217
4955	234224
4956	234133
4957	238746
4958	230142
4959	225467
4960	225047
4961	229254
4962	225140
4963	220429
4964	221641
4965	227080
4966	225896
4967	228200
4968	229958
4969	232127
4970	228228
4971	228259
4972	231161
4973	232285
4974	227719
4975	227781
4976	228893
4977	238551
4978	245146
4979	241065
4980	234851
4981	225940
4982	229852
4983	234611
4984	238345
4985	230291
4986	219605
4987	208554
4988	214280
4989	221192
4990	229179
4991	221342
4992	218021
4993	220944
4994	226616
4995	216814
4996	221281
4997	224910
4998	230623
4999	227926
5000	223718
5001	225531
5002	223396
5003	228347
5004	231409
5005	242939
5006	225650
5007	218015
5008	215987
5009	229399
5010	228623
5011	223801
5012	221327
5013	212801
5014	212729
5015	211108
5016	221581
5017	228601
5018	224587
5019	225084
5020	224289
5021	223902
5022	216898
5023	205065
5024	205805
5025	201871
5026	213563
5027	215566
5028	220050
5029	224959
5030	218140
5031	209163
5032	206065
5033	211390
5034	214707
5035	216619
5036	214255
5037	217615
5038	219899
5039	221994
5040	221692
5041	223677
5042	220063
5043	214324
5044	214279
5045	213279
5046	214885
5047	210832
5048	207174
5049	210457
5050	209540
5051	209532
5052	204246
5053	199258
5054	204848
5055	205234
5056	209979
5057	203545
5058	199183
5059	190607
5060	184488
5061	184743
5062	190021
5063	197905
5064	202577
5065	197831
5066	192618
5067	195464
5068	196344
5069	193319
5070	182160
5071	175396
5072	174372
5073	179771
5074	184617
5075	181580
5076	184257
5077	185182
5078	193119
5079	189704
5080	187270
5081	187070
5082	191920
5083	192626
5084	189973
5085	181597
5086	183236
5087	186645
5088	195708
5089	196547
5090	199578
5091	199940
5092	200332
5093	198254
5094	199076
5095	199131
5096	199057
5097	200579
5098	189893
5099	186071
5100	187600
5101	196014
5102	198788
5103	189547
5104	189561
5105	190162
5106	190352
5107	190383
5108	189341
5109	186579
5110	182548
5111	177158
5112	180330
5113	180120
5114	186254
5115	188730
5116	182015
5117	178989
5118	181796
5119	189062
5120	189610
5121	185036
5122	183907
5123	185827
5124	187521
5125	187306
5126	190571
5127	187731
5128	185901
5129	188525
5130	195729
5131	203653
5132	198187
5133	190165
5134	183430
5135	187899
5136	184784
5137	189047
5138	188410
5139	192292
5140	189157
5141	186215
5142	186846
5143	192350
5144	193885
5145	196979
5146	193290
5147	186661
5148	183409
5149	180805
5150	186509
5151	190408
5152	197555
5153	199715
5154	199608
5155	200101
5156	201563
5157	203328
5158	203851
5159	207831
5160	199540
5161	200507
5162	200037
5163	198530
5164	195708
5165	191635
5166	192542
5167	189956
5168	195273
5169	198690
5170	198596
5171	197844
5172	195286
5173	198750
5174	202989
5175	208796
5176	198715
5177	192122
5178	191795
5179	205561
5180	213960
5181	209840
5182	210104
5183	214634
5184	212333
5185	208669
5186	202103
5187	207783
5188	212464
5189	215273
5190	209880
5191	205159
5192	198521
5193	188124
5194	188480
5195	195482
5196	208829
5197	215982
5198	209159
5199	209488
5200	208012
5201	204218
5202	202987
5203	200092
5204	206440
5205	198185
5206	200641
5207	191830
5208	191909
5209	185043
5210	188732
5211	192382
5212	194891
5213	195105
5214	195603
5215	197005
5216	202174
5217	194788
5218	191477
5219	187129
5220	192551
5221	201188
5222	205527
5223	189703
5224	181315
5225	181586
5226	186201
5227	188627
5228	188713
5229	198267
5230	194908
5231	192086
5232	185637
5233	189136
5234	187769
5235	192070
5236	189194
5237	192346
5238	192672
5239	196366
5240	189197
5241	183442
5242	186426
5243	191822
5244	183228
5245	181675
5246	178578
5247	191687
5248	193585
5249	190539
5250	192287
5251	190562
5252	185034
5253	182008
5254	185838
5255	191381
5256	189027
5257	179249
5258	179729
5259	183193
5260	183888
5261	175582
5262	172470
5263	180866
5264	184185
5265	188627
5266	190714
5267	198342
5268	198115
5269	192815
5270	191205
5271	191477
5272	195017
5273	186157
5274	182586
5275	181454
5276	189182
5277	190586
5278	189877
5279	190077
5280	190432
5281	192533
5282	195410
5283	194569
5284	192786
5285	190547
5286	189072
5287	187426
5288	190620
5289	190238
5290	190101
5291	187407
5292	174680
5293	164296
5294	162277
5295	168104
5296	179042
5297	181726
5298	182707
5299	182688
5300	181723
5301	181035
5302	176170
5303	171514
5304	165525
5305	167418
5306	168596
5307	170634
5308	168498
5309	169583
5310	175462
5311	176793
5312	177798
5313	178892
5314	181158
5315	158607
5316	150343
5317	149712
5318	164433
5319	167700
5320	164624
5321	164982
5322	170131
5323	169845
5324	167606
5325	162687
5326	151877
5327	149965
5328	147792
5329	147971
5330	148924
5331	147585
5332	158284
5333	161278
5334	153051
5335	143574
5336	137893
5337	142305
5338	147118
5339	153695
5340	158449
5341	156882
5342	161010
5343	169891
5344	168263
5345	169327
5346	163334
5347	162115
5348	152411
5349	155935
5350	158716
5351	161913
5352	144325
5353	139381
5354	136441
5355	148126
5356	157027
5357	162110
5358	160232
5359	154022
5360	158263
5361	154368
5362	156130
5363	151913
5364	142925
5365	143400
5366	140591
5367	145022
5368	141306
5369	139640
5370	145000
5371	150298
5372	151444
5373	153386
5374	150319
5375	150794
5376	149516
5377	149267
5378	145461
5379	143783
5380	141978
5381	141905
5382	138648
5383	129535
5384	120833
5385	110823
5386	115298
5387	121134
5388	137540
5389	138313
5390	137916
5391	128601
5392	129857
5393	130008
5394	134474
5395	130296
5396	124385
5397	124059
5398	121593
5399	114194
5400	114635
5401	118938
5402	123589
5403	123051
5404	122877
5405	121758
5406	122238
5407	122521
5408	123773
5409	121225
5410	118790
5411	118232
5412	112311
5413	110707
5414	108346
5415	112499
5416	109738
5417	109351
5418	106885
5419	111163
5420	109956
5421	111413
5422	108897
5423	110285
5424	108632
5425	111235
5426	109589
5427	109098
5428	108099
5429	109841
5430	108696
5431	100089
5432	94409
5433	88134
5434	91994
5435	92115
5436	93192
5437	84252
5438	77590
5439	79320
5440	84593
5441	95679
5442	98242
5443	89855
5444	86237
5445	84076
5446	83785
5447	77966
5448	70601
5449	72512
5450	77436
5451	86805
5452	85375
5453	82190
5454	82986
5455	83142
5456	86860
5457	86884
5458	84591
5459	80461
5460	74483
5461	69297
5462	67894
5463	69800
5464	78169
5465	81750
5466	73361
5467	70076
5468	68231
5469	73502
5470	70512
5471	68712
5472	68624
5473	68165
5474	69537
5475	68095
5476	63775
5477	60908
5478	60570
5479	65188
5480	66397
5481	58736
5482	57076
5483	60670
5484	66030
5485	57939
5486	55149
5487	47833
5488	42370
5489	35749
5490	29952
5491	12711
5492	10320
5493	11272
5494	11269
5495	11094
5496	10730
5497	10119
5498	9342
5499	9055
5500	9184
5501	9548
5502	9049
5503	8303
5504	7990
5505	7955
5506	7538
5507	7473
5508	7421
5509	7649
5510	7573
5511	7556
5512	7308
5513	7357
5514	7296
5515	7443
5516	7382
5517	7385
5518	7540
5519	7646
5520	7335
5521	6990
5522	7073
5523	7296
5524	7717
5525	7875
5526	7819
5527	7950
5528	8108
5529	8234
5530	8526
5531	8430
5532	8692
5533	8335
5534	8810
5535	9442
5536	10064
5537	10359
5538	10631
5539	10361
5540	10373
5541	10678
5542	11305
5543	11811
5544	11961
5545	12132
5546	12175
5547	12096
5548	11638
5549	11288
5550	11402
5551	11654
5552	11801
5553	11952
5554	12206
5555	12004
5556	12323
5557	12343
5558	12534
5559	12533
5560	12443
5561	12629
5562	12536
5563	12852
5564	12852
5565	12920
5566	13022
5567	13071
5568	13158
5569	13614
5570	13800
5571	14298
5572	14367
5573	14229
5574	14219
5575	14360
5576	14263
5577	14421
5578	14293
5579	14587
5580	14465
5581	14376
5582	14242
5583	14401
5584	14325
5585	14160
5586	14345
5587	14607
5588	16377
5589	16526
5590	23129
5591	26639
5592	29131
5593	69641
5594	95408
5595	131357
5596	141317
5597	146341
5598	150220
5599	148903
5600	150910
5601	173735
5602	175944
5603	182051
5604	184967
5605	186635
5606	192311
5607	194912
5608	199337
5609	197974
5610	195527
5611	198346
5612	202133
5613	206026
5614	212253
5615	212983
5616	224895
5617	240453
5618	246631
5619	238872
5620	238063
5621	239609
5622	267651
5623	272615
5624	278519
5625	289229
5626	284901
5627	284359
5628	284179
5629	293551
5630	292918
5631	292012
5632	293111
5633	298665
5634	306045
5635	318810
5636	319820
5637	325834
5638	326868
5639	325432
5640	322539
5641	323024
5642	324813
5643	315333
5644	312257
5645	309380
5646	323830
5647	329657
5648	327995
5649	320166
5650	311187
5651	314562
5652	322997
5653	334786
5654	340712
5655	345519
5656	342560
5657	344546
5658	343147
5659	336710
5660	330072
5661	326699
5662	332330
5663	343672
5664	345070
5665	343438
5666	345716
5667	338114
5668	334831
5669	330765
5670	347790
5671	369823
5672	380341
5673	389862
5674	377050
5675	367361
5676	362933
5677	373039
5678	384119
5679	391328
5680	396358
5681	400504
5682	392225
5683	385597
5684	383702
5685	393976
5686	401468
5687	407637
5688	407041
5689	412591
5690	401225
5691	398574
5692	398404
5693	409337
5694	410718
5695	408311
5696	411610
5697	406438
5698	403855
5699	406526
5700	418024
5701	423060
5702	411909
5703	403761
5704	404349
5705	409753
5706	414522
5707	416933
5708	421237
5709	427930
5710	424700
5711	417111
5712	414588
5713	423373
5714	422869
5715	423785
5716	421796
5717	421900
5718	398418
5719	393251
5720	393719
5721	414868
5722	420221
5723	421203
5724	409899
5725	409396
5726	410676
5727	427595
5728	424609
5729	424186
5730	423496
5731	430333
5732	434369
5733	437630
5734	440095
5735	439833
5736	446348
5737	391670
5738	386735
5739	384175
5740	409572
5741	409142
5742	383912
5743	373387
5744	349166
5745	349325
5746	357873
5747	372112
5748	401115
5749	411671
5750	403689
5751	401425
5752	396872
5753	386841
5754	374786
5755	376810
5756	380846
5757	393818
5758	388849
5759	285737
5760	276537
5761	273940
5762	395453
5763	401293
5764	404201
5765	395395
5766	399856
5767	403437
5768	403564
5769	404639
5770	407177
5771	406145
5772	405381
5773	395007
5774	391562
5775	397692
5776	408974
5777	406093
5778	400508
5779	382092
5780	385664
5781	385109
5782	396564
5783	397947
5784	394139
5785	397231
5786	399248
5787	406962
5788	410692
5789	410515
5790	408421
5791	404639
5792	408769
5793	403595
5794	404945
5795	411162
5796	413006
5797	413333
5798	409782
5799	411245
5800	413875
5801	408353
5802	414070
5803	417373
5804	425274
5805	428794
5806	432925
5807	445002
5808	442276
5809	445821
5810	442663
5811	444530
5812	432047
5813	429192
5814	428188
5815	430136
5816	414173
5817	399344
5818	398699
5819	403785
5820	409795
5821	407900
5822	415145
5823	415027
5824	409402
5825	412670
5826	415572
5827	420707
5828	423633
5829	430800
5830	436463
5831	435114
5832	433883
5833	440594
5834	417498
5835	420222
5836	409098
5837	414414
5838	403157
5839	403073
5840	418331
5841	424425
5842	413096
5843	396565
5844	374546
5845	368268
5846	369057
5847	387615
5848	406590
5849	415818
5850	398420
5851	401338
5852	407038
5853	427524
5854	435438
5855	426681
5856	420861
5857	410453
5858	415150
5859	424218
5860	428360
5861	430370
5862	427482
5863	417957
5864	415336
5865	381578
5866	386513
5867	386602
5868	408384
5869	411643
5870	403267
5871	404472
5872	402162
5873	406098
5874	413075
5875	407694
5876	405246
5877	406539
5878	407935
5879	415385
5880	406325
5881	384275
5882	370458
5883	363153
5884	388052
5885	394343
5886	401221
5887	407098
5888	396286
5889	389641
5890	370305
5891	360130
5892	363553
5893	354398
5894	346205
5895	318085
5896	304930
5897	264040
5898	251340
5899	247586
5900	245988
5901	248034
5902	248005
5903	249908
5904	248372
5905	249036
5906	255011
5907	251068
5908	250507
5909	246633
5910	245828
5911	249543
5912	263286
5913	251653
5914	249521
5915	246956
5916	263776
5917	294440
5918	301157
5919	315946
5920	316760
5921	313960
5922	351066
5923	363322
5924	396430
5925	400732
5926	414897
5927	426381
5928	425881
5929	461396
5930	461963
5931	468528
5932	465169
5933	467707
5934	462731
5935	453693
5936	454242
5937	470175
5938	480355
5939	505568
5940	509551
5941	523182
5942	516036
5943	511590
5944	509832
5945	537645
5946	557003
5947	577423
5948	573741
5949	552348
5950	543291
5951	541996
5952	557387
5953	562892
5954	570079
5955	580821
5956	588858
5957	592202
5958	586218
5959	569498
5960	563967
5961	572504
5962	598044
5963	606594
5964	606997
5965	608062
5966	611919
5967	610532
5968	604200
5969	590979
5970	574100
5971	564691
5972	569986
5973	581993
5974	591548
5975	601115
5976	608781
5977	596183
5978	593293
5979	591273
5980	622381
5981	632764
5982	627611
5983	607561
5984	604528
5985	609625
5986	619420
5987	627385
5988	633685
5989	648669
5990	642240
5991	642104
5992	624313
5993	635611
5994	646808
5995	664593
5996	651558
5997	641554
5998	646042
5999	660600
6000	681264
6001	679715
6002	653444
6003	637689
6004	624061
6005	647870
6006	660782
6007	680675
6008	685816
6009	689807
6010	705756
6011	706486
6012	694738
6013	690713
6014	688902
6015	684830
6016	627115
6017	621545
6018	612612
6019	663376
6020	664655
6021	644697
6022	645363
6023	647865
6024	686362
6025	694635
6026	698515
6027	693178
6028	672067
6029	678356
6030	677962
6031	698962
6032	690822
6033	704937
6034	701918
6035	712219
6036	696167
6037	694615
6038	695583
6039	682201
6040	684356
6041	691324
6042	728859
6043	739928
6044	738901
6045	743801
6046	742781
6047	740003
6048	726980
6049	718243
6050	711249
6051	697108
6052	703647
6053	714695
6054	710393
6055	708749
6056	709582
6057	746917
6058	758222
6059	754567
6060	746448
6061	736976
6062	752383
6063	761029
6064	773829
6065	766903
6066	749512
6067	745442
6068	733284
6069	730351
6070	744258
6071	747875
6072	752189
6073	737884
6074	737243
6075	723849
6076	723905
6077	732204
6078	739265
6079	732173
6080	706373
6081	678799
6082	654219
6083	670158
6084	686333
6085	719711
6086	709242
6087	707132
6088	692920
6089	703727
6090	713447
6091	734505
6092	738159
6093	741879
6094	737520
6095	737847
6096	738463
6097	741702
6098	738211
6099	733660
6100	716141
6101	744509
6102	746393
6103	743517
6104	752380
6105	753126
6106	769540
6107	767400
6108	770252
6109	784994
6110	762411
6111	764185
6112	760144
6113	767974
6114	765787
6115	743155
6116	731294
6117	695120
6118	702207
6119	711281
6120	745546
6121	756288
6122	761629
6123	776285
6124	787522
6125	777161
6126	766267
6127	741160
6128	738802
6129	719265
6130	732715
6131	725931
6132	699351
6133	670602
6134	669057
6135	685853
6136	727211
6137	734000
6138	727532
6139	725949
6140	737059
6141	741989
6142	741058
6143	750967
6144	774420
6145	765592
6146	748465
6147	761834
6148	790487
6149	793433
6150	768639
6151	748399
6152	746498
6153	743542
6154	745421
6155	748221
6156	758799
6157	778474
6158	782857
6159	779618
6160	782540
6161	780575
6162	768652
6163	755985
6164	750200
6165	736961
6166	737351
6167	711176
6168	695125
6169	680436
6170	704490
6171	719324
6172	743877
6173	745143
6174	762764
6175	768564
6176	777815
6177	780965
6178	779454
6179	767241
6180	763147
6181	749013
6182	734914
6183	723192
6184	723616
6185	732369
6186	741493
6187	730223
6188	732620
6189	710560
6190	715591
6191	717250
6192	749311
6193	755106
6194	769024
6195	752378
6196	750757
6197	750720
6198	758239
6199	760391
6200	748477
6201	760587
6202	768699
6203	766460
6204	732111
6205	703977
6206	707229
6207	728159
6208	740730
6209	755347
6210	744996
6211	728020
6212	702763
6213	691585
6214	710496
6215	729174
6216	735626
6217	733893
6218	704762
6219	664370
6220	655127
6221	640982
6222	630243
6223	609597
6224	610738
6225	619406
6226	629732
6227	616476
6228	634568
6229	612835
6230	613762
6231	609654
6232	623105
6233	623894
6234	613202
6235	602804
6236	604987
6237	604652
6238	609488
6239	601827
6240	587883
6241	591308
6242	581958
6243	581565
6244	568047
6245	586504
6246	580733
6247	605564
6248	603431
6249	604951
6250	605101
6251	596690
6252	611703
6253	606809
6254	626701
6255	623129
6256	619982
6257	613105
6258	598447
6259	595569
6260	599616
6261	461437
6262	464274
6263	473408
6264	615595
6265	586897
6266	586147
6267	584057
6268	616901
6269	624316
6270	640425
6271	620612
6272	616594
6273	623357
6274	654861
6275	658417
6276	659365
6277	635562
6278	650538
6279	658539
6280	655135
6281	635532
6282	635245
6283	662052
6284	659052
6285	655485
6286	643040
6287	655336
6288	639019
6289	634102
6290	601704
6291	611611
6292	608718
6293	605805
6294	594043
6295	595131
6296	607771
6297	634943
6298	647592
6299	627334
6300	614813
6301	625558
6302	638273
6303	650018
6304	637768
6305	612111
6306	606649
6307	616335
6308	654110
6309	663344
6310	660785
6311	659957
6312	646654
6313	631601
6314	635192
6315	619465
6316	628848
6317	607462
6318	626020
6319	630480
6320	638569
6321	629399
6322	595691
6323	568039
6324	556261
6325	583820
6326	613404
6327	617429
6328	622015
6329	617467
6330	636236
6331	642317
6332	631893
6333	601394
6334	591328
6335	593625
6336	622485
6337	636377
6338	625628
6339	602141
6340	583329
6341	581701
6342	597830
6343	588389
6344	601723
6345	607147
6346	612408
6347	616389
6348	590498
6349	588264
6350	582643
6351	612281
6352	614704
6353	610034
6354	582682
6355	569792
6356	557280
6357	567367
6358	584298
6359	585536
6360	576542
6361	573226
6362	578957
6363	582249
6364	571016
6365	569181
6366	569306
6367	558944
6368	578310
6369	576586
6370	594731
6371	602018
6372	607195
6373	625931
6374	617819
6375	639939
6376	611958
6377	618833
6378	624131
6379	643729
6380	603399
6381	573459
6382	548725
6383	547562
6384	537577
6385	556157
6386	578644
6387	611300
6388	613816
6389	633103
6390	635466
6391	644618
6392	649723
6393	667394
6394	666204
6395	658669
6396	651934
6397	638620
6398	637962
6399	628514
6400	638375
6401	632300
6402	636245
6403	632808
6404	637900
6405	639671
6406	638065
6407	651969
6408	653875
6409	642573
6410	645034
6411	646641
6412	654686
6413	657785
6414	667658
6415	671061
6416	672224
6417	661331
6418	633671
6419	607364
6420	574905
6421	565113
6422	550050
6423	559560
6424	579214
6425	608376
6426	589964
6427	585631
6428	593370
6429	625628
6430	630826
6431	622890
6432	605911
6433	580809
6434	598473
6435	616003
6436	653017
6437	655502
6438	653044
6439	638417
6440	644109
6441	657791
6442	608306
6443	594784
6444	581503
6445	618937
6446	606774
6447	584365
6448	579419
6449	591374
6450	612909
6451	641457
6452	657238
6453	662753
6454	656581
6455	630560
6456	623796
6457	615941
6458	642643
6459	637085
6460	622064
6461	610261
6462	593996
6463	612773
6464	598449
6465	611733
6466	597398
6467	606966
6468	626723
6469	661727
6470	665579
6471	654996
6472	648434
6473	665827
6474	669641
6475	686919
6476	663976
6477	647450
6478	639688
6479	642085
6480	647292
6481	626146
6482	639521
6483	649234
6484	668149
6485	668232
6486	661620
6487	665196
6488	664087
6489	669743
6490	649847
6491	647975
6492	644862
6493	656466
6494	668691
6495	648607
6496	645331
6497	638901
6498	649367
6499	643415
6500	634875
6501	635692
6502	637844
6503	638624
6504	636875
6505	616411
6506	632776
6507	642164
6508	668278
6509	637680
6510	621530
6511	624172
6512	649031
6513	654016
6514	654960
6515	659225
6516	640618
6517	629565
6518	635993
6519	666873
6520	653471
6521	662807
6522	658233
6523	685575
6524	688409
6525	705235
6526	693284
6527	672879
6528	679354
6529	686301
6530	688463
6531	691383
6532	696052
6533	702414
6534	694220
6535	704474
6536	686919
6537	666821
6538	639258
6539	660939
6540	670448
6541	693278
6542	700282
6543	702636
6544	694325
6545	696820
6546	727996
6547	749644
6548	762726
6549	744190
6550	746337
6551	726615
6552	724047
6553	728793
6554	727413
6555	729003
6556	721927
6557	733015
6558	758892
6559	761011
6560	765433
6561	764510
6562	772411
6563	722365
6564	675521
6565	666145
6566	667069
6567	688344
6568	691927
6569	699383
6570	708853
6571	703355
6572	704893
6573	711501
6574	728028
6575	738752
6576	749875
6577	749365
6578	749925
6579	763184
6580	763849
6581	762484
6582	713719
6583	703473
6584	708205
6585	732803
6586	740687
6587	748662
6588	780426
6589	807312
6590	791041
6591	803016
6592	799704
6593	823430
6594	798156
6595	756973
6596	753079
6597	761364
6598	772759
6599	768434
6600	736142
6601	725072
6602	715437
6603	734573
6604	763654
6605	789702
6606	789870
6607	770232
6608	790665
6609	773619
6610	785698
6611	776252
6612	790306
6613	809622
6614	819084
6615	825064
6616	805434
6617	769734
6618	735564
6619	734637
6620	747972
6621	754769
6622	749419
6623	731596
6624	738908
6625	756637
6626	774647
6627	776458
6628	764561
6629	755409
6630	769871
6631	773278
6632	805114
6633	820950
6634	831366
6635	822680
6636	823849
6637	834190
6638	822783
6639	831288
6640	836438
6641	851495
6642	843239
6643	803581
6644	787991
6645	792717
6646	809256
6647	800774
6648	784425
6649	784394
6650	788408
6651	755092
6652	737266
6653	751847
6654	776796
6655	756548
6656	752679
6657	748370
6658	801337
6659	801071
6660	834121
6661	851375
6662	852489
6663	845312
6664	816746
6665	844911
6666	822386
6667	810344
6668	804197
6669	820532
6670	856961
6671	865929
6672	867047
6673	875874
6674	871160
6675	876892
6676	868763
6677	860656
6678	840188
6679	851714
6680	880564
6681	898745
6682	880247
6683	877348
6684	859152
6685	854108
6686	841000
6687	816842
6688	806840
6689	773684
6690	771904
6691	785329
6692	800485
6693	816835
6694	815378
6695	834793
6696	844760
6697	846187
6698	822719
6699	809352
6700	797445
6701	795860
6702	798399
6703	824054
6704	858764
6705	882427
6706	898716
6707	900141
6708	867815
6709	842463
6710	845598
6711	865716
6712	877788
6713	881806
6714	884710
6715	899396
6716	880310
6717	861371
6718	851325
6719	863241
6720	887493
6721	889412
6722	867732
6723	847513
6724	837890
6725	870826
6726	890182
6727	879668
6728	843416
6729	796173
6730	809865
6731	837235
6732	885082
6733	864186
6734	857726
6735	856458
6736	882550
6737	879843
6738	871829
6739	884300
6740	881976
6741	874684
6742	878631
6743	897535
6744	872548
6745	847117
6746	840993
6747	863164
6748	852084
6749	849021
6750	872089
6751	912638
6752	903893
6753	856058
6754	837355
6755	830170
6756	849724
6757	876852
6758	892672
6759	889775
6760	860659
6761	866935
6762	878757
6763	901039
6764	915530
6765	910030
6766	885556
6767	852483
6768	841002
6769	841124
6770	860350
6771	838533
6772	832116
6773	822189
6774	835832
6775	855188
6776	866579
6777	884553
6778	883408
6779	885891
6780	886431
6781	903784
6782	900502
6783	887014
6784	881258
6785	872607
6786	884536
6787	885152
6788	887051
6789	860230
6790	849778
6791	849980
6792	871947
6793	888223
6794	877957
6795	860480
6796	835833
6797	857606
6798	870858
6799	896055
6800	895268
6801	884312
6802	869757
6803	867799
6804	887675
6805	878572
6806	874176
6807	853649
6808	848351
6809	837135
6810	840209
6811	848115
6812	878745
6813	880772
6814	873747
6815	873455
6816	877219
6817	878069
6818	833319
6819	823252
6820	802792
6821	797423
6822	798540
6823	810261
6824	771097
6825	765864
6826	748451
6827	813418
6828	806614
6829	805656
6830	823074
6831	857996
6832	869890
6833	864186
6834	862951
6835	850170
6836	866255
6837	863833
6838	864684
6839	835514
6840	816545
6841	819159
6842	833606
6843	833102
6844	800276
6845	782636
6846	781263
6847	788889
6848	775875
6849	773125
6850	747033
6851	746232
6852	731138
6853	732633
6854	726711
6855	710088
6856	606309
6857	626288
6858	673853
6859	805149
6860	778831
6861	792783
6862	787299
6863	817751
6864	831886
6865	844865
6866	851230
6867	757761
6868	737284
6869	742703
6870	818170
6871	784049
6872	770958
6873	763082
6874	810501
6875	802508
6876	796392
6877	809676
6878	785239
6879	811387
6880	787650
6881	818473
6882	822446
6883	802825
6884	808595
6885	799526
6886	825550
6887	802865
6888	799742
6889	796734
6890	811136
6891	797955
6892	788332
6893	791199
6894	809880
6895	826555
6896	834500
6897	857431
6898	855708
6899	868399
6900	882336
6901	877641
6902	875609
6903	864977
6904	857328
6905	852426
6906	842523
6907	870527
6908	870562
6909	865367
6910	857962
6911	853525
6912	864299
6913	855642
6914	861404
6915	859169
6916	848346
6917	828322
6918	834638
6919	823990
6920	861623
6921	866021
6922	840021
6923	805114
6924	760253
6925	749584
6926	750114
6927	788434
6928	821722
6929	826056
6930	789318
6931	758881
6932	764554
6933	786981
6934	801885
6935	813116
6936	820132
6937	802865
6938	826577
6939	848727
6940	891129
6941	864165
6942	859665
6943	858461
6944	885904
6945	884706
6946	863134
6947	836310
6948	809648
6949	795215
6950	799759
6951	820662
6952	842087
6953	841256
6954	834255
6955	796005
6956	803365
6957	794397
6958	790845
6959	778744
6960	804417
6961	853463
6962	828312
6963	798800
6964	812657
6965	843443
6966	825819
6967	809992
6968	771641
6969	802135
6970	824719
6971	861048
6972	875915
6973	865617
6974	868898
6975	876802
6976	897017
6977	889507
6978	874618
6979	874756
6980	882336
6981	867056
6982	849024
6983	857865
6984	892234
6985	899426
6986	895627
6987	888716
6988	883839
6989	874773
6990	889787
6991	915640
6992	915971
6993	869341
6994	855074
6995	868484
6996	887888
6997	887747
6998	878219
6999	884747
7000	886033
7001	893909
7002	902562
7003	903055
7004	915082
7005	888110
7006	888941
7007	858880
7008	839577
7009	840681
7010	818828
7011	849287
7012	832659
7013	852625
7014	852550
7015	859404
7016	878299
7017	873254
7018	874104
7019	849108
7020	857359
7021	875121
7022	886989
7023	886573
7024	874137
7025	850021
7026	822976
7027	805290
7028	811459
7029	831592
7030	826789
7031	823691
7032	841365
7033	832161
7034	829975
7035	826109
7036	846798
7037	834294
7038	838679
7039	863116
7040	835284
7041	833074
7042	802752
7043	804608
7044	814384
7045	835201
7046	847887
7047	832525
7048	839693
7049	833989
7050	850942
7051	854498
7052	851859
7053	820573
7054	805737
7055	796589
7056	799446
7057	809346
7058	830015
7059	856806
7060	846363
7061	846328
7062	839961
7063	858202
7064	851743
7065	810357
7066	804676
7067	796341
7068	845324
7069	851306
7070	867142
7071	878900
7072	894563
7073	881920
7074	855667
7075	836988
7076	830403
7077	798940
7078	751032
7079	747276
7080	766863
7081	825033
7082	824281
7083	838288
7084	852388
7085	858993
7086	857784
7087	838057
7088	845721
7089	839670
7090	831684
7091	799930
7092	797249
7093	813228
7094	799949
7095	784978
7096	767413
7097	776623
7098	811471
7099	847166
7100	875122
7101	863721
7102	851593
7103	847862
7104	849959
7105	875450
7106	859012
7107	817148
7108	794078
7109	805542
7110	807442
7111	830166
7112	813442
7113	811001
7114	795008
7115	820453
7116	845851
7117	870460
7118	850176
7119	808205
7120	788739
7121	800912
7122	841394
7123	853635
7124	805954
7125	778778
7126	760457
7127	810818
7128	825607
7129	837236
7130	771548
7131	726279
7132	726783
7133	751285
7134	804026
7135	802768
7136	779636
7137	783791
7138	744878
7139	763694
7140	764466
7141	812227
7142	838061
7143	850058
7144	850630
7145	843362
7146	818265
7147	833338
7148	830376
7149	865035
7150	843459
7151	850765
7152	855610
7153	863428
7154	858466
7155	849073
7156	843985
7157	836701
7158	827239
7159	818492
7160	790513
7161	744117
7162	725474
7163	739334
7164	767823
7165	802776
7166	822659
7167	807296
7168	807118
7169	781640
7170	819077
7171	827156
7172	837811
7173	794093
7174	797428
7175	820744
7176	857260
7177	833563
7178	833022
7179	832799
7180	810083
7181	756070
7182	752370
7183	770165
7184	817414
7185	803112
7186	798598
7187	797572
7188	792996
7189	795029
7190	816288
7191	825246
7192	854802
7193	838145
7194	842608
7195	824643
7196	818033
7197	767677
7198	748481
7199	745411
7200	785027
7201	811284
7202	832174
7203	787946
7204	811673
7205	801022
7206	819705
7207	821673
7208	808390
7209	826141
7210	817033
7211	807779
7212	789039
7213	795755
7214	806811
7215	798717
7216	782181
7217	790968
7218	802959
7219	845924
7220	855121
7221	862169
7222	860494
7223	858218
7224	856417
7225	856584
7226	826674
7227	799815
7228	798605
7229	824928
7230	846276
7231	841047
7232	815564
7233	790701
7234	798119
7235	795207
7236	806563
7237	821981
7238	823201
7239	849424
7240	852942
7241	872093
7242	877325
7243	870105
7244	867061
7245	850715
7246	838808
7247	825994
7248	847535
7249	856548
7250	864001
7251	857877
7252	855716
7253	840713
7254	832620
7255	834054
7256	842714
7257	861465
7258	831783
7259	817193
7260	816648
7261	851963
7262	876671
7263	850429
7264	842677
7265	841288
7266	819802
7267	835336
7268	824956
7269	846372
7270	830510
7271	805621
7272	757576
7273	737823
7274	736973
7275	771637
7276	789558
7277	803766
7278	819817
7279	828747
7280	839540
7281	827132
7282	838086
7283	845114
7284	824349
7285	823760
7286	796323
7287	815407
7288	794951
7289	799459
7290	772961
7291	760113
7292	719836
7293	703691
7294	695300
7295	704041
7296	710797
7297	709380
7298	725077
7299	725927
7300	726759
7301	731488
7302	737955
7303	744323
7304	742167
7305	743146
7306	744026
7307	745929
7308	736794
7309	732505
7310	743933
7311	752188
7312	733454
7313	731389
7314	735613
7315	731681
7316	721659
7317	714814
7318	722481
7319	736544
7320	733954
7321	718776
7322	683345
7323	670262
7324	664448
7325	660970
7326	639745
7327	632352
7328	645363
7329	671714
7330	691368
7331	670233
7332	659947
7333	655189
7334	656333
7335	669314
7336	665500
7337	669302
7338	664867
7339	641440
7340	629659
7341	623335
7342	636288
7343	658829
7344	658122
7345	649442
7346	636897
7347	628554
7348	617559
7349	621118
7350	636030
7351	667284
7352	686883
7353	676317
7354	697588
7355	698411
7356	721255
7357	734639
7358	737169
7359	758934
7360	756107
7361	718885
7362	696517
7363	659755
7364	657936
7365	617064
7366	610002
7367	612263
7368	611082
7369	627321
7370	640580
7371	705065
7372	714894
7373	707817
7374	660894
7375	620722
7376	592370
7377	621152
7378	649370
7379	680532
7380	677385
7381	678093
7382	694008
7383	685857
7384	682977
7385	664362
7386	676783
7387	684627
7388	708900
7389	695907
7390	704988
7391	690494
7392	667529
7393	653934
7394	653910
7395	648961
7396	631818
7397	601777
7398	597662
7399	586347
7400	569135
7401	583525
7402	584462
7403	600898
7404	563203
7405	554861
7406	574200
7407	594276
7408	595219
7409	580072
7410	574147
7411	603736
7412	596400
7413	608025
7414	602403
7415	607505
7416	605106
7417	585704
7418	577350
7419	585991
7420	614177
7421	601149
7422	579974
7423	540893
7424	530618
7425	475334
7426	465162
7427	461868
7428	496066
7429	507715
7430	524150
7431	513176
7432	511540
7433	508343
7434	517239
7435	525864
7436	527375
7437	519623
7438	503250
7439	497396
7440	468494
7441	481841
7442	489671
7443	499479
7444	476463
7445	458882
7446	477751
7447	485291
7448	489806
7449	484020
7450	481834
7451	484986
7452	476521
7453	466626
7454	462244
7455	469134
7456	466487
7457	450344
7458	445839
7459	440617
7460	356617
7461	348571
7462	351263
7463	438502
7464	425293
7465	415601
7466	377453
7467	374164
7468	356550
7469	344098
7470	351046
7471	368837
7472	419634
7473	425550
7474	405024
7475	382351
7476	381868
7477	388963
7478	397571
7479	387725
7480	384231
7481	369292
7482	371155
7483	378597
7484	410508
7485	397111
7486	362330
7487	359886
7488	362859
7489	365115
7490	351186
7491	321017
7492	312528
7493	313945
7494	323901
7495	359048
7496	342300
7497	298287
7498	270613
7499	257300
7500	240103
7501	226966
7502	214538
7503	184218
7504	174643
7505	122373
7506	82332
7507	73478
7508	18329
7509	18794
7510	18878
7511	19092
7512	18927
7513	18656
7514	18342
7515	17778
7516	17898
7517	17587
7518	17466
7519	16425
7520	15623
7521	15393
7522	15859
7523	16174
7524	16564
7525	16745
7526	16681
7527	17050
7528	17039
7529	17489
7530	17264
7531	16712
7532	15834
7533	16134
7534	16387
7535	17085
7536	17500
7537	17757
7538	17901
7539	17924
7540	18120
7541	18276
7542	17834
7543	17199
7544	17508
7545	17887
7546	18743
7547	18551
7548	18239
7549	17843
7550	18307
7551	19054
7552	19447
7553	18647
7554	18691
7555	18856
7556	19768
7557	20148
7558	19949
7559	19722
7560	20067
7561	20265
7562	20354
7563	20198
7564	19263
7565	17593
7566	17178
7567	17622
7568	18713
7569	19620
7570	19265
7571	19043
7572	18044
7573	17863
7574	18071
7575	19263
7576	20244
7577	19992
7578	20154
7579	20047
7580	20176
7581	19638
7582	19822
7583	19894
7584	20486
7585	19945
7586	19641
7587	19222
7588	18752
7589	18543
7590	18358
7591	19365
7592	19241
7593	19692
7594	21244
7595	21702
7596	21927
7597	23796
7598	29946
7599	32520
7600	33867
7601	38928
7602	44951
7603	52510
7604	54042
7605	59586
7606	60485
7607	65944
7608	71696
7609	72883
7610	87173
7611	90293
7612	95417
7613	104633
7614	105445
7615	105456
7616	104536
7617	106118
7618	111253
7619	117355
7620	119682
7621	122390
7622	124522
7623	126842
7624	126923
7625	127538
7626	128650
7627	128445
7628	129760
7629	132522
7630	135223
7631	136924
7632	135074
7633	137928
7634	139076
7635	142797
7636	142534
7637	143019
7638	143078
7639	142876
7640	139565
7641	139150
7642	140242
7643	151078
7644	155841
7645	161995
7646	162284
7647	160824
7648	161884
7649	159879
7650	160713
7651	164676
7652	169740
7653	172886
7654	171709
7655	171153
7656	170455
7657	171360
7658	165674
7659	165327
7660	165931
7661	173499
7662	173107
7663	173745
7664	170406
7665	169247
7666	174328
7667	182507
7668	185899
7669	187490
7670	186826
7671	191333
7672	192334
7673	193028
7674	191535
7675	196039
7676	201980
7677	205635
7678	207680
7679	209706
7680	207819
7681	205939
7682	206981
7683	210669
7684	212698
7685	211236
7686	208840
7687	211518
7688	209692
7689	208861
7690	209690
7691	212504
7692	215527
7693	215049
7694	216119
7695	218524
7696	214916
7697	216620
7698	214844
7699	222319
7700	225761
7701	229742
7702	230225
7703	228592
7704	230880
7705	233388
7706	228946
7707	229772
7708	237339
7709	254408
7710	262313
7711	266018
7712	266644
7713	262859
7714	263235
7715	267133
7716	269341
7717	266888
7718	263294
7719	264678
7720	268412
7721	279484
7722	286544
7723	291819
7724	290434
7725	289133
7726	296993
7727	300761
7728	308920
7729	308817
7730	310953
7731	310909
7732	312262
7733	325599
7734	328815
7735	334870
7736	331926
7737	339423
7738	342946
7739	346025
7740	345010
7741	346664
7742	347156
7743	361637
7744	362890
7745	366159
7746	361602
7747	358793
7748	361128
7749	362255
7750	366568
7751	365557
7752	365150
7753	351724
7754	333030
7755	332837
7756	334962
7757	346420
7758	347281
7759	351660
7760	361741
7761	357773
7762	349138
7763	351193
7764	357445
7765	366726
7766	369419
7767	375660
7768	374624
7769	375803
7770	370568
7771	362968
7772	361062
7773	361325
7774	369283
7775	377395
7776	373988
7777	386070
7778	391882
7779	396562
7780	392540
7781	392060
7782	409753
7783	412979
7784	414440
7785	404924
7786	403806
7787	411734
7788	411141
7789	399947
7790	390326
7791	394889
7792	392650
7793	393508
7794	396083
7795	404442
7796	414006
7797	414888
7798	423693
7799	427421
7800	425613
7801	428923
7802	437910
7803	445464
7804	436057
7805	427609
7806	419637
7807	429576
7808	435533
7809	442240
7810	444055
7811	444280
7812	444122
7813	430266
7814	421495
7815	416235
7816	429151
7817	439179
7818	441433
7819	438052
7820	440390
7821	439221
7822	446472
7823	436794
7824	435104
7825	435114
7826	443437
7827	448373
7828	451778
7829	431332
7830	437220
7831	435358
7832	450560
7833	439713
7834	446620
7835	455786
7836	475319
7837	488336
7838	487782
7839	488154
7840	483100
7841	485712
7842	493535
7843	487184
7844	482680
7845	486956
7846	477643
7847	477019
7848	471922
7849	479590
7850	487754
7851	485684
7852	483172
7853	483846
7854	488869
7855	501785
7856	506187
7857	509062
7858	504819
7859	503374
7860	497592
7861	495887
7862	506855
7863	510336
7864	516131
7865	515755
7866	513021
7867	513351
7868	522536
7869	533490
7870	531228
7871	514148
7872	504501
7873	510567
7874	522243
7875	521331
7876	525877
7877	520675
7878	536373
7879	526126
7880	527658
7881	545377
7882	545831
7883	551723
7884	550934
7885	550277
7886	516546
7887	493981
7888	491411
7889	501230
7890	511314
7891	513207
7892	523474
7893	532032
7894	536877
7895	536550
7896	530319
7897	531217
7898	532345
7899	546421
7900	551803
7901	551674
7902	542768
7903	517853
7904	507761
7905	516304
7906	537701
7907	546574
7908	557358
7909	545900
7910	549375
7911	550116
7912	550919
7913	549525
7914	557005
7915	537943
7916	532253
7917	536452
7918	555388
7919	545318
7920	542984
7921	553342
7922	565797
7923	569846
7924	557898
7925	542002
7926	541129
7927	539633
7928	540767
7929	523795
7930	522216
7931	541938
7932	575636
7933	583569
7934	575944
7935	553737
7936	583539
7937	595298
7938	618576
7939	611497
7940	594420
7941	585268
7942	585349
7943	581581
7944	583613
7945	585064
7946	605779
7947	613111
7948	605391
7949	605995
7950	600184
7951	590502
7952	591233
7953	596205
7954	581191
7955	565956
7956	552983
7957	548066
7958	551508
7959	560391
7960	592552
7961	605317
7962	604276
7963	604159
7964	601433
7965	582396
7966	590731
7967	600740
7968	625828
7969	626660
7970	597133
7971	580564
7972	578021
7973	599485
7974	619722
7975	608144
7976	596417
7977	584329
7978	606532
7979	586669
7980	573319
7981	590362
7982	632427
7983	662042
7984	663024
7985	646695
7986	614547
7987	616380
7988	614238
7989	642239
7990	657085
7991	664984
7992	692013
7993	692752
7994	646441
7995	630361
7996	623202
7997	650098
7998	660640
7999	676024
8000	655902
8001	649670
8002	650600
8003	671933
8004	665504
8005	659913
8006	671656
8007	676359
8008	683273
8009	695259
8010	711971
8011	709146
8012	711949
8013	701392
8014	698117
8015	697660
8016	701200
8017	714229
8018	720669
8019	719076
8020	721331
8021	719178
8022	737275
8023	734672
8024	709795
8025	694037
8026	684016
8027	676877
8028	679470
8029	702964
8030	711248
8031	711665
8032	702703
8033	719813
8034	732214
8035	729245
8036	714714
8037	703995
8038	713911
8039	738004
8040	752423
8041	752550
8042	750240
8043	752473
8044	749733
8045	747758
8046	750830
8047	753799
8048	753958
8049	746219
8050	742081
8051	740235
8052	741707
8053	742933
8054	747939
8055	751988
8056	694911
8057	673241
8058	667214
8059	698146
8060	705802
8061	697283
8062	709528
8063	726305
8064	749700
8065	746591
8066	724128
8067	716295
8068	728521
8069	742771
8070	756892
8071	758849
8072	755638
8073	732704
8074	714890
8075	704884
8076	721723
8077	729376
8078	720765
8079	698820
8080	688284
8081	693786
8082	714260
8083	727009
8084	750559
8085	733994
8086	728084
8087	733914
8088	738753
8089	719570
8090	685620
8091	663053
8092	663459
8093	691357
8094	721523
8095	726798
8096	722905
8097	714067
8098	712481
8099	709511
8100	717996
8101	707925
8102	708767
8103	699200
8104	703881
8105	700409
8106	703882
8107	704344
8108	694242
8109	684752
8110	681011
8111	683342
8112	683465
8113	676341
8114	659854
8115	636614
8116	636396
8117	646404
8118	645224
8119	613984
8120	628039
8121	649536
8122	688267
8123	675832
8124	652233
8125	653575
8126	664724
8127	674556
8128	660515
8129	630367
8130	605204
8131	604816
8132	610362
8133	609524
8134	614952
8135	632548
8136	633370
8137	624330
8138	608715
8139	587548
8140	567496
8141	570646
8142	577121
8143	616338
8144	640457
8145	631327
8146	648084
8147	644237
8148	639565
8149	624573
8150	616762
8151	627976
8152	639659
8153	643416
8154	625301
8155	612067
8156	612336
8157	620881
8158	628991
8159	622349
8160	616536
8161	619103
8162	608295
8163	611224
8164	599830
8165	603164
8166	561476
8167	566497
8168	559479
8169	571768
8170	572648
8171	577310
8172	590270
8173	577280
8174	575210
8175	587761
8176	592649
8177	607285
8178	598183
8179	587379
8180	582892
8181	569754
8182	584950
8183	583711
8184	608334
8185	600173
8186	594251
8187	590921
8188	585320
8189	595273
8190	589636
8191	582253
8192	565492
8193	547637
8194	557156
8195	557878
8196	576361
8197	581247
8198	593308
8199	588252
8200	574211
8201	568542
8202	576491
8203	571281
8204	581943
8205	562017
8206	556838
8207	531416
8208	535966
8209	533642
8210	545116
8211	534590
8212	526362
8213	519239
8214	498985
8215	493686
8216	490868
8217	520638
8218	534986
8219	525132
8220	511554
8221	516905
8222	520763
8223	528156
8224	517057
8225	508025
8226	496095
8227	467041
8228	447296
8229	426194
8230	427848
8231	418754
8232	439249
8233	455951
8234	451076
8235	448085
8236	445670
8237	446242
8238	427884
8239	430909
8240	430915
8241	458005
8242	456816
8243	457500
8244	446406
8245	443280
8246	444012
8247	447439
8248	449325
8249	429009
8250	410289
8251	395996
8252	380729
8253	383593
8254	388178
8255	404699
8256	409530
8257	410411
8258	410429
8259	413241
8260	404692
8261	400230
8262	385502
8263	383747
8264	391529
8265	403120
8266	420335
8267	419356
8268	412961
8269	403125
8270	385068
8271	375877
8272	352814
8273	337851
8274	318166
8275	319284
8276	334053
8277	347164
8278	361683
8279	349818
8280	343914
8281	313215
8282	292155
8283	272584
8284	265538
8285	272298
8286	283261
8287	294691
8288	293387
8289	294267
8290	276023
8291	234784
8292	161991
8293	117930
8294	20333
8295	11120
8296	11369
8297	9733
8298	9847
8299	10067
8300	9929
8301	9923
8302	9838
8303	9510
8304	9438
8305	9584
8306	10050
8307	10264
8308	10012
8309	10128
8310	10389
8311	10747
8312	10523
8313	10287
8314	10145
8315	10367
8316	10820
8317	11105
8318	10933
8319	10438
8320	10130
8321	10525
8322	11373
8323	11886
8324	11985
8325	12055
8326	11986
8327	11571
8328	11596
8329	11757
8330	12307
8331	12498
8332	12468
8333	12025
8334	12092
8335	11971
8336	12461
8337	12698
8338	13107
8339	12784
8340	12820
8341	12538
8342	12627
8343	12292
8344	12016
8345	12134
8346	12382
8347	12657
8348	12638
8349	12195
8350	11807
8351	11702
8352	11742
8353	11923
8354	12286
8355	12290
8356	12746
8357	12673
8358	12523
8359	12448
8360	12247
8361	12398
8362	12270
8363	12235
8364	12171
8365	12032
8366	12157
8367	12144
8368	12069
8369	12008
8370	11898
8371	12157
8372	12554
8373	13545
8374	15413
8375	23446
8376	26241
8377	36039
8378	37107
8379	39805
8380	42218
8381	43093
8382	51462
8383	54953
8384	58367
8385	58561
8386	60244
8387	67023
8388	68770
8389	69883
8390	70844
8391	69385
8392	70662
8393	70959
8394	73101
8395	76730
8396	78787
8397	84512
8398	88683
8399	94214
8400	100622
8401	102092
8402	103239
8403	103389
8404	103452
8405	99953
8406	98590
8407	99894
8408	101656
8409	104747
8410	107478
8411	111402
8412	113213
8413	110808
8414	112381
8415	110755
8416	114404
8417	116353
8418	121522
8419	125664
8420	121972
8421	122163
8422	119095
8423	124886
8424	126089
8425	130899
8426	131122
8427	116310
8428	116538
8429	117310
8430	131122
8431	131305
8432	129354
8433	128527
8434	130981
8435	129566
8436	135257
8437	136619
8438	138905
8439	141209
8440	139086
8441	141723
8442	146163
8443	154453
8444	159606
8445	159441
8446	159719
8447	158000
8448	160318
8449	164347
8450	168038
8451	168909
8452	163326
8453	161650
8454	159083
8455	168955
8456	168609
8457	176828
8458	174632
8459	174539
8460	171167
8461	175194
8462	179819
8463	180061
8464	177120
8465	177711
8466	177287
8467	180014
8468	181232
8469	183377
8470	176617
8471	174618
8472	178012
8473	185193
8474	188565
8475	190152
8476	194778
8477	196609
8478	196045
8479	193769
8480	196013
8481	198903
8482	194771
8483	189366
8484	181758
8485	182589
8486	186712
8487	196233
8488	206393
8489	208386
8490	214536
8491	215396
8492	218335
8493	218542
8494	219632
8495	217552
8496	219606
8497	223744
8498	231690
8499	231507
8500	231245
8501	231923
8502	225915
8503	226854
8504	228836
8505	232298
8506	233785
8507	233039
8508	232647
8509	235631
8510	230439
8511	230155
8512	224283
8513	223574
8514	227455
8515	236422
8516	240247
8517	233612
8518	225439
8519	220017
8520	221712
8521	226912
8522	247199
8523	256933
8524	257920
8525	260397
8526	254282
8527	247279
8528	245942
8529	243645
8530	249145
8531	245776
8532	248041
8533	248657
8534	255301
8535	260488
8536	254505
8537	251242
8538	249965
8539	259652
8540	257726
8541	258449
8542	254085
8543	255706
8544	249126
8545	244166
8546	244166
8547	253067
8548	261158
8549	258801
8550	257102
8551	258448
8552	261484
8553	263469
8554	261569
8555	262075
8556	247284
8557	237873
8558	232441
8559	236542
8560	238932
8561	246768
8562	254962
8563	265349
8564	266979
8565	260136
8566	256667
8567	251758
8568	257385
8569	261486
8570	269914
8571	262639
8572	245277
8573	238324
8574	244444
8575	259715
8576	261995
8577	259219
8578	250803
8579	256323
8580	253722
8581	257688
8582	258442
8583	255544
8584	263212
8585	263169
8586	269869
8587	271777
8588	270134
8589	273582
8590	277477
8591	274896
8592	268022
8593	259018
8594	260450
8595	271640
8596	279741
8597	287826
8598	282215
8599	288395
8600	283701
8601	287802
8602	281600
8603	282810
8604	273222
8605	264530
8606	252743
8607	245783
8608	248087
8609	259090
8610	267535
8611	279435
8612	278336
8613	289587
8614	289478
8615	284286
8616	263071
8617	255924
8618	251739
8619	264937
8620	263123
8621	270026
8622	268799
8623	269388
8624	259714
8625	264909
8626	261826
8627	268484
8628	273601
8629	289310
8630	286225
8631	283827
8632	284853
8633	290867
8634	280820
8635	285841
8636	285697
8637	296165
8638	292755
8639	290628
8640	295588
8641	288007
8642	290686
8643	293149
8644	278434
8645	270048
8646	264502
8647	272502
8648	277042
8649	278956
8650	291395
8651	299568
8652	305680
8653	299464
8654	297702
8655	301011
8656	292583
8657	291433
8658	286609
8659	288073
8660	270885
8661	276260
8662	284691
8663	297133
8664	298049
8665	300754
8666	307098
8667	311425
8668	301363
8669	308274
8670	299025
8671	302058
8672	306705
8673	320943
8674	312877
8675	306825
8676	311396
8677	312565
8678	313358
8679	300994
8680	303952
8681	304882
8682	304918
8683	287467
8684	276628
8685	278721
8686	289081
8687	300995
8688	309227
8689	313891
8690	305552
8691	306793
8692	316312
8693	326467
8694	327913
8695	325771
8696	315896
8697	319270
8698	319797
8699	333127
8700	327913
8701	313441
8702	310720
8703	320661
8704	337819
8705	341190
8706	335904
8707	332841
8708	332144
8709	338939
8710	337684
8711	336133
8712	335971
8713	327515
8714	333567
8715	339176
8716	355888
8717	352127
8718	337905
8719	313222
8720	308139
8721	310035
8722	324724
8723	326433
8724	321411
8725	318793
8726	317113
8727	334774
8728	342665
8729	343834
8730	338475
8731	331066
8732	340127
8733	336321
8734	349418
8735	351697
8736	361885
8737	359952
8738	352382
8739	341083
8740	343091
8741	345785
8742	345560
8743	339586
8744	334653
8745	341140
8746	329962
8747	325753
8748	326470
8749	340135
8750	351521
8751	342659
8752	340034
8753	333607
8754	343177
8755	349208
8756	361404
8757	364511
8758	367956
8759	369530
8760	365360
8761	362135
8762	359742
8763	347320
8764	332041
8765	330553
8766	335686
8767	351417
8768	349408
8769	347254
8770	343223
8771	350114
8772	354285
8773	348707
8774	337105
8775	333458
8776	342846
8777	339280
8778	345051
8779	347428
8780	358535
8781	359874
8782	341169
8783	333066
8784	331851
8785	342224
8786	349479
8787	354086
8788	358160
8789	356891
8790	351578
8791	344995
8792	344399
8793	356057
8794	361975
8795	361514
8796	366551
8797	367130
8798	372648
8799	370274
8800	375808
8801	378774
8802	379585
8803	376107
8804	368033
8805	358582
8806	352126
8807	361728
8808	358463
8809	352637
8810	349946
8811	356275
8812	359488
8813	349605
8814	348964
8815	355610
8816	367392
8817	364080
8818	362879
8819	372248
8820	382114
8821	370599
8822	376078
8823	381732
8824	395552
8825	393410
8826	386922
8827	372905
8828	361452
8829	360032
8830	373145
8831	382521
8832	381329
8833	364871
8834	361887
8835	367166
8836	376159
8837	378367
8838	362764
8839	357081
8840	352996
8841	360005
8842	365345
8843	359043
8844	356127
8845	351893
8846	350417
8847	362344
8848	377909
8849	388254
8850	385432
8851	380093
8852	369667
8853	362995
8854	355541
8855	359473
8856	352095
8857	350698
8858	344780
8859	339595
8860	346234
8861	361126
8862	369915
8863	377549
8864	376711
8865	376410
8866	375993
8867	381199
8868	385634
8869	388935
8870	390269
8871	384909
8872	371812
8873	361476
8874	358886
8875	371069
8876	378763
8877	380217
8878	371288
8879	363118
8880	362707
8881	369243
8882	384824
8883	390707
8884	398164
8885	389525
8886	388966
8887	393576
8888	404595
8889	413993
8890	414388
8891	415567
8892	415232
8893	410786
8894	412749
8895	403370
8896	390797
8897	379572
8898	378984
8899	394513
8900	409023
8901	400350
8902	386321
8903	381001
8904	387332
8905	388086
8906	391386
8907	394905
8908	406719
8909	408767
8910	411036
8911	415073
8912	419193
8913	403488
8914	396489
8915	396493
8916	409123
8917	413052
8918	414788
8919	405436
8920	384187
8921	382386
8922	385496
8923	404592
8924	402689
8925	401847
8926	407558
8927	412247
8928	415187
8929	419514
8930	406746
8931	397584
8932	376773
8933	374150
8934	375721
8935	389924
8936	406508
8937	409491
8938	407013
8939	391000
8940	386807
8941	382441
8942	388524
8943	395960
8944	401222
8945	394228
8946	385805
8947	389925
8948	395924
8949	394236
8950	391156
8951	394476
8952	406521
8953	405851
8954	406343
8955	406071
8956	405957
8957	397257
8958	395503
8959	391698
8960	395520
8961	388218
8962	376706
8963	375631
8964	384797
8965	395266
8966	395311
8967	393713
8968	351264
8969	339452
8970	335097
8971	365565
8972	380711
8973	384968
8974	383749
8975	385460
8976	392405
8977	392391
8978	394737
8979	391983
8980	391310
8981	382135
8982	368075
8983	365992
8984	370237
8985	381730
8986	380581
8987	378117
8988	363319
8989	346576
8990	333309
8991	341742
8992	354096
8993	363949
8994	351678
8995	341628
8996	342487
8997	356472
8998	366853
8999	359531
9000	360391
9001	349367
9002	347370
9003	344084
9004	354048
9005	349883
9006	331802
9007	324013
9008	332610
9009	340424
9010	339624
9011	338091
9012	350496
9013	357176
9014	354244
9015	353683
9016	358099
9017	360863
9018	357447
9019	349812
9020	349988
9021	346618
9022	348784
9023	345162
9024	342029
9025	323881
9026	312038
9027	313204
9028	310884
9029	318371
9030	314513
9031	332153
9032	334682
9033	335695
9034	334135
9035	336109
9036	340179
9037	339145
9038	330188
9039	325610
9040	312229
9041	306613
9042	298842
9043	304871
9044	315108
9045	325850
9046	323777
9047	327330
9048	328529
9049	324933
9050	320542
9051	301900
9052	301456
9053	297821
9054	314205
9055	308465
9056	308495
9057	303127
9058	307045
9059	293009
9060	287460
9061	295336
9062	312860
9063	311657
9064	306631
9065	300696
9066	312524
9067	315574
9068	315412
9069	315198
9070	307342
9071	310550
9072	303753
9073	289466
9074	279047
9075	275639
9076	294093
9077	303915
9078	304783
9079	288732
9080	270671
9081	258232
9082	263470
9083	273943
9084	265891
9085	248128
9086	240440
9087	244784
9088	254623
9089	264452
9090	260406
9091	267228
9092	253141
9093	245363
9094	248182
9095	255681
9096	266214
9097	264224
9098	255951
9099	255334
9100	251860
9101	245374
9102	246371
9103	245065
9104	251771
9105	245101
9106	241334
9107	239314
9108	238466
9109	240685
9110	239441
9111	229234
9112	230813
9113	230851
9114	242713
9115	240859
9116	238854
9117	227413
9118	228555
9119	224474
9120	226734
9121	218190
9122	215118
9123	218382
9124	208359
9125	213605
9126	214838
9127	223781
9128	203264
9129	194934
9130	197010
9131	214584
9132	224374
9133	219335
9134	212597
9135	210967
9136	208421
9137	205069
9138	201744
9139	194667
9140	193197
9141	187391
9142	191832
9143	185251
9144	188450
9145	180368
9146	176448
9147	181945
9148	198090
9149	205871
9150	198563
9151	195487
9152	176026
9153	181025
9154	182383
9155	203236
9156	184914
9157	160714
9158	153039
9159	166124
9160	174655
9161	178509
9162	173275
9163	175276
9164	176866
9165	181186
9166	183304
9167	183578
9168	182010
9169	180224
9170	173259
9171	169397
9172	171238
9173	173920
9174	171376
9175	172279
9176	174169
9177	180025
9178	179227
9179	177859
9180	182428
9181	172892
9182	159215
9183	151580
9184	151945
9185	155496
9186	163072
9187	160264
9188	158255
9189	150411
9190	154539
9191	157833
9192	161421
9193	151850
9194	149419
9195	142461
9196	138084
9197	138777
9198	133208
9199	132570
9200	126330
9201	108050
9202	106727
9203	92758
9204	91332
9205	91360
9206	89656
9207	89894
9208	87617
9209	85834
9210	83357
9211	82118
9212	85653
9213	88412
9214	90570
9215	90753
9216	96078
9217	108406
9218	117377
9219	117481
9220	132836
9221	133803
9222	146729
9223	148823
9224	156211
9225	159842
9226	158066
9227	167213
9228	174324
9229	181349
9230	178559
9231	182599
9232	187895
9233	193068
9234	194236
9235	196378
9236	193570
9237	214951
9238	215583
9239	221044
9240	215475
9241	211189
9242	211190
9243	218240
9244	223912
9245	230848
9246	231988
9247	226257
9248	224720
9249	229826
9250	234633
9251	236753
9252	237335
9253	230711
9254	230389
9255	230806
9256	242262
9257	246763
9258	254575
9259	260707
9260	262254
9261	258600
9262	260342
9263	259259
9264	255787
9265	245397
9266	238909
9267	240926
9268	249875
9269	262499
9270	268259
9271	270354
9272	274759
9273	277173
9274	277126
9275	268770
9276	257491
9277	256254
9278	259142
9279	271957
9280	273125
9281	275244
9282	276673
9283	284645
9284	283963
9285	278978
9286	276126
9287	263262
9288	261313
9289	263392
9290	287343
9291	291336
9292	296907
9293	293660
9294	288868
9295	281430
9296	282643
9297	291100
9298	301187
9299	298958
9300	291253
9301	291227
9302	294867
9303	307947
9304	313985
9305	321488
9306	320432
9307	317840
9308	321864
9309	327955
9310	340567
9311	343682
9312	346984
9313	343043
9314	349833
9315	351850
9316	350600
9317	349303
9318	347170
9319	350070
9320	352346
9321	349120
9322	352262
9323	351323
9324	356604
9325	357329
9326	350582
9327	348479
9328	350792
9329	360629
9330	362456
9331	366758
9332	377311
9333	381176
9334	389519
9335	392393
9336	388020
9337	389298
9338	388817
9339	393959
9340	395331
9341	385330
9342	368679
9343	350494
9344	355199
9345	372608
9346	397808
9347	401943
9348	404602
9349	405884
9350	398878
9351	390765
9352	393317
9353	411760
9354	417187
9355	417556
9356	416684
9357	421876
9358	426913
9359	424227
9360	428367
9361	431418
9362	427279
9363	419213
9364	419680
9365	430350
9366	431037
9367	433139
9368	429989
9369	428635
9370	418180
9371	416624
9372	429971
9373	432461
9374	428255
9375	420857
9376	422510
9377	423385
9378	425390
9379	406594
9380	405292
9381	400551
9382	417774
9383	425703
9384	429778
9385	435917
9386	434599
9387	444460
9388	447548
9389	442916
9390	441960
9391	443374
9392	443418
9393	451033
9394	451577
9395	452496
9396	451576
9397	445009
9398	443592
9399	434049
9400	442185
9401	456552
9402	470924
9403	478022
9404	475550
9405	473194
9406	472487
9407	474083
9408	481697
9409	478280
9410	466993
9411	427751
9412	422791
9413	433481
9414	448237
9415	463205
9416	471458
9417	495305
9418	503733
9419	503571
9420	506547
9421	498006
9422	488224
9423	482651
9424	483307
9425	486967
9426	487716
9427	501456
9428	504142
9429	501990
9430	482866
9431	490755
9432	505407
9433	523053
9434	517707
9435	506321
9436	502324
9437	497690
9438	457286
9439	446541
9440	438947
9441	476181
9442	499365
9443	517336
9444	513649
9445	513119
9446	518657
9447	519017
9448	523063
9449	520529
9450	506490
9451	502235
9452	479041
9453	496000
9454	512634
9455	510567
9456	511696
9457	485224
9458	485615
9459	496020
9460	519630
9461	540069
9462	536994
9463	549959
9464	547305
9465	543034
9466	540760
9467	524801
9468	509666
9469	489705
9470	497692
9471	504772
9472	519133
9473	512122
9474	514927
9475	506531
9476	502263
9477	484880
9478	504682
9479	521067
9480	528646
9481	533992
9482	540950
9483	547129
9484	534075
9485	531960
9486	530266
9487	535051
9488	516427
9489	508176
9490	505146
9491	509135
9492	494776
9493	494116
9494	502567
9495	522201
9496	530306
9497	539996
9498	548078
9499	545236
9500	549933
9501	546844
9502	518785
9503	496745
9504	482533
9505	496178
9506	513862
9507	535807
9508	549828
9509	555360
9510	547388
9511	540735
9512	532935
9513	531104
9514	528662
9515	529754
9516	517396
9517	523192
9518	513060
9519	510228
9520	490998
9521	484206
9522	507259
9523	521183
9524	514133
9525	493050
9526	493188
9527	503353
9528	515951
9529	519275
9530	498651
9531	489910
9532	460484
9533	460745
9534	458382
9535	454012
9536	466775
9537	472891
9538	491283
9539	476606
9540	480064
9541	502484
9542	511306
9543	503405
9544	470370
9545	460464
9546	462383
9547	477832
9548	487566
9549	479578
9550	491811
9551	500673
9552	513812
9553	492008
9554	478848
9555	471920
9556	487077
9557	492771
9558	505970
9559	496780
9560	486255
9561	485046
9562	503654
9563	513939
9564	493600
9565	489725
9566	491399
9567	495745
9568	494241
9569	489678
9570	489664
9571	478060
9572	469465
9573	475679
9574	461756
9575	475629
9576	477991
9577	502385
9578	509925
9579	496593
9580	489153
9581	466301
9582	451779
9583	445297
9584	461000
9585	477828
9586	505833
9587	492425
9588	480989
9589	482068
9590	496646
9591	493462
9592	474170
9593	472428
9594	487921
9595	487145
9596	501108
9597	495584
9598	490493
9599	494110
9600	496844
9601	517518
9602	525750
9603	510448
9604	502725
9605	496110
9606	500603
9607	493535
9608	488900
9609	461078
9610	456951
9611	444572
9612	468465
9613	478676
9614	491937
9615	496373
9616	492354
9617	488302
9618	487069
9619	486873
9620	474935
9621	471749
9622	463509
9623	471489
9624	469362
9625	480312
9626	480538
9627	486904
9628	479489
9629	478265
9630	488668
9631	492375
9632	500650
9633	503462
9634	512549
9635	512798
9636	510291
9637	501008
9638	501438
9639	495531
9640	490564
9641	499917
9642	507625
9643	509322
9644	491997
9645	486981
9646	478681
9647	491428
9648	492217
9649	491209
9650	481320
9651	477648
9652	490961
9653	497353
9654	482438
9655	475198
9656	455118
9657	471404
9658	480083
9659	502192
9660	500288
9661	506996
9662	502015
9663	500842
9664	496690
9665	503664
9666	489609
9667	481237
9668	482115
9669	472022
9670	458773
9671	443614
9672	448533
9673	462583
9674	472259
9675	469153
9676	444908
9677	442062
9678	455104
9679	496543
9680	502440
9681	498336
9682	496657
9683	495437
9684	491879
9685	486790
9686	481432
9687	478143
9688	476411
9689	457937
9690	434157
9691	422904
9692	424244
9693	431816
9694	423263
9695	418285
9696	412432
9697	425613
9698	441686
9699	444877
9700	445788
9701	440448
9702	439263
9703	440086
9704	442545
9705	447850
9706	445887
9707	451530
9708	455383
9709	449803
9710	436821
9711	424365
9712	424773
9713	407579
9714	390862
9715	374163
9716	384362
9717	397653
9718	403821
9719	421168
9720	422134
9721	444200
9722	441819
9723	446782
9724	450226
9725	436836
9726	424923
9727	402050
9728	403491
9729	407411
9730	417266
9731	419207
9732	423765
9733	420736
9734	425995
9735	420234
9736	423526
9737	404343
9738	379385
9739	365595
9740	361900
9741	372711
9742	384741
9743	386175
9744	390624
9745	383037
9746	391545
9747	383840
9748	385757
9749	387331
9750	393803
9751	395604
9752	392354
9753	392338
9754	387339
9755	372302
9756	371951
9757	374086
9758	382332
9759	372820
9760	373778
9761	379329
9762	393609
9763	397478
9764	389549
9765	378203
9766	374536
9767	374104
9768	383778
9769	388801
9770	391407
9771	376910
9772	372073
9773	369572
9774	366097
9775	368145
9776	358568
9777	356311
9778	358763
9779	354473
9780	364592
9781	353634
9782	363505
9783	350536
9784	360562
9785	353248
9786	348337
9787	344508
9788	313257
9789	326128
9790	332104
9791	345024
9792	342923
9793	339068
9794	353394
9795	359373
9796	369426
9797	368788
9798	371479
9799	372098
9800	361130
9801	360304
9802	350996
9803	343725
9804	324120
9805	329840
9806	310027
9807	325024
9808	322663
9809	354536
9810	333546
9811	322358
9812	316038
9813	318075
9814	312124
9815	322068
9816	322791
9817	334916
9818	326062
9819	326461
9820	307651
9821	304242
9822	303284
9823	315670
9824	319759
9825	315941
9826	315046
9827	302927
9828	295957
9829	296465
9830	294602
9831	290592
9832	293701
9833	300823
9834	310763
9835	317993
9836	322774
9837	303592
9838	290679
9839	272597
9840	286894
9841	295731
9842	297072
9843	292010
9844	286151
9845	302288
9846	307580
9847	293726
9848	283964
9849	277450
9850	286703
9851	289884
9852	279304
9853	284154
9854	282156
9855	295339
9856	276584
9857	285976
9858	271891
9859	271793
9860	268146
9861	273639
9862	282671
9863	277346
9864	276152
9865	262348
9866	257404
9867	242360
9868	239340
9869	236136
9870	233629
9871	240275
9872	236328
9873	236594
9874	247077
9875	259038
9876	259052
9877	249980
9878	252687
9879	250356
9880	255727
9881	249770
9882	241565
9883	232783
9884	233611
9885	241279
9886	258708
9887	248344
9888	243581
9889	235507
9890	233438
9891	215590
9892	214382
9893	217166
9894	235142
9895	228091
9896	213845
9897	200617
9898	205612
9899	201999
9900	196150
9901	183121
9902	184308
9903	190332
9904	210687
9905	207471
9906	194460
9907	188188
9908	185657
9909	184555
9910	185179
9911	182186
9912	194424
9913	195834
9914	177684
9915	173825
9916	174588
9917	160984
9918	160137
9919	154514
9920	183391
9921	176862
9922	164957
9923	164420
9924	172987
9925	180716
9926	180396
9927	176480
9928	170326
9929	169533
9930	172560
9931	170554
9932	159517
9933	135129
9934	136845
9935	135654
9936	145882
9937	148122
9938	149732
9939	150914
9940	149024
9941	147144
9942	139059
9943	138432
9944	138551
9945	138760
9946	135381
9947	129804
9948	123223
9949	118040
9950	120658
9951	121744
9952	121695
9953	116224
9954	114417
9955	113618
9956	118571
9957	117931
9958	118823
9959	111930
9960	111657
9961	110100
9962	116734
9963	115090
9964	117739
9965	112590
9966	108748
9967	103546
9968	102879
9969	100512
9970	102456
9971	103896
9972	109083
9973	104183
9974	105415
9975	105219
9976	110573
9977	110318
9978	106268
9979	103030
9980	102167
9981	101459
9982	98238
9983	95032
9984	72829
9985	54590
9986	23374
9987	21105
9988	18148
9989	18768
9990	18587
9991	18165
9992	17909
9993	17749
9994	18140
9995	18179
9996	18755
9997	18761
9998	18733
9999	18146
10000	18028
10001	17904
10002	18422
10003	18589
10004	18838
10005	18718
10006	18589
10007	18514
10008	18250
10009	18908
10010	18399
10011	18505
10012	18499
10013	19472
10014	19688
10015	20013
10016	20334
10017	20148
10018	19698
10019	19359
10020	19629
10021	19164
10022	19160
10023	19440
10024	20287
10025	20031
10026	19892
10027	20100
10028	19975
10029	19406
10030	19228
10031	19486
10032	19618
10033	19332
10034	19094
10035	19343
10036	19656
10037	19259
10038	18257
10039	17914
10040	17152
10041	17602
10042	17708
10043	17394
10044	17358
10045	17127
10046	16960
10047	17251
10048	17906
10049	18245
10050	18184
10051	18119
10052	18166
10053	17319
10054	17182
10055	16676
10056	17048
10057	17190
10058	17744
10059	17954
10060	17971
10061	17717
10062	17395
10063	16875
10064	16814
10065	17061
10066	17135
10067	16520
10068	15825
10069	15490
10070	17151
10071	18511
10072	20561
10073	21839
10074	23407
10075	29139
10076	31264
10077	34442
10078	37691
10079	38536
10080	39796
10081	41809
10082	48393
10083	50054
10084	51678
10085	56034
10086	56210
10087	56751
10088	57734
10089	57579
10090	58293
10091	59138
10092	61251
10093	63364
10094	65385
10095	65864
10096	66785
10097	65433
10098	63405
10099	64464
10100	69140
10101	72576
10102	74505
10103	73680
10104	74272
10105	74632
10106	75047
10107	76004
10108	76892
10109	79114
10110	79080
10111	80325
10112	83259
10113	83192
10114	83090
10115	83731
10116	86012
10117	87536
10118	88769
10119	87892
10120	88205
10121	89404
10122	91580
10123	92052
10124	93141
10125	91443
10126	84111
10127	82452
10128	84371
10129	92127
10130	93071
10131	95065
10132	97558
10133	98691
10134	99105
10135	98176
10136	98062
10137	100719
10138	103350
10139	104509
10140	101665
10141	101143
10142	101482
10143	98374
10144	97643
10145	99505
10146	106777
10147	109966
10148	110930
10149	109766
10150	113267
10151	109341
10152	115091
10153	114243
10154	115764
10155	113649
10156	111372
10157	111579
10158	112741
10159	114996
10160	115101
10161	115889
10162	114135
10163	114574
10164	116341
10165	118744
10166	120108
10167	120157
10168	119294
10169	115539
10170	111533
10171	110495
10172	108306
10173	111614
10174	112460
10175	115199
10176	112190
10177	111693
10178	114611
10179	118799
10180	117260
10181	116514
10182	105357
10183	106985
10184	106541
10185	119134
10186	122360
10187	124185
10188	122446
10189	119993
10190	118952
10191	117958
10192	119757
10193	120745
10194	123193
10195	124410
10196	116602
10197	114752
10198	114302
10199	122149
10200	118651
10201	116818
10202	113299
10203	114699
10204	114907
10205	118625
10206	123764
10207	124045
10208	124610
10209	125369
10210	127476
10211	128949
10212	126846
10213	127306
10214	124953
10215	125071
10216	124862
10217	125450
10218	124954
10219	124202
10220	123190
10221	125892
10222	124854
10223	128652
10224	126981
10225	126730
10226	125872
10227	124789
10228	125978
10229	120794
10230	118431
10231	116022
10232	112907
10233	108615
10234	107625
10235	110253
10236	111946
10237	111333
10238	111258
10239	109094
10240	107024
10241	108616
10242	112176
10243	111553
10244	112154
10245	113286
10246	115684
10247	114565
10248	114172
10249	113454
10250	120464
10251	120478
10252	123593
10253	122605
10254	121995
10255	125904
10256	123697
10257	127849
10258	129181
10259	131049
10260	129214
10261	126142
10262	126159
10263	124504
10264	126191
10265	122270
10266	116970
10267	109526
10268	110100
10269	114868
10270	114811
10271	114814
10272	115340
10273	122941
10274	127758
10275	128961
10276	124457
10277	119576
10278	111403
10279	108240
10280	107526
10281	113150
10282	118941
10283	117165
10284	115096
10285	115953
10286	124324
10287	122716
10288	122744
10289	114408
10290	109599
10291	101878
10292	102884
10293	108057
10294	116398
10295	122105
10296	122277
10297	122452
10298	119974
10299	117181
10300	118261
10301	118782
10302	115196
10303	114961
10304	116327
10305	117303
10306	102283
10307	96576
10308	99041
10309	106343
10310	102097
10311	99350
10312	99897
10313	105017
10314	107022
10315	109624
10316	115856
10317	115417
10318	116156
10319	111554
10320	110457
10321	110273
10322	115425
10323	115999
10324	109636
10325	107389
10326	105078
10327	107741
10328	107371
10329	97918
10330	89846
10331	81762
10332	86846
10333	90319
10334	97159
10335	98573
10336	105870
10337	105489
10338	105446
10339	105401
10340	103283
10341	101575
10342	98552
10343	99266
10344	98928
10345	98265
10346	97945
10347	97224
10348	90051
10349	85096
10350	85047
10351	92916
10352	93322
10353	82665
10354	75376
10355	74307
10356	79487
10357	86442
10358	94476
10359	88520
10360	86641
10361	80811
10362	84491
10363	83543
10364	84201
10365	78413
10366	72626
10367	74673
10368	78840
10369	84924
10370	82262
10371	84636
10372	80634
10373	81784
10374	78911
10375	78798
10376	73652
10377	72525
10378	71778
10379	75787
10380	75437
10381	77605
10382	79650
10383	79173
10384	79309
10385	74024
10386	69039
10387	67771
10388	68961
10389	74261
10390	75509
10391	74030
10392	71727
10393	68107
10394	67928
10395	67038
10396	69319
10397	66061
10398	62903
10399	44204
10400	42333
10401	40556
10402	37720
10403	25895
10404	14715
10405	14403
10406	14243
10407	14039
10408	14228
10409	14892
10410	15257
10411	15151
10412	15247
10413	14634
10414	14437
10415	14116
10416	14598
10417	14771
10418	14901
10419	14758
10420	14407
10421	14598
10422	14796
10423	15143
10424	14909
10425	14399
10426	14198
10427	14643
10428	15209
10429	15390
10430	14891
10431	15223
10432	15627
10433	16871
10434	17148
10435	17271
10436	17241
10437	16671
10438	16435
10439	16400
10440	17151
10441	17645
10442	17729
10443	18208
10444	18221
10445	18432
10446	18363
10447	18119
10448	18233
10449	18201
10450	18494
10451	18167
10452	17903
10453	17787
10454	18141
10455	18074
10456	18028
10457	17579
10458	17694
10459	17430
10460	17866
10461	17603
10462	17466
10463	17511
10464	17532
10465	17258
10466	16974
10467	17156
10468	17533
10469	17362
10470	17251
10471	16802
10472	16498
10473	15867
10474	16293
10475	17277
10476	18154
10477	19025
10478	19717
10479	21647
10480	27776
10481	28450
10482	29232
10483	29017
10484	33555
10485	35469
10486	42630
10487	48935
10488	48843
10489	52253
10490	55568
10491	60640
10492	62017
10493	63640
10494	64085
10495	64145
10496	62938
10497	74066
10498	76608
10499	76243
10500	78009
10501	80679
10502	90275
10503	94279
10504	97476
10505	98735
10506	97370
10507	95558
10508	97429
10509	100444
10510	104819
10511	109731
10512	109450
10513	111592
10514	110316
10515	112887
10516	113930
10517	116011
10518	116852
10519	118002
10520	116591
10521	112582
10522	112325
10523	114163
10524	119062
10525	121849
10526	121993
10527	129557
10528	130438
10529	129488
10530	129204
10531	129655
10532	134201
10533	136331
10534	136322
10535	134797
10536	132755
10537	132190
10538	136356
10539	139589
10540	143091
10541	142126
10542	141510
10543	139643
10544	139583
10545	143792
10546	146188
10547	149445
10548	148896
10549	149937
10550	149973
10551	148098
10552	149552
10553	150973
10554	151686
10555	151525
10556	150817
10557	152641
10558	153788
10559	154143
10560	154437
10561	155996
10562	155912
10563	154599
10564	149606
10565	150646
10566	152308
10567	158610
10568	157060
10569	154868
10570	155352
10571	156165
10572	151959
10573	153186
10574	155787
10575	163247
10576	166035
10577	167333
10578	168538
10579	169324
10580	168664
10581	170315
10582	171307
10583	172444
10584	170945
10585	166010
10586	164696
10587	166008
10588	169419
10589	172291
10590	171480
10591	172102
10592	174922
10593	175198
10594	177011
10595	178342
10596	178129
10597	178227
10598	174261
10599	172715
10600	174095
10601	177828
10602	180070
10603	180828
10604	180450
10605	183812
10606	183577
10607	185194
10608	184392
10609	184214
10610	179339
10611	177589
10612	177552
10613	184092
10614	186544
10615	189428
10616	189772
10617	184488
10618	184076
10619	184008
10620	188842
10621	189176
10622	191790
10623	189405
10624	190865
10625	190945
10626	192951
10627	192518
10628	191742
10629	191414
10630	193364
10631	195219
10632	192983
10633	192075
10634	183289
10635	177166
10636	176595
10637	184530
10638	185751
10639	184753
10640	181585
10641	184340
10642	185225
10643	186241
10644	189133
10645	183234
10646	177487
10647	175693
10648	181104
10649	182562
10650	182980
10651	180544
10652	177043
10653	173129
10654	173743
10655	177555
10656	183586
10657	179883
10658	178073
10659	181539
10660	184576
10661	179681
10662	175757
10663	168948
10664	175185
10665	176525
10666	184746
10667	147535
10668	144404
10669	143207
10670	173823
10671	175625
10672	174607
10673	181284
10674	184993
10675	185950
10676	182471
10677	182216
10678	183215
10679	179951
10680	183113
10681	186570
10682	187090
10683	185734
10684	186108
10685	185216
10686	179798
10687	180681
10688	180358
10689	183119
10690	179166
10691	183524
10692	190803
10693	196852
10694	190633
10695	185577
10696	182673
10697	189162
10698	195412
10699	184257
10700	185089
10701	185643
10702	203554
10703	198201
10704	192214
10705	189285
10706	191284
10707	195337
10708	200400
10709	199294
10710	198577
10711	193022
10712	202668
10713	195781
10714	199363
10715	200392
10716	204520
10717	204645
10718	200861
10719	203848
10720	206432
10721	209681
10722	212987
10723	213991
10724	207579
10725	167608
10726	165308
10727	165607
10728	203512
10729	212613
10730	210390
10731	202318
10732	197194
10733	200733
10734	203517
10735	205306
10736	199136
10737	200665
10738	200804
10739	204969
10740	203631
10741	205782
10742	206261
10743	200316
10744	191848
10745	189396
10746	194745
10747	202152
10748	208086
10749	182876
10750	176436
10751	172231
10752	191061
10753	196733
10754	200154
10755	195344
10756	180631
10757	181622
10758	180975
10759	194736
10760	198079
10761	186154
10762	179924
10763	181311
10764	188447
10765	197273
10766	193338
10767	191662
10768	186533
10769	191993
10770	194848
10771	197382
10772	194902
10773	188287
10774	185868
10775	182276
10776	174013
10777	167467
10778	165588
10779	172895
10780	180084
10781	180745
10782	178604
10783	181871
10784	184343
10785	185267
10786	188216
10787	190918
10788	188988
10789	188677
10790	188955
10791	187883
10792	181317
10793	179608
10794	178371
10795	171742
10796	165464
10797	164276
10798	167477
10799	170245
10800	168435
10801	169113
10802	167465
10803	168568
10804	173663
10805	173702
10806	167873
10807	162615
10808	159257
10809	164014
10810	168771
10811	158385
10812	158316
10813	160012
10814	172625
10815	172027
10816	169666
10817	166706
10818	164748
10819	162650
10820	161323
10821	161207
10822	165162
10823	165278
10824	169139
10825	167019
10826	167850
10827	169628
10828	172994
10829	170856
10830	165397
10831	161597
10832	161624
10833	163753
10834	168091
10835	168767
10836	169620
10837	166418
10838	165266
10839	165963
10840	160444
10841	155290
10842	153473
10843	155014
10844	155233
10845	147615
10846	149300
10847	151174
10848	160805
10849	159872
10850	150604
10851	142062
10852	138234
10853	146012
10854	158248
10855	164744
10856	161682
10857	162333
10858	163853
10859	165037
10860	164943
10861	163859
10862	153377
10863	146569
10864	143774
10865	150442
10866	151666
10867	151528
10868	150104
10869	143166
10870	135423
10871	129258
10872	134127
10873	137475
10874	141600
10875	139951
10876	140447
10877	140492
10878	142252
10879	147861
10880	146769
10881	149513
10882	152074
10883	152636
10884	153610
10885	149143
10886	144565
10887	135333
10888	135658
10889	139573
10890	147534
10891	146213
10892	143005
10893	141027
10894	143399
10895	142270
10896	143053
10897	143177
10898	141792
10899	141436
10900	140449
10901	138863
10902	134138
10903	130191
10904	133755
10905	141693
10906	146939
10907	146821
10908	148541
10909	149631
10910	140044
10911	132790
10912	133813
10913	137444
10914	140455
10915	136984
10916	134659
10917	133612
10918	128582
10919	132496
10920	133328
10921	132067
10922	126336
10923	124570
10924	130017
10925	135878
10926	139388
10927	142091
10928	134773
10929	131641
10930	130203
10931	129839
10932	130307
10933	117893
10934	106786
10935	104238
10936	101811
10937	111351
10938	112219
10939	116030
10940	120427
10941	123564
10942	123230
10943	123354
10944	122909
10945	119611
10946	115300
10947	112143
10948	114036
10949	112457
10950	111036
10951	111815
10952	111779
10953	113376
10954	113007
10955	114721
10956	120082
10957	123802
10958	122555
10959	121604
10960	119050
10961	122156
10962	122660
10963	124386
10964	118531
10965	117186
10966	116010
10967	115099
10968	112906
10969	116834
10970	114181
10971	108068
10972	103664
10973	107523
10974	111585
10975	111985
10976	112314
10977	111713
10978	110949
10979	101847
10980	102546
10981	103607
10982	106493
10983	112487
10984	116164
10985	117442
10986	116904
10987	116339
10988	115506
10989	114636
10990	117127
10991	112285
10992	111382
10993	104402
10994	108298
10995	110143
10996	116480
10997	110439
10998	103721
10999	106106
11000	104359
11001	106827
11002	107045
11003	105222
11004	103420
11005	102740
11006	107848
11007	115104
11008	115159
11009	120673
11010	122618
11011	122289
11012	109195
11013	109242
11014	111282
11015	117406
11016	119744
11017	115464
11018	114111
11019	109682
11020	105588
11021	107828
11022	110200
11023	114093
11024	116427
11025	116947
11026	120505
11027	117414
11028	118102
11029	117373
11030	114112
11031	114650
11032	118742
11033	121796
11034	123900
11035	123519
11036	124581
11037	121326
11038	114057
11039	113341
11040	110017
11041	116758
11042	114284
11043	113005
11044	106435
11045	106044
11046	108140
11047	114969
11048	111225
11049	118235
11050	117362
11051	124638
11052	122034
11053	116017
11054	118169
11055	119142
11056	123463
11057	120081
11058	111634
11059	113780
11060	106300
11061	105537
11062	101517
11063	104003
11064	111831
11065	114961
11066	114450
11067	114796
11068	115073
11069	112547
11070	105673
11071	109558
11072	101737
11073	101462
11074	102026
11075	113778
11076	124221
11077	122275
11078	120110
11079	121457
11080	122781
11081	124847
11082	123541
11083	122307
11084	117626
11085	117880
11086	118890
11087	124040
11088	122091
11089	121999
11090	119230
11091	119799
11092	108427
11093	99887
11094	98267
11095	105077
11096	114860
11097	117053
11098	111219
11099	111179
11100	111742
11101	113519
11102	116693
11103	118692
11104	123392
11105	121559
11106	116412
11107	118555
11108	120379
11109	125438
11110	126265
11111	127510
11112	130385
11113	133209
11114	133096
11115	132940
11116	130387
11117	130245
11118	125592
11119	127782
11120	128405
11121	126985
11122	128964
11123	129933
11124	131414
11125	124801
11126	117384
11127	118197
11128	118075
11129	118240
11130	119608
11131	126860
11132	131512
11133	133463
11134	129994
11135	135878
11136	137658
11137	140519
11138	138429
11139	129014
11140	126712
11141	124202
11142	128176
11143	129410
11144	131018
11145	127813
11146	129185
11147	133987
11148	135715
11149	124904
11150	121663
11151	123656
11152	134238
11153	138556
11154	136515
11155	138403
11156	139004
11157	138154
11158	138407
11159	136968
11160	132295
11161	134023
11162	132571
11163	136596
11164	137656
11165	141943
11166	140528
11167	141480
11168	138702
11169	141011
11170	140543
11171	139356
11172	140123
11173	141622
11174	148991
11175	146961
11176	142871
11177	142015
11178	144945
11179	149673
11180	141096
11181	137507
11182	137016
11183	142636
11184	143294
11185	145993
11186	150232
11187	156137
11188	153527
11189	148486
11190	147511
11191	149750
11192	152822
11193	156686
11194	156751
11195	150583
11196	149526
11197	150475
11198	158598
11199	162713
11200	167091
11201	166066
11202	163766
11203	165358
11204	169186
11205	166135
11206	163567
11207	165324
11208	172309
11209	176760
11210	174646
11211	171086
11212	173666
11213	171707
11214	173635
11215	167356
11216	160977
11217	156911
11218	158501
11219	164982
11220	171972
11221	170037
11222	167311
11223	166188
11224	165364
11225	158989
11226	150518
11227	151750
11228	152406
11229	157125
11230	158012
11231	162450
11232	169348
11233	166092
11234	162687
11235	159122
11236	161348
11237	165460
11238	170252
11239	172308
11240	170700
11241	171937
11242	173803
11243	173642
11244	171600
11245	163214
11246	161225
11247	163428
11248	168691
11249	174225
11250	175731
11251	180192
11252	176656
11253	176933
11254	181065
11255	183297
11256	181557
11257	177618
11258	174805
11259	177957
11260	180396
11261	183720
11262	183504
11263	186553
11264	183371
11265	183077
11266	180578
11267	176480
11268	171873
11269	172741
11270	177083
11271	186041
11272	184156
11273	170845
11274	164770
11275	167307
11276	176914
11277	188387
11278	187894
11279	190231
11280	193074
11281	198968
11282	193251
11283	189771
11284	192263
11285	196150
11286	201170
11287	195022
11288	199320
11289	197296
11290	199089
11291	199032
11292	199128
11293	200751
11294	201297
11295	199770
11296	201764
11297	196355
11298	200018
11299	198758
11300	204822
11301	203304
11302	206306
11303	202384
11304	203136
11305	198336
11306	192835
11307	183185
11308	188856
11309	197802
11310	210656
11311	206754
11312	210548
11313	208191
11314	209306
11315	215032
11316	222371
11317	229008
11318	225980
11319	229502
11320	229718
11321	225201
11322	216063
11323	220153
11324	219157
11325	219007
11326	220103
11327	224918
11328	220525
11329	208143
11330	198025
11331	205399
11332	215380
11333	220684
11334	220327
11335	221544
11336	226118
11337	225777
11338	233514
11339	239647
11340	248998
11341	248360
11342	245893
11343	244095
11344	246142
11345	241884
11346	239287
11347	231929
11348	236165
11349	240297
11350	235684
11351	227916
11352	226924
11353	237494
11354	245485
11355	244686
11356	241415
11357	239364
11358	240091
11359	239822
11360	242118
11361	242459
11362	236236
11363	229040
11364	231573
11365	242914
11366	257216
11367	260538
11368	260292
11369	258025
11370	257938
11371	254597
11372	258921
11373	259220
11374	264002
11375	262457
11376	244628
11377	243330
11378	244474
11379	257214
11380	253922
11381	249201
11382	252024
11383	255752
11384	263555
11385	264485
11386	272458
11387	267242
11388	266533
11389	262623
11390	258366
11391	249717
11392	247576
11393	256386
11394	255545
11395	257761
11396	254485
11397	260099
11398	264455
11399	268813
11400	276370
11401	275570
11402	268506
11403	258455
11404	251732
11405	253841
11406	253263
11407	250264
11408	247676
11409	256155
11410	267476
11411	271308
11412	263427
11413	253791
11414	244426
11415	241041
11416	245709
11417	255339
11418	266200
11419	264815
11420	265243
11421	262371
11422	259845
11423	258620
11424	258431
11425	254743
11426	248527
11427	246749
11428	249940
11429	248603
11430	248338
11431	250196
11432	257165
11433	253453
11434	249827
11435	248370
11436	252859
11437	257743
11438	249910
11439	245943
11440	235994
11441	244944
11442	248660
11443	252668
11444	256107
11445	259276
11446	260985
11447	261915
11448	256425
11449	259709
11450	260746
11451	263933
11452	264578
11453	258572
11454	255672
11455	249688
11456	256440
11457	253987
11458	257615
11459	259983
11460	258773
11461	256746
11462	258217
11463	255058
11464	263878
11465	264681
11466	264101
11467	257710
11468	254350
11469	250503
11470	251039
11471	256732
11472	265306
11473	256398
11474	248518
11475	241307
11476	251532
11477	250248
11478	203339
11479	205025
11480	205775
11481	261378
11482	258280
11483	258994
11484	259178
11485	257910
11486	264192
11487	268563
11488	271571
11489	270406
11490	265124
11491	260098
11492	249941
11493	242227
11494	239667
11495	239859
11496	257592
11497	259568
11498	267332
11499	260988
11500	258028
11501	258880
11502	262581
11503	266443
11504	262636
11505	266267
11506	265925
11507	270496
11508	268080
11509	266887
11510	254925
11511	244014
11512	232833
11513	231623
11514	234269
11515	239140
11516	248999
11517	249145
11518	243167
11519	242237
11520	249585
11521	268961
11522	269631
11523	266131
11524	264839
11525	266600
11526	269302
11527	272405
11528	272472
11529	274939
11530	258612
11531	248277
11532	242538
11533	252055
11534	251042
11535	249763
11536	241559
11537	242411
11538	239312
11539	238915
11540	249027
11541	242882
11542	241846
11543	241592
11544	257678
11545	260854
11546	259126
11547	249980
11548	249443
11549	250089
11550	251976
11551	255289
11552	242622
11553	235948
11554	232276
11555	240457
11556	249718
11557	258710
11558	253586
11559	247315
11560	239620
11561	229293
11562	231680
11563	234124
11564	245882
11565	251358
11566	253729
11567	256278
11568	259117
11569	260649
11570	263940
11571	264604
11572	259994
11573	259682
11574	260948
11575	265099
11576	257140
11577	252295
11578	234644
11579	236657
11580	241712
11581	251366
11582	255785
11583	252044
11584	257519
11585	251317
11586	245363
11587	239369
11588	241009
11589	246693
11590	251972
11591	246232
11592	244430
11593	245562
11594	249339
11595	254510
11596	252891
11597	251932
11598	255976
11599	250784
11600	244476
11601	233572
11602	226590
11603	235202
11604	244922
11605	255333
11606	251388
11607	243426
11608	240308
11609	238390
11610	239099
11611	237788
11612	236000
11613	239168
11614	243105
11615	244543
11616	249463
11617	244452
11618	244412
11619	241672
11620	249740
11621	248016
11622	245181
11623	243945
11624	242350
11625	251147
11626	250108
11627	254250
11628	253172
11629	250109
11630	252124
11631	249470
11632	254894
11633	244750
11634	234691
11635	231541
11636	230323
11637	243606
11638	245379
11639	247449
11640	248397
11641	239470
11642	228749
11643	221268
11644	223501
11645	228041
11646	233570
11647	234286
11648	234972
11649	238778
11650	237765
11651	239465
11652	238249
11653	236613
11654	234900
11655	236444
11656	233756
11657	224527
11658	219520
11659	222885
11660	232549
11661	236748
11662	237174
11663	242757
11664	242141
11665	241725
11666	239651
11667	229831
11668	232719
11669	232447
11670	235838
11671	223366
11672	215980
11673	206174
11674	207341
11675	206520
11676	210379
11677	216993
11678	223313
11679	221610
11680	218725
11681	213391
11682	216571
11683	218480
11684	223289
11685	229717
11686	219218
11687	215454
11688	212402
11689	218535
11690	217304
11691	217012
11692	213258
11693	216021
11694	217447
11695	220100
11696	217882
11697	217155
11698	219886
11699	220941
11700	223834
11701	222946
11702	229819
11703	230125
11704	234106
11705	234608
11706	234372
11707	226207
11708	223246
11709	219354
11710	217813
11711	209337
11712	201190
11713	207449
11714	199095
11715	205364
11716	198774
11717	207739
11718	192540
11719	192174
11720	206051
11721	217375
11722	222378
11723	223783
11724	219798
11725	219261
11726	207452
11727	206700
11728	206202
11729	215014
11730	218062
11731	216230
11732	219920
11733	219996
11734	217208
11735	217276
11736	217947
11737	223567
11738	221372
11739	216853
11740	219600
11741	213274
11742	206337
11743	197867
11744	201562
11745	213552
11746	214563
11747	214839
11748	215147
11749	218476
11750	215117
11751	215559
11752	222077
11753	227583
11754	235222
11755	236505
11756	233652
11757	225544
11758	231576
11759	235770
11760	238320
11761	234145
11762	231626
11763	232033
11764	234496
11765	235626
11766	238847
11767	239906
11768	245085
11769	250278
11770	252914
11771	259411
11772	258596
11773	260090
11774	250191
11775	249571
11776	245684
11777	242483
11778	242560
11779	235766
11780	244804
11781	248271
11782	255329
11783	257994
11784	261869
11785	259173
11786	256060
11787	244633
11788	245830
11789	248219
11790	252259
11791	260354
11792	255169
11793	261249
11794	257314
11795	265196
11796	264775
11797	261753
11798	246049
11799	238861
11800	240529
11801	255584
11802	265752
11803	272349
11804	273946
11805	270963
11806	265172
11807	259061
11808	265776
11809	268013
11810	275796
11811	271861
11812	269514
11813	265392
11814	258709
11815	252263
11816	251117
11817	257672
11818	264402
11819	263182
11820	265815
11821	271397
11822	267933
11823	270524
11824	261256
11825	256444
11826	260465
11827	277674
11828	294684
11829	296205
11830	299093
11831	293092
11832	280290
11833	280134
11834	278100
11835	275144
11836	268317
11837	280636
11838	294753
11839	298482
11840	300483
11841	298007
11842	295175
11843	290294
11844	290005
11845	284763
11846	281164
11847	271949
11848	281315
11849	285062
11850	296556
11851	293393
11852	293288
11853	296231
11854	303098
11855	297918
11856	290809
11857	292186
11858	303876
11859	306010
11860	299115
11861	292263
11862	288666
11863	294256
11864	305471
11865	306948
11866	301580
11867	287189
11868	279968
11869	275307
11870	275703
11871	284057
11872	287659
11873	294525
11874	296220
11875	303045
11876	308413
11877	309784
11878	309412
11879	297122
11880	287639
11881	283668
11882	297114
11883	304920
11884	308153
11885	306156
11886	303934
11887	299227
11888	293773
11889	290148
11890	292617
11891	286992
11892	282132
11893	285739
11894	297066
11895	306596
11896	315439
11897	310787
11898	318730
11899	313756
11900	314697
11901	304304
11902	298315
11903	300202
11904	306324
11905	309976
11906	306296
11907	301022
11908	295423
11909	288691
11910	291944
11911	296802
11912	303384
11913	293890
11914	289657
11915	289304
11916	293163
11917	299465
11918	296653
11919	299039
11920	299197
11921	300390
11922	289619
11923	286959
11924	288246
11925	302793
11926	305052
11927	303676
11928	303127
11929	302855
11930	304449
11931	301346
11932	300644
11933	294563
11934	292599
11935	288277
11936	294448
11937	282984
11938	282712
11939	285078
11940	291618
11941	295401
11942	292067
11943	297716
11944	301327
11945	299596
11946	299826
11947	295406
11948	283819
11949	275548
11950	276526
11951	278558
11952	282985
11953	288058
11954	292129
11955	294155
11956	290687
11957	294520
11958	292015
11959	285637
11960	288487
11961	292861
11962	287991
11963	279694
11964	276257
11965	282437
11966	289376
11967	289663
11968	278483
11969	267657
11970	252882
11971	258258
11972	267602
11973	279670
11974	287500
11975	275702
11976	274146
11977	282590
11978	280901
11979	272305
11980	268718
11981	272249
11982	282200
11983	290156
11984	290066
11985	296405
11986	291007
11987	297770
11988	297526
11989	295035
11990	290406
11991	294750
11992	290369
11993	275382
11994	269220
11995	267438
11996	279634
11997	280970
11998	281197
11999	280575
12000	273586
12001	274266
12002	277294
12003	278383
12004	280934
12005	272560
12006	266481
12007	256444
12008	246197
12009	246639
12010	241439
12011	254300
12012	256084
12013	263065
12014	262012
12015	262591
12016	260407
12017	249365
12018	229839
12019	230207
12020	227087
12021	237395
12022	235366
12023	238706
12024	246944
12025	247254
12026	247415
12027	251154
12028	251867
12029	247700
12030	242289
12031	241824
12032	241557
12033	241576
12034	238019
12035	241813
12036	245494
12037	245023
12038	239435
12039	228059
12040	210691
12041	191725
12042	189922
12043	197232
12044	212443
12045	223175
12046	224217
12047	230114
12048	228146
12049	226099
12050	224213
12051	221855
12052	217125
12053	209332
12054	213207
12055	213332
12056	215898
12057	213204
12058	216971
12059	209361
12060	206009
12061	196594
12062	186960
12063	171850
12064	168224
12065	172299
12066	186470
12067	195595
12068	201710
12069	195133
12070	193781
12071	190247
12072	194991
12073	195530
12074	197236
12075	194523
12076	190462
12077	180965
12078	174188
12079	168078
12080	171916
12081	177599
12082	185034
12083	166178
12084	157146
12085	150066
12086	148595
12087	151303
12088	151526
12089	164078
12090	166943
12091	159457
12092	159062
12093	144659
12094	141644
12095	135497
12096	134698
12097	132407
12098	129806
12099	140067
12100	150444
12101	129964
12102	117271
12103	113296
12104	120674
12105	131277
12106	138553
12107	134175
12108	124988
12109	112133
12110	103373
12111	104891
12112	107264
12113	116389
12114	118462
12115	114869
12116	117270
12117	116305
12118	116072
12119	116287
12120	120000
12121	116577
12122	104608
12123	95488
12124	92615
12125	77497
12126	41290
12127	24679
12128	23191
12129	23367
12130	24563
12131	23657
12132	23147
12133	21104
12134	21141
12135	20656
12136	20657
12137	20320
12138	19869
12139	19922
12140	20176
12141	20343
12142	19962
12143	19863
12144	19899
12145	20217
12146	19377
12147	19219
12148	18920
12149	19778
12150	20170
12151	20300
12152	19477
12153	19556
12154	20056
12155	21052
12156	21127
12157	20532
12158	20189
12159	20348
12160	20228
12161	20325
12162	20579
12163	20132
12164	20194
12165	19806
12166	21131
12167	21305
12168	21671
12169	21398
12170	21250
12171	20957
12172	20883
12173	21182
12174	21868
12175	21952
12176	21568
12177	21379
12178	21884
12179	22135
12180	22271
12181	22374
12182	22419
12183	22166
12184	21659
12185	21205
12186	21132
12187	20956
12188	21737
12189	22106
12190	22233
12191	21251
12192	20230
12193	19979
12194	19635
12195	20687
12196	20969
12197	21698
12198	22729
12199	23353
12200	23270
12201	22948
12202	23143
12203	23010
12204	22619
12205	22452
12206	22645
12207	23186
12208	23283
12209	23481
12210	23355
12211	23644
12212	22904
12213	22731
12214	21718
12215	22301
12216	22666
12217	24178
12218	24394
12219	24879
12220	24324
12221	23989
12222	23449
12223	23540
12224	23695
12225	23444
12226	23521
12227	23608
12228	24278
12229	24410
12230	23939
12231	23745
12232	24212
12233	24518
12234	24628
12235	23563
12236	22838
12237	22529
12238	22767
12239	23051
12240	23451
12241	23889
12242	25037
12243	24684
12244	24383
12245	24102
12246	24610
12247	24989
12248	25129
12249	24866
12250	24823
12251	24700
12252	24695
12253	24494
12254	24665
12255	24385
12256	22999
12257	22587
12258	22115
12259	22974
12260	23082
12261	23179
12262	23100
12263	23287
12264	23447
12265	22934
12266	22606
12267	22580
12268	23346
12269	23791
12270	23939
12271	24075
12272	23932
12273	23736
12274	23108
12275	22407
12276	22208
12277	22385
12278	23100
12279	22905
12280	22718
12281	22760
12282	22133
12283	21566
12284	21434
12285	21932
12286	22319
12287	21156
12288	21128
12289	20919
12290	21496
12291	21620
12292	21871
12293	21227
12294	20278
12295	20050
12296	20300
12297	20828
12298	21066
12299	20996
12300	20267
12301	19173
12302	18488
12303	18380
12304	18937
12305	19863
12306	20536
12307	19666
12308	19710
12309	20111
12310	20332
12311	20122
12312	20048
12313	20061
12314	19254
12315	16733
12316	15987
12317	15833
12318	15891
12319	15984
12320	15698
12321	15639
12322	13910
12323	13645
12324	13832
12325	14415
12326	14953
12327	14952
12328	14613
12329	14601
12330	14744
12331	15010
12332	14903
12333	13730
12334	13150
12335	13189
12336	13587
12337	13726
12338	13490
12339	13236
12340	12734
12341	12300
12342	12083
12343	12306
12344	11617
12345	11497
12346	11604
12347	12568
12348	19798
12349	21870
12350	29852
12351	30584
12352	33916
12353	37512
12354	38223
12355	40045
12356	40720
12357	43239
12358	42463
12359	43941
12360	44268
12361	44648
12362	46229
12363	48258
12364	49954
12365	51055
12366	50147
12367	48558
12368	50132
12369	53652
12370	56218
12371	57126
12372	56799
12373	55926
12374	57074
12375	58342
12376	59479
12377	60646
12378	61274
12379	63382
12380	65011
12381	66149
12382	65750
12383	65351
12384	64110
12385	63723
12386	64000
12387	65425
12388	66758
12389	67476
12390	66440
12391	66979
12392	66001
12393	68146
12394	69619
12395	72332
12396	72626
12397	71510
12398	70866
12399	71069
12400	71653
12401	73393
12402	76158
12403	78241
12404	79124
12405	77358
12406	75997
12407	76508
12408	77729
12409	75920
12410	74911
12411	79210
12412	84703
12413	87526
12414	89758
12415	90207
12416	88770
12417	89665
12418	91661
12419	95984
12420	97469
12421	97452
12422	98356
12423	97725
12424	97648
12425	94204
12426	96479
12427	96442
12428	99974
12429	98403
12430	98003
12431	95142
12432	96759
12433	100403
12434	104088
12435	109358
12436	109707
12437	108574
12438	109093
12439	110029
12440	112299
12441	110831
12442	113802
12443	114530
12444	116133
12445	115648
12446	116308
12447	115064
12448	114896
12449	115949
12450	118475
12451	118523
12452	119520
12453	118239
12454	120609
12455	118404
12456	115782
12457	117338
12458	117730
12459	122325
12460	124414
12461	126865
12462	127762
12463	129666
12464	129093
12465	131875
12466	134973
12467	137901
12468	138550
12469	136596
12470	136644
12471	137146
12472	138159
12473	136771
12474	136421
12475	132701
12476	132847
12477	132676
12478	139725
12479	142046
12480	144800
12481	144719
12482	142167
12483	142784
12484	143265
12485	148507
12486	146383
12487	147712
12488	145795
12489	146861
12490	147018
12491	152930
12492	154488
12493	151086
12494	153659
12495	151996
12496	156694
12497	152839
12498	154126
12499	150647
12500	151002
12501	150332
12502	146461
12503	143847
12504	145415
12505	148297
12506	152216
12507	148159
12508	140383
12509	137296
12510	141100
12511	150239
12512	154159
12513	150245
12514	149093
12515	149515
12516	151368
12517	149674
12518	149481
12519	153982
12520	161030
12521	163735
12522	163084
12523	163135
12524	159153
12525	162455
12526	162555
12527	160810
12528	153389
12529	151880
12530	153060
12531	161830
12532	164096
12533	159645
12534	157718
12535	160195
12536	165412
12537	169830
12538	168959
12539	162936
12540	156814
12541	152582
12542	160851
12543	165873
12544	174551
12545	174528
12546	169995
12547	168094
12548	167327
12549	173256
12550	176686
12551	180065
12552	175569
12553	174193
12554	177318
12555	176701
12556	174018
12557	172147
12558	175232
12559	177193
12560	173935
12561	170481
12562	168688
12563	174311
12564	178178
12565	176607
12566	175947
12567	174680
12568	178804
12569	184651
12570	187924
12571	176148
12572	170013
12573	171446
12574	177378
12575	182620
12576	184672
12577	182311
12578	180474
12579	175649
12580	181058
12581	185460
12582	177914
12583	171713
12584	164246
12585	173036
12586	175648
12587	178961
12588	181161
12589	182315
12590	182784
12591	182218
12592	176025
12593	177711
12594	176583
12595	186119
12596	189380
12597	189264
12598	188341
12599	186449
12600	188432
12601	188617
12602	188317
12603	186530
12604	184533
12605	180660
12606	174420
12607	171815
12608	177412
12609	182968
12610	188831
12611	186821
12612	180802
12613	178745
12614	178040
12615	186818
12616	192737
12617	191208
12618	194422
12619	190253
12620	190535
12621	188275
12622	188390
12623	191135
12624	194241
12625	197699
12626	196989
12627	199161
12628	196223
12629	188773
12630	184558
12631	179460
12632	185651
12633	184576
12634	192737
12635	192186
12636	192157
12637	193400
12638	198810
12639	188019
12640	185199
12641	181641
12642	188716
12643	189589
12644	186297
12645	189225
12646	188258
12647	191777
12648	185481
12649	188732
12650	186798
12651	193816
12652	188398
12653	189078
12654	189192
12655	193755
12656	195853
12657	198038
12658	199862
12659	201907
12660	199692
12661	193446
12662	186408
12663	186947
12664	189301
12665	194744
12666	187867
12667	178279
12668	169021
12669	159584
12670	166294
12671	173845
12672	183465
12673	180178
12674	175044
12675	178880
12676	182028
12677	186594
12678	187690
12679	184491
12680	181516
12681	176565
12682	182367
12683	177192
12684	178823
12685	174993
12686	174327
12687	176054
12688	175982
12689	181765
12690	183523
12691	183856
12692	181823
12693	180782
12694	179229
12695	182219
12696	174555
12697	176052
12698	173542
12699	176592
12700	174014
12701	173959
12702	177947
12703	177044
12704	170349
12705	171827
12706	172745
12707	175156
12708	169130
12709	169945
12710	176898
12711	181789
12712	178403
12713	178854
12714	179082
12715	171404
12716	166657
12717	168095
12718	174859
12719	178335
12720	172192
12721	175148
12722	177372
12723	181303
12724	179537
12725	171200
12726	175967
12727	177607
12728	187737
12729	177181
12730	174409
12731	174405
12732	177787
12733	173411
12734	171866
12735	168773
12736	166190
12737	165345
12738	174172
12739	177864
12740	175268
12741	173764
12742	168833
12743	167070
12744	163156
12745	169926
12746	174901
12747	181124
12748	178368
12749	170314
12750	170145
12751	171801
12752	175111
12753	171880
12754	168170
12755	170518
12756	174781
12757	170926
12758	171641
12759	171547
12760	171528
12761	169063
12762	167769
12763	160046
12764	157507
12765	158391
12766	167076
12767	170110
12768	169507
12769	168176
12770	167155
12771	163993
12772	160665
12773	154979
12774	154098
12775	157061
12776	166987
12777	167751
12778	164263
12779	163936
12780	163315
12781	168681
12782	171715
12783	174973
12784	177910
12785	175096
12786	173502
12787	164646
12788	161670
12789	163084
12790	169913
12791	170991
12792	171317
12793	172480
12794	171610
12795	164192
12796	160926
12797	163023
12798	167013
12799	168618
12800	171082
12801	173887
12802	172822
12803	171562
12804	171715
12805	175044
12806	170215
12807	169977
12808	169854
12809	171696
12810	172464
12811	171164
12812	171151
12813	169920
12814	169773
12815	167142
12816	168033
12817	172490
12818	172594
12819	173082
12820	173486
12821	179261
12822	172804
12823	172514
12824	163681
12825	171812
12826	170938
12827	180275
12828	184159
12829	188146
12830	188320
12831	186578
12832	192144
12833	193534
12834	187121
12835	184984
12836	184440
12837	186719
12838	178851
12839	177531
12840	180761
12841	189130
12842	191681
12843	191756
12844	194473
12845	194665
12846	189406
12847	183934
12848	181900
12849	181889
12850	183254
12851	175898
12852	176686
12853	179421
12854	186663
12855	191181
12856	187176
12857	184327
12858	183437
12859	181064
12860	177437
12861	174262
12862	174941
12863	179042
12864	181949
12865	183865
12866	183167
12867	183452
12868	172781
12869	169037
12870	166650
12871	170998
12872	170984
12873	171750
12874	172820
12875	176640
12876	175151
12877	172551
12878	168664
12879	170806
12880	177366
12881	184573
12882	185949
12883	183180
12884	176331
12885	173948
12886	174292
12887	177757
12888	172675
12889	165680
12890	162913
12891	167412
12892	175247
12893	180527
12894	175399
12895	172489
12896	167120
12897	173513
12898	174042
12899	178165
12900	174947
12901	176510
12902	179566
12903	181052
12904	179822
12905	171707
12906	169721
12907	172693
12908	177121
12909	178121
12910	172955
12911	169023
12912	168425
12913	161809
12914	164581
12915	162899
12916	168618
12917	165060
12918	163649
12919	166435
12920	171039
12921	172366
12922	171997
12923	168243
12924	163178
12925	154645
12926	153383
12927	150251
12928	157888
12929	161513
12930	169403
12931	171687
12932	170997
12933	171994
12934	174119
12935	176747
12936	176179
12937	173866
12938	173270
12939	168636
12940	159679
12941	150112
12942	151486
12943	158411
12944	167890
12945	171099
12946	173429
12947	173633
12948	172070
12949	165981
12950	163984
12951	163612
12952	163065
12953	164434
12954	170544
12955	173416
12956	170117
12957	162846
12958	166563
12959	167913
12960	173674
12961	166950
12962	156333
12963	154555
12964	155650
12965	162305
12966	159879
12967	158883
12968	152934
12969	147833
12970	149474
12971	153195
12972	159517
12973	159722
12974	158942
12975	159298
12976	156861
12977	158729
12978	158611
12979	152424
12980	144250
12981	143010
12982	142046
12983	145617
12984	146142
12985	149401
12986	149481
12987	148598
12988	149803
12989	155096
12990	153270
12991	150841
12992	148757
12993	149256
12994	147508
12995	147488
12996	148085
12997	148976
12998	148142
12999	148792
13000	146956
13001	146179
13002	145591
13003	144310
13004	140081
13005	138855
13006	143486
13007	149385
13008	145441
13009	138889
13010	130757
13011	132289
13012	138510
13013	144712
13014	142725
13015	143560
13016	147881
13017	145963
13018	139264
13019	130086
13020	130412
13021	132083
13022	135596
13023	139164
13024	133447
13025	133645
13026	126169
13027	131670
13028	131562
13029	136562
13030	137149
13031	129046
13032	126307
13033	124990
13034	129243
13035	125915
13036	124372
13037	125784
13038	128295
13039	133165
13040	133710
13041	130353
13042	123203
13043	123765
13044	127846
13045	136938
13046	139323
13047	133958
13048	132301
13049	130952
13050	132581
13051	127714
13052	121053
13053	121674
13054	124273
13055	132518
13056	126695
13057	126621
13058	120269
13059	121421
13060	123787
13061	126752
13062	128657
13063	126152
13064	123899
13065	127112
13066	129783
13067	133077
13068	130428
13069	125385
13070	124230
13071	126227
13072	132025
13073	133482
13074	133695
13075	133471
13076	130216
13077	131029
13078	129425
13079	133631
13080	129465
13081	132105
13082	133165
13083	134940
13084	129411
13085	124416
13086	122790
13087	124736
13088	128269
13089	130405
13090	135237
13091	135649
13092	130594
13093	130426
13094	130778
13095	133710
13096	132120
13097	130793
13098	127460
13099	125984
13100	126327
13101	128288
13102	128413
13103	125212
13104	123479
13105	124574
13106	122440
13107	126270
13108	129269
13109	130015
13110	131302
13111	132161
13112	135512
13113	131779
13114	130393
13115	131847
13116	132733
13117	129916
13118	126064
13119	127115
13120	121594
13121	123227
13122	121950
13123	127172
13124	125347
13125	127251
13126	123546
13127	124924
13128	118082
13129	118270
13130	117402
13131	119123
13132	122927
13133	128270
13134	124837
13135	123664
13136	125087
13137	130476
13138	131541
13139	130631
13140	132165
13141	132817
13142	132279
13143	134115
13144	127385
13145	121187
13146	114715
13147	119515
13148	127203
13149	131591
13150	134013
13151	135592
13152	136799
13153	133491
13154	124685
13155	128243
13156	130120
13157	138169
13158	134285
13159	127693
13160	126442
13161	126512
13162	132453
13163	132658
13164	135912
13165	131809
13166	129396
13167	127066
13168	130839
13169	132047
13170	134942
13171	129797
13172	124042
13173	124360
13174	126990
13175	131809
13176	127793
13177	122345
13178	120287
13179	119233
13180	120710
13181	122723
13182	125665
13183	128644
13184	127663
13185	130487
13186	128284
13187	128117
13188	126336
13189	126884
13190	126136
13191	125653
13192	129492
13193	128210
13194	126578
13195	123058
13196	123905
13197	122462
13198	123297
13199	123520
13200	123719
13201	123565
13202	123273
13203	124285
13204	121740
13205	121955
13206	126371
13207	128267
13208	126309
13209	121112
13210	118548
13211	118125
13212	121952
13213	126716
13214	131027
13215	131898
13216	131139
13217	130098
13218	129343
13219	130422
13220	132080
13221	133559
13222	131264
13223	131233
13224	126554
13225	125783
13226	124214
13227	125398
13228	124117
13229	124309
13230	128138
13231	133772
13232	141619
13233	141434
13234	141957
13235	140526
13236	137652
13237	133117
13238	128828
13239	126962
13240	124054
13241	127372
13242	107554
13243	111014
13244	109534
13245	125646
13246	131379
13247	131339
13248	135068
13249	130980
13250	133928
13251	130622
13252	133558
13253	132988
13254	132767
13255	134313
13256	134091
13257	134717
13258	130483
13259	125919
13260	125659
13261	130572
13262	133830
13263	131371
13264	131511
13265	135074
13266	134964
13267	127733
13268	122765
13269	122282
13270	124515
13271	129226
13272	135338
13273	139381
13274	141143
13275	140401
13276	139518
13277	140035
13278	134433
13279	133988
13280	134272
13281	139806
13282	141290
13283	141513
13284	139708
13285	137642
13286	136788
13287	134456
13288	128604
13289	117786
13290	118446
13291	120341
13292	131737
13293	134151
13294	134628
13295	134029
13296	133938
13297	134791
13298	136165
13299	133287
13300	133764
13301	135464
13302	139825
13303	137697
13304	134717
13305	132656
13306	135010
13307	140801
13308	139581
13309	138349
13310	135757
13311	137828
13312	138845
13313	136125
13314	139411
13315	140780
13316	142407
13317	141700
13318	138056
13319	141403
13320	140785
13321	143204
13322	142598
13323	146778
13324	146044
13325	147296
13326	140865
13327	138532
13328	133288
13329	137659
13330	137718
13331	143002
13332	133703
13333	131347
13334	129419
13335	134924
13336	140086
13337	140454
13338	143126
13339	142506
13340	145725
13341	145179
13342	144595
13343	143379
13344	135178
13345	128873
13346	129950
13347	135798
13348	143612
13349	143748
13350	140199
13351	142613
13352	145027
13353	148756
13354	148913
13355	150452
13356	150797
13357	151070
13358	147227
13359	148301
13360	144126
13361	141697
13362	138320
13363	140448
13364	145599
13365	147867
13366	145450
13367	140776
13368	132199
13369	130829
13370	136454
13371	144146
13372	149682
13373	148632
13374	149653
13375	148673
13376	143194
13377	145992
13378	144233
13379	148709
13380	145814
13381	141179
13382	135435
13383	133933
13384	136290
13385	143353
13386	148446
13387	147262
13388	144103
13389	144441
13390	146558
13391	146176
13392	141406
13393	140027
13394	138678
13395	139256
13396	143151
13397	145951
13398	144665
13399	142749
13400	141651
13401	146277
13402	145418
13403	144093
13404	141126
13405	139881
13406	141736
13407	146902
13408	150996
13409	151454
13410	149853
13411	147984
13412	150065
13413	147297
13414	135156
13415	132956
13416	131837
13417	132012
13418	129550
13419	129686
13420	140862
13421	144579
13422	147745
13423	146189
13424	146122
13425	148421
13426	149915
13427	146042
13428	140910
13429	136583
13430	137919
13431	141757
13432	148129
13433	144724
13434	137776
13435	131017
13436	133016
13437	137101
13438	143751
13439	144125
13440	145184
13441	140575
13442	140535
13443	141610
13444	146809
13445	143973
13446	135400
13447	130278
13448	126909
13449	133379
13450	135126
13451	134120
13452	133920
13453	135972
13454	140696
13455	140470
13456	136124
13457	135064
13458	136384
13459	138096
13460	140649
13461	140231
13462	133568
13463	131372
13464	131209
13465	133912
13466	125687
13467	123217
13468	127203
13469	137588
13470	135864
13471	134622
13472	131519
13473	134558
13474	135871
13475	140481
13476	139227
13477	137271
13478	136715
13479	137772
13480	136981
13481	134234
13482	132716
13483	134059
13484	133181
13485	132808
13486	132751
13487	133626
13488	136396
13489	138459
13490	136184
13491	134496
13492	132924
13493	136519
13494	136782
13495	139572
13496	139284
13497	138314
13498	133883
13499	128180
13500	129175
13501	131729
13502	135011
13503	136872
13504	136128
13505	137857
13506	134404
13507	131479
13508	133746
13509	136837
13510	143122
13511	141528
13512	132259
13513	127888
13514	124970
13515	129984
13516	131991
13517	137072
13518	136731
13519	132259
13520	131609
13521	131723
13522	134981
13523	133537
13524	132102
13525	131289
13526	131800
13527	128655
13528	126224
13529	125663
13530	126964
13531	131120
13532	130662
13533	134381
13534	130770
13535	129122
13536	130539
13537	134892
13538	135245
13539	133883
13540	131543
13541	131995
13542	132222
13543	133102
13544	131838
13545	130672
13546	131506
13547	132019
13548	120318
13549	116192
13550	113439
13551	118113
13552	115285
13553	112638
13554	116289
13555	121210
13556	123385
13557	116287
13558	110656
13559	109606
13560	112251
13561	117502
13562	119808
13563	122377
13564	117559
13565	120767
13566	119600
13567	123369
13568	123360
13569	123164
13570	120580
13571	118367
13572	116681
13573	118397
13574	117268
13575	118136
13576	116992
13577	115738
13578	108985
13579	106410
13580	108272
13581	111433
13582	111525
13583	107095
13584	108672
13585	104864
13586	103540
13587	102172
13588	108650
13589	111153
13590	108244
13591	106933
13592	108713
13593	107916
13594	106292
13595	103064
13596	105511
13597	103173
13598	101537
13599	103575
13600	107509
13601	113142
13602	112626
13603	108784
13604	106257
13605	101860
13606	103121
13607	101896
13608	102523
13609	101565
13610	102483
13611	103307
13612	105427
13613	105893
13614	106392
13615	104372
13616	92859
13617	90043
13618	92442
13619	97993
13620	99322
13621	99453
13622	99125
13623	98746
13624	94792
13625	90291
13626	89083
13627	91651
13628	96397
13629	97817
13630	96273
13631	95811
13632	95132
13633	93134
13634	87888
13635	89307
13636	92351
13637	91685
13638	88456
13639	86527
13640	89696
13641	91847
13642	89804
13643	88350
13644	86265
13645	86850
13646	86057
13647	84664
13648	82815
13649	83946
13650	80356
13651	80579
13652	75571
13653	76338
13654	77725
13655	82780
13656	86132
13657	83036
13658	83283
13659	83404
13660	85003
13661	82992
13662	83063
13663	83944
13664	85770
13665	84841
13666	83288
13667	80083
13668	79374
13669	80751
13670	83858
13671	85727
13672	83988
13673	83571
13674	83403
13675	79441
13676	75599
13677	71410
13678	70134
13679	71114
13680	72804
13681	75215
13682	71449
13683	69934
13684	72509
13685	77122
13686	79358
13687	79740
13688	80184
13689	80447
13690	74541
13691	70800
13692	68218
13693	66409
13694	67045
13695	70154
13696	76430
13697	78589
13698	78957
13699	71044
13700	68108
13701	65893
13702	69093
13703	67638
13704	66346
13705	67850
13706	70939
13707	67934
13708	67300
13709	65481
13710	68232
13711	64345
13712	66326
13713	67582
13714	67859
13715	65588
13716	64726
13717	66917
13718	65983
13719	67297
13720	70441
13721	69093
13722	69255
13723	68271
13724	71521
13725	69396
13726	69338
13727	70862
13728	71276
13729	67429
13730	65043
13731	64697
13732	67249
13733	69295
13734	71638
13735	73116
13736	72775
13737	72736
13738	72742
13739	74363
13740	74681
13741	72906
13742	72622
13743	72811
13744	72675
13745	70503
13746	70843
13747	71357
13748	71222
13749	70870
13750	70495
13751	70292
13752	70293
13753	67083
13754	65032
13755	62670
13756	62537
13757	64005
13758	61024
13759	62786
13760	59134
13761	59542
13762	56265
13763	57714
13764	58412
13765	59812
13766	60378
13767	60736
13768	63869
13769	61621
13770	63529
13771	61182
13772	63643
13773	61558
13774	61691
13775	64800
13776	66080
13777	66341
13778	66863
13779	66036
13780	64664
13781	61429
13782	60355
13783	60370
13784	60659
13785	61275
13786	61227
13787	63625
13788	64897
13789	63364
13790	63076
13791	61382
13792	64167
13793	66176
13794	68944
13795	66601
13796	64028
13797	62790
13798	64565
13799	66855
13800	68264
13801	69270
13802	66558
13803	60221
13804	57588
13805	56043
13806	62602
13807	64873
13808	66715
13809	60113
13810	60116
13811	61264
13812	68105
13813	68796
13814	68186
13815	70259
13816	72006
13817	72194
13818	72589
13819	74220
13820	70794
13821	69927
13822	69734
13823	72318
13824	70896
13825	65011
13826	61827
13827	62517
13828	66836
13829	71175
13830	72058
13831	73919
13832	72988
13833	73270
13834	71711
13835	73539
13836	70804
13837	67545
13838	66008
13839	69264
13840	73216
13841	76431
13842	74801
13843	69852
13844	68151
13845	71168
13846	76087
13847	78351
13848	79698
13849	78190
13850	76811
13851	76527
13852	78218
13853	77869
13854	76561
13855	77487
13856	79070
13857	80463
13858	75161
13859	74996
13860	76677
13861	80466
13862	80893
13863	80548
13864	80430
13865	79841
13866	76958
13867	78558
13868	80959
13869	84379
13870	84850
13871	84272
13872	84087
13873	84398
13874	85267
13875	85493
13876	84732
13877	82221
13878	80264
13879	76380
13880	78089
13881	76663
13882	79901
13883	80949
13884	83347
13885	85026
13886	85376
13887	87241
13888	85584
13889	83451
13890	86019
13891	84666
13892	86370
13893	86446
13894	89670
13895	90257
13896	92258
13897	92043
13898	90715
13899	89411
13900	89209
13901	88805
13902	90872
13903	87751
13904	88338
13905	86697
13906	87919
13907	87607
13908	88036
13909	89175
13910	89572
13911	87001
13912	88633
13913	88644
13914	87592
13915	82637
13916	82009
13917	82946
13918	87145
13919	88089
13920	91134
13921	89920
13922	88657
13923	84606
13924	84864
13925	87131
13926	90780
13927	86664
13928	85181
13929	83894
13930	87769
13931	88490
13932	90541
13933	92725
13934	92930
13935	92355
13936	90539
13937	88831
13938	88793
13939	85832
13940	87326
13941	87052
13942	91467
13943	91780
13944	90136
13945	88936
13946	85587
13947	86092
13948	86738
13949	88596
13950	90376
13951	92197
13952	93583
13953	91259
13954	91679
13955	91822
13956	90414
13957	84630
13958	78852
13959	78396
13960	82158
13961	88229
13962	88930
13963	90185
13964	91042
13965	91136
13966	89794
13967	86690
13968	83606
13969	80425
13970	77430
13971	81383
13972	85169
13973	88921
13974	86229
13975	82844
13976	82231
13977	84992
13978	88941
13979	88509
13980	86593
13981	83198
13982	83420
13983	86391
13984	88129
13985	90066
13986	89904
13987	89487
13988	87379
13989	87391
13990	87237
13991	88161
13992	89523
13993	89765
13994	91711
13995	87942
13996	82206
13997	78979
13998	80540
13999	85660
14000	88729
14001	89222
14002	85191
14003	84017
14004	86400
14005	87802
14006	87262
14007	84658
14008	85280
14009	89537
14010	90373
14011	89986
14012	89685
14013	92469
14014	93045
14015	87270
14016	83739
14017	84772
14018	89446
14019	92895
14020	92922
14021	92049
14022	89866
14023	87355
14024	88136
14025	91855
14026	95292
14027	93372
14028	91888
14029	89404
14030	91618
14031	91290
14032	91404
14033	90273
14034	90819
14035	91396
14036	92237
14037	92422
14038	92626
14039	87267
14040	85597
14041	85448
14042	86795
14043	87474
14044	89909
14045	93521
14046	91859
14047	89198
14048	88013
14049	89812
14050	87742
14051	88520
14052	85948
14053	85734
14054	83788
14055	85877
14056	86022
14057	87766
14058	88037
14059	91990
14060	91646
14061	91260
14062	90808
14063	90917
14064	90388
14065	87441
14066	86621
14067	85781
14068	88149
14069	89035
14070	87234
14071	83953
14072	76611
14073	78935
14074	82354
14075	91475
14076	93756
14077	92676
14078	92651
14079	86034
14080	78811
14081	77932
14082	78931
14083	85663
14084	88376
14085	87601
14086	87238
14087	88019
14088	89471
14089	89012
14090	85676
14091	81692
14092	82003
14093	83718
14094	88385
14095	86625
14096	82788
14097	80661
14098	81899
14099	80154
14100	78239
14101	78999
14102	80484
14103	82459
14104	79358
14105	82175
14106	81817
14107	86044
14108	82387
14109	82541
14110	82116
14111	82139
14112	80749
14113	80432
14114	79152
14115	75176
14116	74021
14117	75244
14118	79027
14119	79430
14120	80343
14121	81482
14122	80548
14123	77230
14124	76851
14125	77670
14126	81498
14127	80025
14128	75727
14129	70784
14130	71731
14131	74099
14132	77729
14133	78901
14134	78129
14135	75526
14136	74981
14137	75591
14138	79960
14139	81682
14140	80036
14141	77278
14142	78905
14143	79785
14144	80265
14145	80920
14146	81042
14147	77141
14148	73338
14149	71345
14150	74172
14151	77237
14152	78993
14153	77390
14154	72660
14155	70209
14156	68246
14157	68359
14158	69852
14159	68362
14160	69651
14161	68963
14162	69797
14163	71225
14164	74029
14165	74027
14166	72717
14167	74714
14168	75570
14169	78320
14170	78242
14171	78353
14172	78640
14173	79601
14174	79354
14175	79664
14176	79841
14177	79294
14178	78861
14179	79581
14180	80068
14181	79908
14182	78581
14183	76181
14184	75260
14185	70810
14186	70579
14187	71276
14188	74368
14189	75177
14190	75006
14191	76796
14192	75963
14193	73898
14194	75435
14195	76625
14196	77452
14197	74397
14198	75067
14199	73445
14200	74677
14201	75005
14202	74179
14203	70823
14204	69092
14205	71247
14206	73007
14207	73885
14208	72903
14209	73423
14210	71031
14211	71854
14212	73257
14213	73695
14214	73975
14215	74414
14216	74744
14217	74685
14218	75067
14219	75998
14220	73601
14221	71826
14222	72293
14223	70623
14224	69480
14225	65968
14226	64087
14227	61106
14228	63501
14229	67580
14230	72506
14231	73842
14232	72958
14233	72668
14234	71963
14235	73768
14236	74500
14237	75323
14238	74563
14239	75391
14240	74845
14241	72695
14242	65228
14243	61397
14244	60190
14245	62849
14246	64722
14247	66550
14248	65470
14249	67475
14250	66201
14251	68094
14252	68361
14253	70737
14254	72105
14255	71113
14256	71177
14257	70707
14258	69412
14259	66913
14260	66390
14261	66816
14262	67531
14263	67870
14264	68807
14265	68333
14266	68268
14267	67109
14268	67059
14269	67142
14270	67265
14271	68722
14272	70130
14273	67925
14274	65705
14275	63598
14276	65923
14277	68819
14278	68642
14279	60236
14280	57865
14281	55920
14282	61215
14283	61661
14284	63026
14285	64587
14286	67231
14287	64109
14288	63739
14289	63425
14290	67329
14291	68861
14292	68612
14293	68346
14294	69885
14295	71009
14296	69740
14297	68605
14298	69023
14299	69890
14300	70357
14301	69554
14302	68274
14303	67688
14304	62624
14305	61269
14306	61045
14307	64889
14308	64529
14309	63420
14310	64103
14311	67203
14312	68559
14313	66949
14314	65109
14315	65680
14316	65740
14317	68307
14318	69043
14319	69604
14320	69624
14321	68744
14322	65029
14323	65764
14324	65269
14325	68710
14326	69869
14327	67953
14328	66803
14329	66545
14330	69173
14331	69064
14332	66939
14333	64739
14334	65054
14335	67763
14336	68038
14337	67374
14338	66099
14339	66078
14340	64003
14341	62414
14342	63837
14343	65992
14344	70673
14345	71156
14346	71934
14347	72248
14348	73337
14349	71386
14350	72336
14351	70655
14352	73422
14353	73024
14354	75986
14355	74682
14356	72469
14357	69945
14358	66682
14359	68218
14360	69443
14361	73743
14362	73735
14363	69147
14364	67582
14365	69198
14366	70689
14367	71847
14368	72802
14369	73816
14370	74147
14371	70435
14372	72711
14373	74627
14374	76341
14375	75080
14376	72032
14377	72342
14378	71522
14379	72987
14380	71946
14381	74876
14382	73989
14383	71657
14384	71200
14385	72793
14386	75458
14387	73029
14388	69798
14389	67866
14390	68061
14391	69246
14392	72053
14393	76018
14394	77528
14395	77866
14396	80804
14397	78535
14398	76899
14399	76568
14400	78297
14401	78122
14402	79248
14403	78891
14404	80023
14405	77202
14406	77103
14407	78007
14408	79737
14409	76361
14410	72178
14411	70904
14412	73477
14413	77669
14414	80506
14415	81649
14416	76738
14417	74634
14418	71757
14419	75085
14420	76054
14421	79331
14422	78507
14423	68885
14424	65959
14425	64965
14426	72423
14427	72811
14428	75915
14429	77328
14430	80700
14431	77143
14432	73768
14433	73634
14434	74648
14435	78740
14436	80891
14437	79422
14438	77794
14439	75344
14440	77580
14441	79205
14442	80091
14443	81917
14444	79386
14445	80839
14446	80160
14447	83312
14448	84711
14449	83151
14450	82169
14451	81682
14452	77855
14453	73084
14454	73045
14455	75992
14456	79853
14457	79825
14458	76496
14459	76318
14460	77620
14461	81758
14462	83075
14463	83032
14464	81885
14465	82377
14466	82011
14467	84293
14468	84378
14469	83368
14470	79043
14471	80617
14472	81841
14473	86310
14474	85952
14475	79899
14476	77806
14477	77646
14478	81923
14479	82556
14480	79503
14481	79660
14482	82816
14483	86726
14484	86504
14485	86139
14486	84287
14487	85197
14488	80809
14489	78721
14490	75030
14491	74289
14492	73608
14493	75154
14494	79900
14495	82343
14496	81555
14497	80296
14498	81796
14499	82717
14500	84011
14501	81053
14502	81289
14503	82836
14504	85961
14505	85829
14506	85481
14507	85236
14508	85440
14509	84532
14510	81089
14511	81592
14512	82812
14513	86134
14514	86998
14515	87243
14516	86134
14517	82177
14518	77577
14519	74367
14520	76048
14521	78790
14522	85208
14523	86225
14524	85748
14525	85188
14526	81885
14527	78500
14528	77266
14529	78219
14530	77447
14531	76012
14532	72821
14533	70353
14534	71993
14535	74601
14536	81685
14537	81576
14538	79869
14539	78976
14540	78719
14541	78385
14542	81290
14543	79115
14544	80568
14545	78630
14546	81551
14547	82499
14548	83037
14549	83769
14550	83571
14551	83023
14552	82555
14553	81480
14554	81626
14555	79861
14556	76534
14557	72431
14558	72114
14559	71037
14560	71957
14561	71403
14562	73099
14563	74851
14564	77229
14565	76004
14566	73528
14567	71823
14568	69433
14569	69997
14570	70398
14571	74232
14572	75478
14573	74701
14574	74613
14575	75637
14576	73892
14577	72648
14578	73778
14579	75545
14580	76023
14581	75036
14582	72985
14583	73969
14584	74895
14585	76152
14586	71621
14587	67088
14588	62245
14589	60485
14590	58712
14591	60811
14592	64795
14593	73472
14594	76491
14595	77942
14596	77252
14597	78004
14598	79299
14599	78324
14600	75394
14601	75157
14602	73976
14603	74547
14604	73638
14605	73577
14606	68156
14607	65112
14608	63507
14609	67402
14610	71544
14611	72841
14612	73202
14613	72859
14614	71050
14615	70962
14616	70205
14617	72470
14618	68198
14619	64857
14620	60068
14621	57750
14622	58311
14623	61129
14624	67753
14625	68930
14626	68884
14627	65722
14628	61633
14629	56910
14630	52321
14631	53072
14632	55800
14633	64039
14634	66543
14635	66131
14636	64246
14637	64241
14638	65267
14639	66825
14640	61634
14641	57326
14642	51566
14643	53134
14644	54374
14645	59669
14646	59017
14647	57433
14648	56124
14649	55697
14650	57758
14651	58006
14652	58312
14653	57644
14654	57153
14655	58470
14656	57447
14657	57005
14658	55702
14659	55825
14660	57494
14661	58494
14662	51662
14663	47085
14664	45825
14665	49884
14666	49582
14667	48399
14668	46360
14669	46265
14670	45844
14671	45946
14672	46445
14673	48195
14674	47909
14675	47016
14676	45913
14677	44106
14678	44195
14679	43531
14680	43472
14681	43468
14682	41913
14683	42706
14684	42018
14685	43024
14686	42463
14687	41822
14688	42576
14689	42115
14690	43286
14691	43104
14692	41810
14693	39071
14694	38424
14695	37988
14696	39952
14697	38667
14698	38062
14699	35619
14700	34319
14701	35034
14702	37625
14703	38939
14704	37561
14705	38052
14706	37944
14707	38947
14708	39463
14709	38443
14710	38884
14711	38339
14712	39111
14713	38202
14714	36622
14715	33277
14716	32172
14717	32577
14718	35195
14719	34305
14720	33045
14721	33155
14722	35255
14723	35492
14724	35734
14725	35056
14726	35867
14727	35560
14728	35227
14729	34369
14730	34049
14731	33663
14732	32684
14733	32002
14734	31057
14735	31986
14736	31773
14737	33373
14738	31343
14739	29492
14740	27385
14741	27036
14742	22417
14743	18046
14744	12975
14745	10918
14746	9408
14747	7780
14748	7453
14749	7157
14750	7039
14751	7388
14752	7597
14753	7881
14754	8223
14755	8733
14756	8912
14757	8864
14758	9844
14759	30589
14760	52742
14761	56819
14762	59484
14763	65994
14764	71281
14765	71206
14766	71718
14767	75411
14768	73698
14769	71941
14770	71781
14771	75457
14772	83420
14773	85648
14774	87583
14775	89940
14776	91667
14777	91805
14778	92340
14779	94259
14780	97437
14781	105304
14782	106887
14783	108017
14784	109508
14785	110958
14786	110506
14787	109961
14788	109769
14789	107863
14790	105604
14791	105835
14792	104921
14793	104095
14794	110682
14795	113323
14796	117107
14797	116236
14798	119044
14799	119223
14800	122506
14801	121761
14802	122373
14803	120825
14804	111330
14805	111010
14806	113019
14807	125825
14808	126415
14809	128870
14810	128388
14811	129995
14812	127970
14813	128485
14814	128385
14815	130826
14816	132362
14817	133620
14818	133751
14819	133167
14820	137650
14821	139837
14822	141469
14823	140564
14824	141910
14825	142972
14826	143581
14827	147045
14828	147433
14829	149360
14830	147388
14831	149777
14832	150012
14833	151276
14834	152549
14835	151564
14836	154099
14837	155317
14838	156119
14839	154349
14840	153800
14841	156559
14842	163447
14843	166092
14844	167594
14845	164555
14846	157015
14847	155297
14848	158338
14849	165561
14850	170067
14851	169384
14852	172226
14853	171963
14854	173170
14855	172057
14856	172262
14857	170527
14858	164759
14859	162932
14860	163377
14861	167655
14862	166075
14863	168515
14864	171004
14865	175438
14866	175345
14867	176640
14868	180246
14869	170788
14870	168703
14871	167559
14872	176957
14873	182576
14874	185213
14875	186556
14876	185341
14877	181812
14878	175963
14879	174862
14880	178842
14881	186375
14882	188467
14883	189236
14884	191420
14885	192695
14886	195129
14887	190076
14888	184547
14889	183549
14890	185988
14891	193542
14892	198470
14893	198752
14894	199322
14895	198139
14896	203885
14897	204456
14898	203714
14899	197409
14900	194338
14901	196069
14902	200426
14903	202813
14904	201490
14905	203119
14906	203870
14907	205654
14908	200893
14909	192891
14910	192824
14911	197587
14912	195160
14913	192402
14914	191770
14915	192834
14916	194985
14917	173553
14918	169682
14919	169003
14920	184237
14921	186078
14922	186164
14923	190512
14924	196068
14925	197824
14926	187472
14927	185636
14928	189609
14929	196345
14930	191279
14931	188298
14932	194392
14933	200433
14934	206439
14935	208595
14936	208303
14937	207852
14938	206614
14939	207291
14940	208765
14941	200923
14942	199845
14943	200420
14944	203374
14945	203819
14946	202491
14947	210183
14948	211572
14949	216448
14950	215992
14951	217680
14952	217569
14953	217192
14954	215983
14955	218645
14956	221064
14957	222830
14958	221073
14959	219114
14960	216213
14961	215305
14962	218295
14963	224745
14964	229918
14965	235472
14966	233485
14967	231248
14968	233792
14969	235972
14970	235086
14971	231460
14972	220324
14973	217809
14974	219813
14975	230912
14976	233555
14977	231113
14978	231255
14979	232914
14980	234979
14981	234813
14982	228244
14983	228700
14984	217252
14985	219519
14986	217201
14987	219566
14988	218857
14989	214517
14990	219730
14991	222614
14992	226074
14993	222188
14994	220896
14995	216211
14996	208870
14997	210090
14998	213856
14999	218124
15000	217754
15001	209575
15002	209863
15003	208944
15004	213462
15005	213722
15006	192101
15007	190936
15008	196914
15009	220754
15010	221521
15011	224215
15012	222817
15013	228545
15014	227435
15015	223369
15016	225221
15017	225471
15018	235812
15019	232484
15020	229304
15021	222877
15022	225455
15023	221068
15024	214802
15025	208371
15026	207165
15027	211883
15028	218476
15029	220191
15030	216721
15031	212416
15032	213106
15033	220326
15034	226044
15035	219340
15036	219642
15037	219832
15038	219348
15039	216631
15040	216414
15041	212924
15042	211253
15043	209305
15044	210396
15045	211093
15046	213745
15047	211645
15048	212646
15049	214883
15050	224137
15051	225274
15052	229846
15053	227079
15054	233449
15055	234899
15056	232857
15057	229191
15058	222053
15059	219245
15060	207471
15061	204671
15062	209794
15063	207781
15064	209499
15065	211293
15066	216941
15067	215023
15068	217311
15069	213405
15070	217240
15071	212724
15072	214192
15073	210574
15074	213824
15075	220221
15076	217274
15077	217794
15078	211578
15079	207159
15080	202647
15081	199572
15082	211265
15083	214489
15084	220221
15085	215671
15086	212897
15087	212329
15088	213505
15089	215770
15090	215044
15091	214821
15092	202148
15093	198842
15094	194202
15095	202137
15096	209560
15097	209338
15098	209040
15099	198012
15100	195054
15101	194145
15102	195634
15103	195832
15104	193943
15105	193936
15106	189861
15107	185890
15108	191517
15109	191275
15110	190485
15111	185965
15112	180425
15113	179772
15114	180698
15115	191418
15116	198947
15117	199435
15118	192113
15119	190379
15120	191785
15121	193153
15122	195234
15123	195577
15124	189390
15125	182056
15126	180156
15127	187734
15128	197446
15129	200209
15130	201160
15131	203131
15132	206842
15133	203204
15134	193038
15135	190833
15136	195339
15137	204290
15138	208630
15139	205612
15140	201947
15141	195235
15142	195236
15143	198486
15144	198496
15145	193339
15146	190268
15147	191082
15148	197498
15149	201876
15150	195898
15151	191810
15152	184724
15153	187470
15154	190531
15155	199309
15156	205809
15157	203124
15158	203406
15159	208094
15160	214449
15161	211577
15162	212614
15163	213403
15164	217648
15165	211343
15166	214771
15167	213713
15168	211979
15169	202554
15170	195692
15171	193631
15172	193542
15173	188600
15174	191580
15175	193657
15176	203634
15177	206302
15178	209486
15179	213087
15180	213291
15181	213361
15182	211977
15183	214381
15184	218486
15185	221505
15186	222193
15187	221931
15188	217295
15189	210977
15190	211802
15191	218366
15192	222405
15193	218132
15194	216970
15195	215439
15196	216530
15197	205747
15198	205844
15199	199946
15200	200412
15201	196037
15202	194756
15203	198353
15204	191502
15205	189818
15206	191507
15207	199592
15208	208503
15209	207896
15210	205771
15211	205968
15212	204095
15213	204340
15214	201874
15215	198199
15216	194367
15217	185137
15218	189179
15219	196031
15220	199481
15221	192188
15222	188444
15223	180491
15224	188034
15225	193478
15226	193801
15227	191401
15228	185536
15229	187867
15230	189753
15231	191765
15232	192425
15233	190327
15234	188824
15235	187981
15236	188081
15237	186970
15238	190434
15239	190507
15240	189036
15241	184983
15242	178111
15243	176125
15244	175224
15245	174412
15246	173619
15247	175420
15248	176083
15249	180844
15250	179807
15251	183366
15252	185821
15253	187510
15254	189477
15255	189417
15256	188543
15257	184544
15258	182705
15259	183541
15260	183419
15261	179959
15262	176421
15263	176312
15264	178268
15265	177407
15266	178595
15267	171392
15268	171555
15269	172129
15270	176870
15271	179011
15272	178731
15273	173749
15274	173818
15275	170188
15276	171383
15277	170569
15278	173629
15279	173379
15280	174926
15281	175049
15282	181132
15283	177969
15284	174184
15285	167837
15286	171622
15287	177213
15288	184637
15289	184175
15290	182606
15291	177776
15292	178488
15293	181357
15294	184605
15295	182513
15296	181806
15297	178647
15298	179522
15299	181343
15300	180844
15301	173803
15302	160542
15303	158626
15304	163256
15305	171566
15306	176391
15307	176808
15308	177772
15309	179880
15310	179601
15311	178141
15312	177442
15313	175110
15314	174289
15315	170007
15316	167221
15317	158786
15318	154102
15319	155504
15320	163691
15321	169886
15322	168082
15323	166301
15324	166032
15325	164084
15326	163268
15327	160916
15328	162714
15329	161004
15330	162139
15331	162944
15332	159430
15333	158967
15334	150100
15335	151996
15336	150271
15337	151742
15338	153319
15339	161884
15340	167885
15341	166399
15342	161512
15343	163677
15344	164886
15345	165324
15346	162688
15347	155484
15348	157121
15349	155781
15350	158777
15351	158127
15352	154426
15353	156070
15354	156820
15355	159254
15356	155816
15357	152041
15358	140054
15359	143924
15360	150035
15361	165051
15362	160930
15363	158695
15364	160641
15365	156124
15366	151346
15367	144089
15368	143463
15369	143217
15370	146427
15371	150298
15372	156970
15373	157013
15374	151245
15375	147689
15376	145443
15377	148390
15378	149669
15379	151410
15380	147991
15381	143003
15382	142634
15383	142862
15384	139607
15385	138884
15386	141365
15387	148704
15388	150350
15389	141809
15390	142127
15391	137291
15392	143232
15393	145100
15394	149138
15395	151216
15396	150410
15397	147116
15398	147091
15399	144457
15400	144104
15401	138191
15402	132633
15403	133910
15404	139925
15405	137682
15406	136905
15407	132895
15408	134243
15409	123543
15410	122136
15411	125907
15412	136130
15413	141177
15414	136611
15415	135859
15416	135490
15417	139312
15418	136065
15419	135693
15420	134603
15421	134310
15422	133274
15423	131654
15424	134933
15425	135857
15426	137116
15427	106644
15428	99958
15429	99248
15430	117467
15431	114682
15432	105898
15433	106889
15434	111839
15435	119101
15436	117036
15437	109516
15438	103630
15439	101096
15440	109093
15441	118076
15442	118002
15443	117394
15444	119723
15445	118784
15446	119641
15447	113646
15448	117562
15449	117050
15450	111633
15451	107446
15452	106008
15453	114155
15454	113770
15455	113976
15456	108943
15457	113454
15458	104678
15459	105302
15460	104130
15461	112974
15462	115971
15463	112348
15464	111881
15465	110487
15466	112541
15467	112348
15468	114651
15469	117073
15470	121741
15471	122407
15472	119678
15473	115985
15474	115887
15475	113847
15476	116926
15477	116948
15478	120988
15479	120215
15480	116773
15481	118670
15482	116869
15483	118949
15484	113025
15485	111679
15486	112842
15487	111906
15488	106500
15489	102724
15490	104155
15491	110728
15492	110516
15493	113363
15494	112227
15495	118618
15496	111283
15497	105669
15498	102311
15499	106220
15500	102796
15501	101339
15502	99630
15503	107746
15504	112654
15505	113562
15506	111824
15507	109674
15508	115830
15509	119927
15510	121508
15511	122915
15512	125783
15513	127349
15514	123968
15515	117020
15516	112069
15517	113572
15518	118426
15519	124708
15520	120515
15521	113747
15522	113705
15523	115248
15524	112850
15525	110313
15526	107996
15527	111822
15528	115524
15529	120001
15530	127998
15531	134268
15532	133078
15533	129191
15534	126564
15535	126299
15536	123147
15537	119610
15538	118160
15539	119870
15540	123386
15541	124086
15542	122294
15543	119822
15544	122957
15545	125497
15546	132599
15547	132641
15548	130566
15549	131092
15550	133746
15551	132385
15552	126323
15553	120295
15554	118479
15555	121689
15556	123114
15557	129483
15558	132859
15559	136755
15560	135083
15561	139229
15562	140529
15563	145050
15564	147855
15565	148989
15566	151946
15567	146951
15568	145237
15569	145951
15570	151680
15571	153807
15572	152245
15573	148842
15574	141689
15575	136151
15576	134306
15577	140652
15578	147176
15579	152022
15580	152802
15581	152323
15582	155083
15583	155655
15584	156392
15585	156613
15586	153417
15587	160356
15588	154725
15589	159800
15590	153009
15591	148951
15592	149419
15593	150237
15594	159407
15595	155221
15596	156303
15597	151622
15598	153986
15599	156113
15600	163528
15601	170775
15602	173602
15603	171152
15604	174789
15605	176652
15606	174777
15607	170157
15608	174504
15609	179765
15610	179999
15611	173173
15612	168718
15613	167188
15614	167956
15615	167164
15616	170255
15617	171793
15618	153122
15619	155502
15620	158367
15621	186696
15622	184211
15623	176365
15624	170360
15625	170460
15626	177716
15627	183504
15628	185901
15629	186150
15630	186856
15631	185643
15632	186299
15633	186861
15634	190847
15635	181636
15636	181054
15637	181112
15638	186669
15639	181681
15640	181625
15641	183100
15642	187562
15643	189279
15644	187719
15645	181889
15646	181148
15647	183169
15648	191390
15649	185994
15650	182613
15651	182885
15652	189722
15653	192536
15654	192250
15655	191285
15656	189448
15657	182881
15658	180483
15659	176766
15660	180146
15661	180933
15662	188020
15663	181964
15664	182173
15665	183357
15666	183429
15667	185309
15668	185101
15669	192968
15670	194552
15671	194607
15672	193433
15673	193613
15674	184835
15675	185450
15676	187144
15677	193953
15678	191422
15679	188866
15680	189775
15681	191045
15682	192030
15683	192632
15684	193158
15685	193889
15686	182397
15687	179120
15688	179331
15689	188312
15690	194142
15691	193705
15692	192219
15693	190337
15694	189715
15695	189038
15696	189686
15697	188379
15698	181709
15699	175600
15700	169986
15701	175743
15702	180052
15703	186007
15704	187856
15705	189625
15706	191586
15707	184552
15708	175147
15709	173852
15710	176465
15711	183413
15712	183649
15713	178966
15714	180238
15715	176119
15716	178482
15717	180071
15718	186621
15719	185491
15720	184218
15721	184089
15722	180919
15723	171965
15724	167565
15725	168724
15726	171584
15727	171766
15728	172962
15729	177302
15730	172649
15731	162968
15732	160213
15733	160684
15734	165026
15735	168594
15736	181468
15737	179264
15738	172310
15739	172413
15740	173883
15741	171021
15742	169929
15743	172110
15744	178745
15745	181993
15746	181744
15747	183710
15748	177752
15749	179505
15750	178586
15751	179542
15752	170142
15753	163225
15754	167182
15755	171821
15756	177547
15757	172813
15758	171963
15759	169654
15760	171293
15761	171092
15762	175238
15763	174006
15764	171619
15765	166841
15766	168992
15767	173554
15768	171305
15769	164381
15770	162483
15771	168966
15772	173261
15773	175440
15774	172852
15775	175798
15776	166313
15777	157891
15778	157514
15779	158470
15780	158956
15781	147045
15782	144402
15783	144666
15784	154100
15785	162748
15786	164776
15787	162387
15788	152462
15789	148573
15790	150134
15791	158682
15792	158379
15793	158580
15794	159073
15795	163627
15796	161263
15797	155463
15798	150103
15799	151184
15800	155254
15801	160439
15802	157724
15803	157403
15804	157306
15805	152114
15806	149137
15807	141117
15808	143617
15809	138511
15810	141765
15811	140738
15812	147810
15813	147131
15814	146472
15815	145397
15816	147280
15817	152034
15818	146347
15819	141882
15820	139964
15821	141524
15822	143608
15823	140804
15824	140752
15825	139332
15826	136472
15827	134966
15828	131124
15829	132949
15830	133621
15831	122279
15832	117778
15833	117717
15834	125859
15835	132463
15836	129859
15837	118443
15838	112863
15839	113832
15840	122316
15841	131210
15842	129676
15843	123842
15844	113548
15845	110273
15846	112295
15847	118566
15848	114678
15849	108305
15850	109052
15851	113990
15852	105347
15853	104308
15854	94681
15855	91355
15856	84819
15857	87719
15858	96554
15859	104464
15860	103180
15861	103420
15862	101673
15863	102046
15864	101778
15865	104264
15866	101215
15867	98987
15868	99410
15869	102124
15870	104733
15871	103180
15872	103206
15873	99734
15874	93936
15875	91759
15876	91302
15877	95982
15878	97072
15879	99013
15880	96488
15881	89442
15882	84205
15883	76208
15884	69063
15885	32336
15886	24806
15887	24489
15888	24407
15889	23289
15890	23145
15891	23541
15892	24925
15893	25404
15894	25691
15895	25706
15896	25257
15897	25301
15898	25339
15899	26356
15900	26673
15901	26698
15902	26220
15903	25080
15904	24843
15905	25229
15906	26113
15907	25828
15908	25021
15909	24598
15910	24008
15911	23082
15912	22882
15913	22921
15914	22903
15915	21921
15916	21143
15917	21653
15918	22122
15919	22487
15920	22214
15921	22055
15922	21830
15923	20607
15924	19766
15925	19584
15926	20392
15927	20578
15928	20404
15929	19897
15930	19172
15931	19107
15932	19511
15933	20017
15934	20171
15935	20075
15936	19336
15937	17332
15938	15585
15939	15333
15940	15736
15941	15663
15942	15359
15943	14762
15944	13850
15945	13743
15946	13806
15947	14487
15948	14105
15949	13369
15950	13183
15951	13350
15952	13929
15953	14191
15954	14151
15955	13684
15956	13606
15957	13873
15958	13955
15959	14043
15960	13608
15961	13935
15962	14042
15963	14507
15964	15209
15965	15489
15966	15014
15967	16376
15968	16252
15969	18993
15970	19720
15971	20623
15972	20555
15973	20082
15974	19559
15975	19614
15976	19242
15977	19858
15978	19487
15979	19814
15980	19506
15981	19936
15982	20560
15983	21368
15984	21676
15985	20942
15986	20500
15987	20184
15988	20152
15989	20395
15990	20658
15991	21262
15992	22084
15993	21789
15994	20896
15995	20350
15996	21038
15997	22100
15998	23125
15999	22249
16000	21698
16001	21566
16002	22500
16003	22447
16004	22819
16005	22876
16006	23326
16007	23088
16008	23092
16009	23414
16010	23576
16011	23377
16012	22838
16013	21983
16014	22142
16015	22446
16016	23011
16017	22878
16018	21823
16019	22078
16020	21788
16021	22981
16022	22703
16023	23002
16024	22757
16025	22631
16026	23074
16027	23153
16028	23662
16029	23267
16030	22944
16031	22688
16032	22945
16033	22328
16034	21931
16035	21623
16036	21683
16037	21955
16038	22463
16039	23504
16040	24292
16041	24564
16042	25269
16043	25081
16044	25228
16045	25328
16046	25557
16047	25023
16048	24657
16049	24153
16050	24578
16051	24596
16052	24846
16053	24860
16054	25036
16055	24743
16056	24921
16057	25371
16058	25795
16059	25645
16060	25459
16061	25800
16062	26055
16063	26480
16064	26214
16065	24497
16066	24104
16067	24088
16068	25793
16069	26033
16070	25854
16071	25551
16072	25902
16073	25866
16074	25997
16075	25945
16076	26336
16077	26103
16078	26143
16079	25991
16080	25509
16081	25061
16082	25067
16083	24426
16084	24152
16085	23529
16086	24432
16087	24724
16088	24636
16089	24526
16090	24674
16091	24644
16092	24771
16093	25130
16094	25273
16095	24948
16096	24666
16097	24822
16098	25061
16099	25252
16100	25076
16101	25302
16102	25397
16103	25513
16104	25690
16105	25404
16106	24839
16107	24736
16108	24557
16109	23765
16110	23481
16111	23814
16112	25009
16113	25203
16114	24999
16115	25505
16116	25279
16117	25356
16118	24478
16119	24225
16120	24334
16121	24438
16122	24676
16123	24963
16124	24695
16125	24691
16126	24233
16127	24288
16128	23938
16129	23624
16130	23524
16131	23607
16132	23504
16133	23585
16134	23760
16135	24414
16136	24730
16137	24881
16138	24187
16139	23923
16140	23753
16141	23864
16142	23841
16143	24082
16144	23829
16145	22469
16146	22131
16147	22283
16148	23333
16149	23373
16150	23413
16151	23781
16152	24096
16153	24325
16154	24325
16155	24131
16156	24051
16157	24155
16158	24593
16159	24828
16160	24784
16161	25323
16162	25391
16163	25161
16164	24871
16165	24313
16166	23985
16167	22841
16168	23250
16169	23682
16170	24326
16171	24371
16172	23727
16173	24468
16174	24522
16175	25326
16176	25369
16177	25370
16178	25391
16179	25710
16180	25863
16181	25502
16182	24306
16183	23700
16184	22737
16185	22732
16186	22404
16187	22495
16188	22801
16189	22837
16190	23036
16191	22654
16192	23448
16193	24608
16194	24405
16195	23952
16196	23360
16197	23631
16198	24348
16199	24904
16200	25054
16201	25121
16202	25395
16203	24649
16204	24123
16205	24063
16206	24842
16207	24872
16208	24601
16209	24420
16210	24721
16211	25504
16212	24844
16213	24624
16214	24199
16215	24826
16216	25061
16217	25145
16218	25622
16219	24867
16220	23980
16221	22588
16222	23059
16223	23824
16224	24904
16225	25541
16226	25436
16227	25048
16228	25118
16229	25474
16230	26284
16231	25745
16232	25939
16233	25638
16234	25440
16235	25190
16236	25120
16237	24996
16238	24806
16239	24877
16240	24620
16241	24376
16242	24179
16243	23794
16244	24104
16245	23751
16246	23672
16247	23219
16248	22883
16249	22346
16250	22790
16251	23123
16252	24509
16253	24373
16254	23227
16255	22482
16256	22478
16257	23128
16258	23267
16259	22437
16260	22620
16261	22531
16262	22930
16263	23438
16264	23225
16265	22795
16266	21434
16267	21587
16268	21885
16269	22552
16270	22460
16271	23251
16272	23083
16273	22299
16274	21908
16275	22192
16276	22932
16277	22168
16278	22138
16279	22597
16280	23666
16281	23716
16282	23702
16283	23757
16284	22985
16285	21987
16286	21479
16287	22212
16288	22544
16289	22578
16290	21534
16291	21481
16292	21183
16293	21642
16294	20780
16295	21051
16296	21423
16297	22648
16298	23362
16299	22822
16300	22573
16301	22552
16302	22450
16303	22651
16304	22433
16305	22794
16306	22784
16307	22805
16308	23438
16309	22925
16310	22816
16311	22604
16312	23108
16313	23277
16314	23301
16315	23451
16316	23507
16317	23175
16318	22207
16319	22980
16320	22629
16321	23450
16322	25246
16323	25785
16324	26221
16325	26186
16326	26314
16327	26631
16328	27059
16329	27219
16330	27611
16331	27992
16332	28625
16333	28540
16334	28959
16335	27936
16336	28398
16337	28142
16338	29047
16339	29346
16340	29354
16341	29902
16342	29867
16343	29819
16344	29833
16345	28904
16346	28457
16347	28159
16348	29197
16349	29646
16350	29109
16351	28721
16352	28796
16353	30356
16354	31392
16355	32656
16356	33383
16357	33467
16358	34265
16359	34192
16360	33594
16361	32799
16362	32565
16363	32885
16364	33920
16365	35295
16366	36317
16367	36588
16368	36673
16369	35876
16370	34371
16371	33638
16372	34295
16373	33736
16374	34033
16375	34079
16376	36539
16377	36369
16378	36295
16379	36355
16380	36382
16381	36691
16382	36595
16383	35991
16384	35735
16385	34686
16386	35535
16387	35244
16388	36270
16389	35469
16390	35443
16391	34643
16392	34655
16393	35962
16394	38016
16395	38309
16396	38143
16397	37897
16398	35893
16399	35210
16400	37138
16401	38592
16402	39609
16403	39962
16404	40306
16405	39952
16406	39268
16407	39585
16408	40453
16409	40615
16410	40811
16411	40409
16412	40638
16413	40468
16414	40699
16415	41022
16416	41177
16417	41045
16418	41285
16419	42384
16420	43018
16421	43103
16422	42354
16423	42353
16424	42020
16425	42511
16426	43661
16427	42790
16428	42904
16429	42597
16430	43889
16431	44442
16432	44379
16433	43533
16434	42551
16435	41740
16436	41306
16437	41663
16438	41725
16439	43507
16440	41757
16441	42274
16442	42218
16443	43960
16444	44579
16445	44236
16446	45244
16447	45495
16448	46226
16449	44499
16450	43987
16451	43504
16452	44555
16453	45725
16454	44819
16455	42726
16456	41567
16457	41449
16458	42826
16459	44414
16460	45573
16461	46355
16462	46259
16463	46417
16464	46629
16465	46861
16466	46654
16467	46610
16468	46062
16469	46770
16470	44573
16471	43069
16472	41693
16473	42805
16474	42202
16475	42981
16476	42965
16477	43003
16478	42853
16479	43527
16480	45086
16481	44745
16482	43312
16483	42747
16484	42578
16485	42308
16486	42214
16487	41694
16488	42527
16489	42944
16490	42976
16491	42359
16492	41847
16493	41251
16494	41310
16495	40197
16496	39450
16497	39345
16498	39372
16499	40540
16500	40087
16501	40335
16502	39900
16503	38312
16504	36321
16505	35674
16506	35931
16507	36861
16508	37635
16509	38443
16510	38081
16511	37181
16512	36743
16513	36693
16514	36324
16515	35560
16516	34089
16517	32675
16518	31375
16519	32141
16520	33184
16521	34471
16522	34964
16523	34556
16524	33876
16525	32300
16526	31045
16527	30923
16528	31901
16529	33817
16530	34571
16531	33773
16532	32727
16533	32750
16534	31875
16535	31137
16536	29849
16537	30173
16538	30187
16539	31099
16540	30405
16541	30513
16542	28940
16543	27523
16544	26912
16545	26932
16546	27218
16547	26404
16548	26204
16549	25998
16550	26836
16551	27559
16552	27421
16553	27119
16554	26620
16555	26786
16556	26736
16557	25610
16558	24727
16559	24160
16560	23955
16561	23393
16562	23456
16563	23157
16564	23221
16565	22355
16566	22122
16567	21725
16568	21721
16569	0
