Position	Modified_rate	Untreated_rate
1	0	0
2	0	0
3	0.000459	0
4	0	0
5	0	0
6	0	0
7	0	0
8	0.000924	0
9	0.000536	0
10	0.000289	0
11	0	0
12	0.001447	0
13	0	0
14	0.000394	0
15	0	0
16	0	0
17	0	0
18	0	0
19	0	0
20	0.001141	0.001109
21	0	0
22	0.000401	0.001828
23	0.000359	0.000535
24	0	0
25	0	0
26	0	0
27	0	0
28	0	0
29	0	0
30	0.000821	0.001014
31	0	0
32	0	0
33	0	0
34	0.000814	0.00131
35	0.000354	0.000159
36	0.000897	0.000985
37	0	0
38	0.001012	0.000647
39	0	0
40	0.000893	0
41	0	0
42	0.001956	0.000442
43	0	0
44	0	0
45	0	0
46	0.000556	0
47	0.001788	0.001498
48	0	0
49	0	0
50	0.000849	0.000137
51	0.000661	0.000658
52	0.000416	0
53	0.000668	0.001444
54	0.000829	0.00158
55	0.000327	0
56	0	0
57	0.000399	0.000402
58	0.000416	0
59	0.000846	0
60	0.000648	0.000129
61	0	0
62	0.000796	0.000132
63	0.000436	0
64	0	0
65	0.001707	0.001496
66	0.002739	0.001632
67	0	0
68	0	0
69	2.30E-05	0
70	0	0
71	0	0
72	0	0
73	0	0
74	0.000713	0.000338
75	0.002055	0.00249
76	0	0
77	0	0
78	0	0
79	0.001419	0.001891
80	0	0
81	0.001218	0.000893
82	0	0
83	0.000529	0.000108
84	0	0
85	0.001985	0.003092
86	0	0
87	0	0
88	0.000409	0.000114
89	0.000223	0
90	0.001348	0.000643
91	0	0
92	0.000743	0.000536
93	0	0
94	0.000704	0.000445
95	0	0
96	0	0
97	0.001921	0.004447
98	0	0
99	0.000698	0.000206
100	0.001005	0.000507
101	0.00104	0.000104
102	0	0
103	0.001366	0.001324
104	0	0
105	0	0
106	0.002199	0.001225
107	0.001153	0.001138
108	0	0
109	0.001811	0.000635
110	0	0
111	0	0
112	0	0
113	0	0
114	0	0
115	0.001326	0.000202
116	0	0
117	0.000819	0.000823
118	0.000498	0.000102
119	0.000334	0
120	0	0
121	0.002468	0.002271
122	0	0
123	0	0
124	0.000946	0.000492
125	0.000184	0.000603
126	0	0
127	0.00033	0.000203
128	0	0
129	0.000511	0.0001
130	0.001066	0
131	0.000232	0
132	0	0
133	0.000872	0.000409
134	0.000643	0.000198
135	0.000826	0
136	0.000996	0.000307
137	0	0
138	0.000496	0
139	0.000624	0.000751
140	0	0
141	0	0
142	0.000768	0.000307
143	0.001051	0.002539
144	0	0
145	0	0
146	0.001	0.000208
147	0	0
148	0	0
149	0.000514	0
150	0	0
151	0	0
152	0.001033	0.000509
153	0	0
154	0.000514	9.90E-05
155	0.000497	0
156	0	0
157	0.000402	0
158	0.00042	0
159	0.00062	0.000208
160	0	0
161	0.00024	0
162	0	0
163	0.00208	0.001751
164	0	0
165	0	0
166	0	0
167	0	0
168	0.000599	0.000336
169	0	0
170	0	0
171	0.001273	0.000113
172	0.000243	0
173	0.000312	0
174	0	0
175	0	0
176	0	0
177	0.000466	0.000226
178	0	0
179	0.000142	0
180	0.000311	0
181	0	0
182	0	0
183	0	0
184	0.001289	0.00201
185	0.001115	0.001042
186	0	0
187	0.001409	0.002405
188	0	0
189	0	0
190	0	0
191	0	0
192	0.000292	0
193	0	0
194	0	0
195	0.00014	0
196	0.000225	0
197	0	0
198	0	0
199	8.30E-05	0.000133
200	0	0
201	0	0
202	0	0
203	0.000341	0.001919
204	0.000116	0
205	0.000719	0.000139
206	2.90E-05	0
207	0.001589	0.001852
208	5.90E-05	0.000144
209	0.000234	0.000143
210	0	0
211	0	0
212	5.90E-05	0
213	0.000154	0.000152
214	0	0
215	0	0
216	0.000128	0.000158
217	3.30E-05	0
218	0	0
219	0	0
220	0.000103	0
221	0.001277	0.000179
222	0	0
223	0.000286	0
224	0.000211	0.000175
225	0.001008	0.002062
226	0.000173	0.000171
227	0	0
228	0.000895	0
229	0.000626	0
230	0	0
231	0	0
232	0	0
233	0.000471	0.00018
234	0	0
235	0	0
236	0.00011	0
237	0	0
238	0	0
239	0.000224	0
240	0	0
241	0	0
242	0	0
243	0	0
244	0	0
245	4.00E-05	0
246	4.10E-05	0
247	0.00081	0
248	0	0
249	0	0
250	0.000172	0
251	0.000541	0
252	0.000275	0
253	0	0
254	0.000137	0
255	0.001754	0
256	0	0
257	0	0
258	0	0
259	0	0
260	0.000201	0
261	0	0
262	0	0
263	0	0
264	0	0
265	0.000191	0
266	0.000196	0
267	0.00028	0
268	0	0
269	0	0
270	0	0
271	0	0
272	0	0
273	0	0
274	0	0
275	0.000461	0
276	0	0
277	0	0
278	0	0
279	0.000212	0
280	0	0
281	0	0
282	0.000213	0
283	0	0
284	0	0
285	0	0
286	0	0
287	0	0
288	0	0
289	0	0
290	0	0
291	0	0
292	0	0
293	0	0
294	0	0
295	0	0
296	0	0
297	0	0
298	0	0
299	0	0
300	0	0
301	0	0
302	0	0
303	0	0
304	0	0
305	0	0
306	0	0
307	0	0
308	0	0
309	0	0
310	0	0
311	0	0
312	0	0
313	0	0
314	0	0
315	0	0
316	0	0
317	0	0
318	0	0
319	0	0
320	0	0
321	0	0
322	0	0
323	0	0
324	0	0
325	0	0
326	0	0
327	0	0
328	0	0
329	0	0
330	0	0
331	0	0
332	0	0
333	0	0
334	0	0
335	0	0
336	0	0
337	0	0
338	0	0
339	0	0
340	0	0
341	0	0
342	0	0
343	0	0
344	0	0
345	0	0
346	0	0
347	0	0
348	0	0
349	0	0
350	0	0
351	0	0
352	0	0
353	0	0
354	0	0
355	0	0
356	0	0
357	0	0
358	0	0
359	0	0
360	0	0
361	0	0
362	0	0
363	0	0
364	0	0
365	0	0
366	0	0
367	0	0
368	0	0
369	0	0
370	0	0
371	0	0
372	0	0
373	0	0
374	0	0
375	0	0
376	0	0
377	0	0
378	0	0
379	0	0
380	0	0
381	0	0
382	0	0
383	0	0
384	0	0
385	0	0
386	0	0
387	0	0
388	0	0
389	0	0
390	0	0
391	0	0
392	0	0
393	0	0
394	0	0
395	0	0
396	0	0
397	0	0
398	0	0
399	0	0
400	0	0
401	0	0
402	0	0
403	0	0
404	0	0
405	0	0
406	0	0
407	0	0
408	0	0
409	0	0
410	0	0
411	0	0
412	0	0
413	0	0
414	0	0
415	0	0
416	0	0
417	0	0
418	0	0
419	0	0
420	0	0
421	0	0
422	0	0
423	0	0
424	0	0
425	0	0
426	0	0
427	0	0
428	0	0
429	0	0
430	0	0
431	0	0
432	0	0
433	0	0
434	0	0
435	0	0
436	0	0
437	0	0
438	0	0
439	0	0
440	0	0
441	0	0
442	0	0
443	0	0
444	0	0
445	0	0
446	0	0
447	0	0
448	0	0
449	0	0
450	0	0
451	0	0
452	0	0
453	0	0
454	0	0
455	0	0
456	0	0
457	0	0
458	0	0
459	0	0
460	0	0
461	0	0
462	0	0
463	0	0
464	0	0
465	0	0
466	0	0
467	0	0
468	0	0
469	0	0
470	0	0
471	0	0
472	0	0
473	0	0
474	0	0
475	0	0
476	0	0
477	0	0
478	0	0
479	0	0
480	0	0
481	0	0
482	0	0
483	0	0
484	0	0
485	0	0
486	0	0
487	0	0
488	0	0
489	0	0
490	0	0
491	0	0
492	0	0
493	0	0
494	0	0
495	0	0
496	0	0
497	0	0
498	0	0
499	0	0
500	0	0
501	0	0
502	0	0
503	0	0
504	0	0
505	0	0
506	0	0
507	0	0
508	0	0
509	0	0
510	0	0
511	0	0
512	0	0
513	0	0
514	0	0
515	0	0
516	0	0
517	0	0
518	0	0
519	0	0
520	0	0
521	0	0
522	0	0
523	0	0
524	0	0
525	0	0
526	0	0
527	0	0
528	0	0
529	0	0
530	0	0
531	0	0
532	0	0
533	0	0
534	0	0
535	0	0
536	0	0
537	0	0
538	0	0
539	0	0
540	0	0
541	0	0
542	0	0
543	0	0
544	0	0
545	0	0
546	0	0
547	0	0
548	0	0
549	0	0
550	0	0
551	0	0
552	0	0
553	0	0
554	0	0
555	0	0
556	0	0
557	0	0
558	0	0
559	0	0
560	0	0
561	0	0
562	0	0
563	0	0
564	0	0
565	0	0
566	0	0
567	0	0
568	0	0
569	0	0
570	0	0
571	0	0
572	0	0
573	0	0
574	0	0
575	0	0
576	0	0
577	0	0
578	0	0
579	0	0
580	0	0
581	0	0
582	0	0
583	0	0
584	0	0
585	0	0
586	0	0
587	0	0
588	0	0
589	0	0
590	0	0
591	0	0
592	0	0
593	0	0
594	0	0
595	0	0
596	0	0
597	0	0
598	0	0
599	0	0
600	0	0
601	0	0
602	0	0
603	0	0
604	0	0
605	0	0
606	0	0
607	0	0
608	0	0
609	0	0
610	0	0
611	0	0
612	0	0
613	0	0
614	0	0
615	0	0
616	0	0
617	0	0
618	0	0
619	0	0
620	0	0
621	0	0
622	0	0
623	0	0
624	0	0
625	0	0
626	0	0
627	0	0
628	0	0
629	0	0
630	0	0
631	0	0
632	0	0
633	0	0
634	0	0
635	0	0
636	0	0
637	0	0
638	0	0
639	0	0
640	0	0
641	0	0
642	0	0
643	0	0
644	0	0
645	0	0
646	0	0
647	0	0
648	0	0
649	0	0
650	0	0
651	0	0
652	0	0
653	0	0
654	0	0
655	0	0
656	0	0
657	0	0
658	0	0
659	0.003027	0
660	0	0
661	0	0
662	0.007352	0
663	0	0
664	0.000867	0
665	0	0
666	0	0
667	0.00421	0.000162
668	0.004686	0.002488
669	0.005563	0.001881
670	0	0
671	0.007404	0.000152
672	0	0
673	0.001695	0.002438
674	0.002533	0.000267
675	0	0
676	0.001618	0.004516
677	0	0
678	0.002142	0.000586
679	0	0
680	0.007146	0.001424
681	0.004327	0.000421
682	0	0
683	0.000873	0.001533
684	0.001338	0
685	0	0
686	0	0
687	0.001029	0.000289
688	0	0
689	0.002718	0.001331
690	0.00239	0.000334
691	0	0
692	0	0
693	0	0
694	0	0
695	0	0
696	0.001935	0
697	0.001558	0.00146
698	0	0
699	0	0
700	0	0
701	0.002071	0.001944
702	0	0
703	0	0
704	0.002254	0.002389
705	0	0
706	0	0
707	0	0
708	0	0
709	0.001961	0.001908
710	0.00158	0.000191
711	0.005075	0.000127
712	0	0
713	0	0
714	0	0
715	0.001391	0.001521
716	0.001549	0.000114
717	0.000776	0.000116
718	0	0
719	0.001545	0.001994
720	0.0022	0.000709
721	0.002378	0.001028
722	0	0
723	0	0
724	0	0
725	0	0
726	0	0
727	0.002898	0.000859
728	0	0
729	0.00437	0.001998
730	0	0
731	0	0
732	0	0
733	0.001342	0.000523
734	0	0
735	0	0
736	0	0
737	0	0
738	0	0
739	0	0
740	0.001258	0.000983
741	0	0
742	0.001484	0.00057
743	0	0
744	0	0
745	0	0
746	0	0
747	0	0
748	0	0
749	0	0
750	0	0
751	0	0
752	0	0
753	0	0
754	0	0
755	0.002295	0.00164
756	0	0
757	0	0
758	0.002045	0.00029
759	0	0
760	0	0
761	0	0
762	0.002207	0.001832
763	0	0
764	0	0
765	0	0
766	0.009778	0.012096
767	0	0
768	0	0
769	0.001522	0.001876
770	0	0
771	0	0
772	0	0
773	0.00293	0.002519
774	0.002144	0.001916
775	0	0
776	0	0
777	0.008705	0.010708
778	0	0
779	0.001761	0.00023
780	0	0
781	0	0
782	0	0
783	0	0
784	0	0
785	0	0
786	0.004448	0.004857
787	0	0
788	0.001646	0.000258
789	0.002679	0.000617
790	0	0
791	0.004222	0.004778
792	0	0
793	0	0
794	0.008903	0.001763
795	0	0
796	0.001952	0.002603
797	0	0
798	0	0
799	0	0
800	0	0
801	0	0
802	0	0
803	0	0
804	0	0
805	0	0
806	0	0
807	0	0
808	0	0
809	0.000893	0.000443
810	0.000268	0.000416
811	0.000381	0.000567
812	0	0
813	0	0
814	0	0
815	0	0
816	0	0
817	0.002452	0.001424
818	0	0
819	0	0
820	0.000906	0.001239
821	0.001059	0.000564
822	0.000863	0.000497
823	0	0
824	0.003508	0.000716
825	0.002599	0.001251
826	0	0
827	0	0
828	0	0
829	0	0
830	0.006697	0.001671
831	0.007801	0.001019
832	0.003118	0.001808
833	0	0
834	0.001969	0.001149
835	0	0
836	0	0
837	0	0
838	0.002646	0.000284
839	0	0
840	0	0
841	0	0
842	0	0
843	0.001494	0.000675
844	0	0
845	0	0
846	0	0
847	0.001804	0.001331
848	0.000982	0.000485
849	0.001503	3.10E-05
850	0.00148	0.001275
851	0	0
852	0	0
853	0	0
854	0.003322	0.001902
855	0	0
856	0	0
857	0.000873	0.000945
858	0	0
859	0.002555	0.000658
860	0	0
861	0.002228	0.000738
862	0	0
863	0	0
864	0.002586	0.000775
865	0	0
866	0	0
867	0	0
868	0	0
869	0	0
870	0	0
871	0	0
872	0.000607	0.001013
873	0.001561	0.002153
874	0.001223	0.001366
875	0.000927	0.000359
876	0.001232	0.000286
877	0.000957	0.001088
878	0.001715	0.002253
879	0.001803	0.000622
880	0	0
881	0	0
882	0	0
883	0.004876	0.00127
884	0.006103	0.003579
885	0.004471	0.001521
886	0	0
887	0.002386	0.003051
888	0.001713	9.20E-05
889	0.001501	0.001509
890	0	0
891	0	0
892	0	0
893	0.001441	0.0009
894	0	0
895	0	0
896	0	0
897	0	0
898	0	0
899	0.001836	0.001848
900	0	0
901	0.001127	0.000581
902	0.00327	0.00234
903	0.003668	0.000582
904	0	0
905	0	0
906	0	0
907	0	0
908	0	0
909	0.001562	0.000599
910	0	0
911	0.001907	0.000642
912	0.002099	0.000466
913	0	0
914	0	0
915	0	0
916	0	0
917	0	0
918	0	0
919	0	0
920	0.003663	0.004334
921	0.001955	0.000266
922	0	0
923	0	0
924	0	0
925	0.001719	0.000405
926	0	0
927	0.000408	0.000824
928	0	0
929	0	0
930	0.003445	0.002172
931	0	0
932	0	0
933	0.003741	0.003295
934	0.001758	0.001094
935	0	0
936	0.001609	0.00119
937	0.001062	0.000454
938	0	0
939	0	0
940	0	0
941	0.001046	0.000854
942	0	0
943	0.001727	0.001544
944	0.000961	2.80E-05
945	0.001357	0.00127
946	0.001296	0.000431
947	0.001735	0.000427
948	0.003068	0.000914
949	0.004001	0.000819
950	0	0
951	0.000994	0.000451
952	0	0
953	0.003113	0.001021
954	0	0
955	0	0
956	0	0
957	0	0
958	0	0
959	0	0
960	0	0
961	0.012807	0.004233
962	0	0
963	0	0
964	0	0
965	0	0
966	0	0
967	0	0
968	0.002701	0.000204
969	0	0
970	0	0
971	0	0
972	0.001091	0.002282
973	0	0
974	0.002245	0.00107
975	0	0
976	0	0
977	0	0
978	0	0
979	0	0
980	0.002503	0.000583
981	0	0
982	0	0
983	0	0
984	0	0
985	0.003021	0.000515
986	0.001009	0.001
987	0	0
988	0.000775	0.000524
989	0.000701	0.00017
990	0.001151	0.000837
991	0.0011	0.000808
992	0.006233	0.005952
993	0	0
994	0	0
995	0	0
996	0	0
997	0	0
998	0	0
999	0	0
1000	0.002761	0.001048
1001	0	0
1002	0	0
1003	0	0
1004	0.001176	0.001368
1005	0.000757	0.000589
1006	0.001797	0.001049
1007	0.00059	0.000477
1008	0	0
1009	0	0
1010	0	0
1011	0	0
1012	0	0
1013	0	0
1014	0	0
1015	0	0
1016	0.004052	0.000568
1017	0	0
1018	0.000932	0.000953
1019	0	0
1020	0	0
1021	0.004271	0.00089
1022	0	0
1023	0	0
1024	0.000898	0.000982
1025	0	0
1026	0	0
1027	0	0
1028	0.002124	0.00252
1029	0.001821	0.000318
1030	0.000526	0.000329
1031	0.001644	0.001821
1032	0	0
1033	0.002495	0.001584
1034	0.003299	0.000567
1035	0.002938	0.00043
1036	0	0
1037	0	0
1038	0	0
1039	0	0
1040	0.005088	0.001134
1041	0	0
1042	0.00176	0.000546
1043	0	0
1044	0.003955	0.001425
1045	0.001299	0.001206
1046	0	0
1047	0	0
1048	0	0
1049	0	0
1050	0	0
1051	0	0
1052	0	0
1053	0	0
1054	0	0
1055	0.003583	0.000531
1056	0	0
1057	0.002594	0.001744
1058	0	0
1059	0.001363	0.001022
1060	0	0
1061	0	0
1062	0.000943	0.000848
1063	0	0
1064	0	0
1065	0	0
1066	0	0
1067	0	0
1068	0	0
1069	0	0
1070	0	0
1071	0.00234	0.000699
1072	0.000483	0.000393
1073	0.000515	0.000678
1074	0.000343	0.000357
1075	0	0
1076	0.002553	0.000141
1077	0.003029	0.000499
1078	0	0
1079	0.00102	0.000495
1080	0	0
1081	0.0059	0.002068
1082	0	0
1083	0	0
1084	0	0
1085	0	0
1086	0	0
1087	0	0
1088	0	0
1089	0.001792	0.000887
1090	0	0
1091	0.002043	0.000367
1092	0.001202	0.000587
1093	0	0
1094	0.001528	0.000903
1095	0.002003	0.000627
1096	0	0
1097	0.001192	0.000389
1098	0	0
1099	0	0
1100	0	0
1101	0.006455	0.001113
1102	0	0
1103	0	0
1104	0	0
1105	0	0
1106	0	0
1107	0.00807	0.004329
1108	0	0
1109	0	0
1110	0	0
1111	0	0
1112	0	0
1113	0.002303	0.003373
1114	0.001853	0.000411
1115	0.002109	0.000309
1116	0	0
1117	0	0
1118	0	0
1119	0.004407	0.001477
1120	0	0
1121	0	0
1122	0	0
1123	0	0
1124	0	0
1125	0	0
1126	0	0
1127	0	0
1128	0	0
1129	0.001992	0.000378
1130	0.002474	0.001886
1131	0	0
1132	0.003863	0.002884
1133	0	0
1134	0.002165	0.003692
1135	0	0
1136	0	0
1137	0	0
1138	0.002393	0.003306
1139	0	0
1140	0	0
1141	0	0
1142	0	0
1143	0	0
1144	0.002536	0.001141
1145	0	0
1146	0	0
1147	0.002793	0.002038
1148	0	0
1149	0.001077	0.000338
1150	0	0
1151	0	0
1152	0	0
1153	0	0
1154	0	0
1155	0.002657	0.002319
1156	0	0
1157	0.002616	0.000527
1158	0.004219	0.000902
1159	0	0
1160	0	0
1161	0	0
1162	0	0
1163	0	0
1164	0.003506	0.001432
1165	0	0
1166	0	0
1167	0	0
1168	0	0
1169	0.000771	0.000909
1170	0.000732	0.000859
1171	0	0
1172	0	0
1173	0	0
1174	0.004533	0.002002
1175	0.000566	0.000331
1176	0.000804	0.000492
1177	0	0
1178	0.000759	0.000584
1179	0.001347	0.000712
1180	0.001319	0.001453
1181	0.001818	0.001332
1182	0	0
1183	0.001564	0.001391
1184	0.002682	0.001875
1185	0	0
1186	0	0
1187	0.004309	0.001452
1188	0	0
1189	0.002402	0.000774
1190	0	0
1191	0	0
1192	0	0
1193	0.004081	0.000728
1194	0	0
1195	0.004951	0.001456
1196	0	0
1197	0.001579	0.001532
1198	0	0
1199	0.000548	0.000494
1200	0.001413	0.00091
1201	0	0
1202	0.001556	0.001699
1203	0	0
1204	0	0
1205	0.002457	0.001077
1206	0.001134	0.000622
1207	0.00141	0.000693
1208	0.002444	0.000659
1209	0	0
1210	0.003648	0.001178
1211	0.003517	0.004337
1212	0.00234	0.000957
1213	0	0
1214	0	0
1215	0.002515	0.000502
1216	0	0
1217	0.00104	0.00076
1218	0	0
1219	0.003147	0.000696
1220	0	0
1221	0	0
1222	0	0
1223	0	0
1224	0	0
1225	0	0
1226	0	0
1227	0.001667	0.001145
1228	0	0
1229	0.002228	0.000425
1230	0	0
1231	0	0
1232	0	0
1233	0	0
1234	0	0
1235	0.006769	0.001649
1236	0	0
1237	0	0
1238	0	0
1239	0	0
1240	0	0
1241	0	0
1242	0	0
1243	0.002256	0.001067
1244	0	0
1245	0.004285	0.001003
1246	0.003665	0.000534
1247	0.001744	0.002236
1248	0	0
1249	0.005154	0.002039
1250	0	0
1251	0	0
1252	0.000995	0.000649
1253	0	0
1254	0	0
1255	0.003974	0.001197
1256	0	0
1257	0.002798	0.000548
1258	0	0
1259	0.002286	0.001032
1260	0	0
1261	0	0
1262	0	0
1263	0.002305	0.002466
1264	0	0
1265	0	0
1266	0	0
1267	0.00217	0.001001
1268	0	0
1269	0.003681	0.001672
1270	0.003827	0.001907
1271	0	0
1272	0	0
1273	0.002072	0.001644
1274	0	0
1275	0	0
1276	0	0
1277	0	0
1278	0	0
1279	0	0
1280	0	0
1281	0.002523	0.001052
1282	0.000262	0.000232
1283	0	0
1284	0.001074	0.000395
1285	0.000551	0.00088
1286	0	0
1287	0	0
1288	0.001117	0.000723
1289	0.001076	0.00095
1290	0	0
1291	0.002316	0.000694
1292	0	0
1293	0	0
1294	0	0
1295	0	0
1296	0	0
1297	0.001462	0.001541
1298	0.001699	0.000271
1299	0	0
1300	0	0
1301	0.0015	0.001055
1302	0	0
1303	0.001693	0.002002
1304	0	0
1305	0	0
1306	0	0
1307	0.002278	0.001874
1308	0.003896	0.001016
1309	0	0
1310	0	0
1311	0	0
1312	0	0
1313	0	0
1314	0	0
1315	0.001542	0.001527
1316	0.001471	0.000563
1317	0	0
1318	0	0
1319	0	0
1320	0.00139	0.001549
1321	0	0
1322	0	0
1323	0.001605	0.001315
1324	0.001978	0.000367
1325	0.003739	0.000624
1326	0	0
1327	0.000739	0.000367
1328	0.001022	0.001238
1329	0.001239	0.000374
1330	0	0
1331	0	0
1332	0	0
1333	0.000626	0.000399
1334	0.000646	0.000499
1335	0.001707	0.000634
1336	0.000973	0.000801
1337	0.001762	0.001096
1338	0	0
1339	0.000818	0.000404
1340	0	0
1341	0	0
1342	0	0
1343	0	0
1344	0.002641	0.000464
1345	0.000667	0.00023
1346	0	0
1347	0.001119	0.000687
1348	0.001157	0.000868
1349	0.001144	0.000589
1350	0.00053	0.000617
1351	0.002079	0.002204
1352	0	0
1353	0	0
1354	0	0
1355	0.000932	0.00118
1356	0	0
1357	0	0
1358	0	0
1359	0.001803	0.000522
1360	0.000897	0.000779
1361	0.000431	0.000466
1362	0.000862	0.00076
1363	0	0
1364	0.001151	0.000667
1365	0	0
1366	0	0
1367	0	0
1368	0.0019	0.000285
1369	0.002247	0.000812
1370	0.002125	0.000798
1371	0.002886	0.001442
1372	0	0
1373	0.008549	0.003784
1374	0	0
1375	0	0
1376	0	0
1377	0	0
1378	0	0
1379	0	0
1380	0.001143	0.000759
1381	0	0
1382	0	0
1383	0	0
1384	0	0
1385	0	0
1386	0.00588	0.00139
1387	0	0
1388	0	0
1389	0.00091	0.000893
1390	0	0
1391	0.003263	0.000943
1392	0	0
1393	0.001376	0.000509
1394	0	0
1395	0	0
1396	0	0
1397	0.003009	0.001903
1398	0.004244	0.000929
1399	0	0
1400	0.001601	0.000421
1401	0.000779	0.000542
1402	0	0
1403	0	0
1404	0	0
1405	0	0
1406	0.004068	0.000679
1407	0.002939	0.000677
1408	0	0
1409	0	0
1410	0.000932	0.000708
1411	0.000674	0.000502
1412	0.000265	0.000221
1413	0.001715	0.000132
1414	0	0
1415	0.001569	0.000967
1416	0	0
1417	0	0
1418	0.000575	0.000263
1419	0.000906	0.000338
1420	0.002638	0.00177
1421	0.000588	0.00028
1422	0.001089	0.000354
1423	0	0
1424	0.002807	0.000284
1425	0.003051	0.000606
1426	0.001787	0.000768
1427	0	0
1428	0.002886	0.00216
1429	0	0
1430	0	0
1431	0.001286	0.001403
1432	5.20E-05	0
1433	0	0
1434	0	0
1435	0	0
1436	0	0
1437	1.40E-05	0.000105
1438	0	0
1439	0	0
1440	0.000691	0.000662
1441	0	0
1442	0.000442	0.000428
1443	0.002306	0.000671
1444	0	0
1445	0.001529	0.000646
1446	0	0
1447	0.00104	0.001115
1448	0.001701	0.000953
1449	0.001895	0.001888
1450	0	0
1451	0.001209	0.000234
1452	0.0026	0.001041
1453	0	0
1454	0.001251	0.000946
1455	0.000839	0.000395
1456	0.001533	0.00029
1457	0.000684	0.000721
1458	0	0
1459	0	0
1460	0	0
1461	0	0
1462	0.003171	0.003622
1463	0.002404	0.002182
1464	0.001951	0.002178
1465	0	0
1466	0	0
1467	0	0
1468	0.003154	0.001691
1469	0.000543	0.000505
1470	0	0
1471	0	0
1472	0.001172	0.000451
1473	0	0
1474	0.001181	0.001146
1475	0	0
1476	0.00311	0.002162
1477	0.002556	0.000502
1478	0	0
1479	0	0
1480	0	0
1481	0	0
1482	0	0
1483	0	0
1484	0	0
1485	0.002932	0.002916
1486	0	0
1487	0	0
1488	0	0
1489	0.001326	0.001528
1490	0.004293	0.002185
1491	0	0
1492	0	0
1493	0	0
1494	0	0
1495	0	0
1496	0.00489	0.004066
1497	0	0
1498	0	0
1499	0.002774	0.000752
1500	0	0
1501	0	0
1502	0	0
1503	0.002991	0.003095
1504	0.001263	8.30E-05
1505	0	0
1506	0.001268	0.000735
1507	0	0
1508	0	0
1509	0.002467	0.000356
1510	0.003113	0.000577
1511	0	0
1512	0	0
1513	0	0
1514	0	0
1515	0.001084	0.000627
1516	0.000463	6.20E-05
1517	0	0
1518	0	0
1519	0	0
1520	0.00661	0.000732
1521	0.005429	0.000271
1522	0.004225	0.001261
1523	0	0
1524	0	0
1525	0	0
1526	0.006483	0.000471
1527	0	0
1528	0	0
1529	0	0
1530	0	0
1531	0	0
1532	0	0
1533	0	0
1534	0	0
1535	0.005567	0.003187
1536	0	0
1537	0	0
1538	0.002285	0.002693
1539	0	0
1540	0	0
1541	0.001516	0.000709
1542	0.003003	0.000184
1543	0.002293	0.000614
1544	0	0
1545	0.001147	0.000836
1546	0	0
1547	0.000907	0.000438
1548	0	0
1549	0.000651	0.001013
1550	0	0
1551	0.000782	0.000926
1552	0.004879	0.00431
1553	0	0
1554	0.001545	0.002232
1555	0	0
1556	0	0
1557	0	0
1558	0	0
1559	0.000628	7.50E-05
1560	0.008997	0.010121
1561	0	0
1562	0.001014	0.000595
1563	0.008531	0.008294
1564	0	0
1565	0	0
1566	0	0
1567	0	0
1568	0.00504	0.001977
1569	0.000946	0
1570	0.001717	0.002165
1571	0.002281	0.000759
1572	0	0
1573	0	0
1574	0.001641	0
1575	0.001628	0
1576	0.000267	0
1577	0.001148	0
1578	0	0
1579	0	0
1580	0.001816	0
1581	0.000915	0
1582	0.001401	0
1583	0	0
1584	0	0
1585	0	0
1586	0.00078	0
1587	0.001287	0
1588	0.000933	0
1589	0	0
1590	0	0
1591	0	0
1592	0.003009	0
1593	0.002428	0
1594	0.000481	0
1595	0.000665	0
1596	0	0
1597	0	0
1598	0.005492	0
1599	0	0
1600	0	0
1601	0	0
1602	0	0
1603	0	0
1604	0	0
1605	0	0
1606	0	0
1607	0	0
1608	0	0
1609	0	0
1610	0	0
1611	0	0
1612	0	0
1613	0	0
1614	0	0
1615	0	0
1616	0	0
1617	0	0
1618	0	0
1619	0	0
1620	0	0
1621	0	0
1622	0	0
1623	0	0
1624	0	0
1625	0	0
1626	0	0
1627	0	0
1628	0	0
1629	0	0
1630	0	0
1631	0	0
1632	0	0
1633	0	0
1634	0	0
1635	0	0
1636	0	0
1637	0	0
1638	0	0
1639	0	0
1640	0	0
1641	0	0
1642	0	0
1643	0	0
1644	0	0
1645	0	0
1646	0	0
1647	0	0
1648	0	0
1649	0	0
1650	0	0
1651	0	0
1652	0	0
1653	0	0
1654	0	0
1655	0	0
1656	0	0
1657	0	0
1658	0	0
1659	0	0
1660	0	0
1661	0	0
1662	0	0
1663	0	0
1664	0	0
1665	0	0
1666	0	0
1667	0	0
1668	0	0
1669	0	0
1670	0	0
1671	0	0
1672	0	0
1673	0	0
1674	0	0
1675	0	0
1676	0	0
1677	0	0
1678	0	0
1679	0	0
1680	0	0
1681	0	0
1682	0	0
1683	0	0
1684	0	0
1685	0	0
1686	0	0
1687	0	0
1688	0	0
1689	0	0
1690	0	0
1691	0	0
1692	0	0
1693	0	0
1694	0.00298	0
1695	0	0
1696	0	0
1697	0	0
1698	0	0
1699	0	0
1700	0.004178	0.001975
1701	0.004906	0.002833
1702	0	0
1703	0	0
1704	0.002147	0.000306
1705	0	0
1706	0	0
1707	0	0
1708	0	0
1709	0.00072	0.000785
1710	0	0
1711	0	0
1712	0	0
1713	0	0
1714	0	0
1715	0	0
1716	0.006089	0.000101
1717	0.004674	0.001086
1718	0	0
1719	0.000762	0.000909
1720	0	0
1721	0	0
1722	0	0
1723	0	0
1724	0	0
1725	0	0
1726	0	0
1727	0	0
1728	0.002277	0.000829
1729	0.002223	8.30E-05
1730	0.002368	0.001071
1731	0	0
1732	0	0
1733	0	0
1734	0	0
1735	0	0
1736	0	0
1737	0	0
1738	0.001723	0.000721
1739	0	0
1740	0	0
1741	0	0
1742	0.000681	0.001162
1743	0.000505	0
1744	0	0
1745	0.000483	7.60E-05
1746	0	0
1747	0.001104	0.001507
1748	0.001193	8.70E-05
1749	0	0
1750	0.001659	0.001575
1751	0	0
1752	0.002048	7.60E-05
1753	0	0
1754	0.000415	7.40E-05
1755	0	0
1756	0	0
1757	0	0
1758	0.00328	0.00076
1759	0.00137	0.000888
1760	0.000619	0.000715
1761	0	0
1762	0	0
1763	0	0
1764	0	0
1765	0	0
1766	0.004737	0.000469
1767	0.000577	0.000792
1768	0.00118	0.001778
1769	0	0
1770	0.00273	0.002504
1771	0	0
1772	0	0
1773	0	0
1774	0.00142	0.000198
1775	0	0
1776	0.001004	0.001044
1777	0	0
1778	0.002527	0.000763
1779	0	0
1780	0.001137	0.000617
1781	0	0
1782	0.004032	0.004239
1783	0.000615	0.000126
1784	0	0
1785	0	0
1786	0	0
1787	0.003547	0.003246
1788	0	0
1789	0	0
1790	0	0
1791	0.000596	0.000201
1792	0.000444	0.000478
1793	0.001541	0.003074
1794	0	0
1795	0	0
1796	0	0
1797	0.002177	0.002246
1798	0	0
1799	0.001419	0.000178
1800	0.002428	0.00264
1801	0	0
1802	0	0
1803	0	0
1804	0	0
1805	0	0
1806	0.004971	0.00017
1807	0.002829	0.001553
1808	0	0
1809	0.002159	0.000769
1810	0	0
1811	0	0
1812	0	0
1813	0	0
1814	0	0
1815	0	0
1816	0.001674	0.000693
1817	0	0
1818	0	0
1819	0.001361	0.00106
1820	0	0
1821	0	0
1822	0.001958	0.00107
1823	0	0
1824	0.001623	0.000265
1825	0	0
1826	0.002906	0.003979
1827	0	0
1828	0	0
1829	0	0
1830	0.000571	0.00011
1831	0.00051	0
1832	0	0
1833	0	0
1834	0.001988	0.001413
1835	0	0
1836	0	0
1837	0	0
1838	0	0
1839	0	0
1840	0	0
1841	0.002552	0.000588
1842	0	0
1843	0.001286	5.50E-05
1844	0	0
1845	0	0
1846	0	0
1847	0.002631	0.001841
1848	0.004476	0.002817
1849	0	0
1850	0.003335	0.001043
1851	0.003367	0.004147
1852	0	0
1853	0	0
1854	0.002397	0.001287
1855	0	0
1856	0	0
1857	0.002108	0.000431
1858	0.000789	0.000598
1859	0	0
1860	0	0
1861	0.001909	5.30E-05
1862	0.001814	0.000673
1863	0	0
1864	0	0
1865	0	0
1866	0.002079	0.000212
1867	0	0
1868	0.001072	0.001796
1869	0	0
1870	0	0
1871	0	0
1872	0.002698	0.000207
1873	0	0
1874	0	0
1875	0	0
1876	0.002165	0.000477
1877	0.002138	0.000612
1878	0.001507	5.20E-05
1879	0.000959	0.001189
1880	0	0
1881	0	0
1882	0	0
1883	0.000784	0.000409
1884	0.000567	0.000204
1885	0	0
1886	0.001328	0.000823
1887	0	0
1888	0.000742	0.000879
1889	0	0
1890	0	0
1891	0	0
1892	0	0
1893	0	0
1894	0.001277	0.002129
1895	0	0
1896	0.000985	0.001165
1897	0	0
1898	0	0
1899	0.001091	0.001166
1900	0	0
1901	0	0
1902	0	0
1903	0	0
1904	0	0
1905	0	0
1906	0.001558	0.001982
1907	0	0
1908	0	0
1909	0	0
1910	0	0
1911	0	0
1912	0	0
1913	0.00047	0.000726
1914	0	0
1915	0	0
1916	0.001569	0.000378
1917	0	0
1918	0.001852	0.001221
1919	0	0
1920	0.001404	0.000332
1921	0	0
1922	0	0
1923	0	0
1924	0.002901	0.001867
1925	0	0
1926	0	0
1927	0.0016	0.002222
1928	0	0
1929	0	0
1930	0	0
1931	0	0
1932	0.002448	0.003162
1933	0	0
1934	0.002273	0.00052
1935	0	0
1936	0	0
1937	0	0
1938	0	0
1939	0.001306	0.002304
1940	0	0
1941	0.002132	0.001858
1942	0	0
1943	0	0
1944	0	0
1945	0	0
1946	0	0
1947	0	0
1948	0	0
1949	0.00083	0.000438
1950	0.003391	0.001286
1951	0	0
1952	0.00258	0.00013
1953	0	0
1954	0.001267	0.000723
1955	0.001283	0.000169
1956	0.002425	0.001581
1957	0	0
1958	0.002103	0.001714
1959	0	0
1960	0	0
1961	0	0
1962	0	0
1963	0	0
1964	0.001857	0.000631
1965	0	0
1966	0.001115	0.002383
1967	0.002302	0.002577
1968	0.000619	0.000579
1969	0.000528	0.000551
1970	0.000839	0.000465
1971	0	0
1972	0	0
1973	0.002316	0.001476
1974	0	0
1975	0.002434	0.000613
1976	0.002126	0.000384
1977	0.002317	0.001054
1978	0	0
1979	0.001173	0.000127
1980	0	0
1981	0.000758	0.000263
1982	0.000439	0.00067
1983	0.000702	8.80E-05
1984	0	0
1985	0.000955	0.00112
1986	0	0
1987	0.00145	0.002148
1988	0.003573	0.003841
1989	0	0
1990	0.002824	0.001541
1991	0	0
1992	0	0
1993	0	0
1994	0	0
1995	0	0
1996	0	0
1997	0	0
1998	0.004444	0.001236
1999	0	0
2000	0	0
2001	0	0
2002	0.002206	0.001427
2003	0	0
2004	0.001521	0.001874
2005	0	0
2006	0	0
2007	0.00554	0.00303
2008	0.001139	0.000587
2009	0.001018	0.001106
2010	0.000564	0.000661
2011	0.000973	0.001695
2012	0	0
2013	0.001453	0.000152
2014	0	0
2015	0.001277	0.000894
2016	0	0
2017	0.001786	0.000206
2018	0.00195	0.001227
2019	0.002437	0.003637
2020	0.00065	0.000704
2021	0.001837	0.000269
2022	0.000513	0.00181
2023	0.003696	0.001094
2024	0	0
2025	0	0
2026	0	0
2027	0	0
2028	0.001109	0.002114
2029	0	0
2030	0.001941	0.0007
2031	0	0
2032	0.002852	0.001925
2033	0	0
2034	0	0
2035	0.001785	0.000112
2036	0	0
2037	0.004831	0.001132
2038	0.003478	0.001848
2039	0	0
2040	0.001576	0.001024
2041	0.000894	0.000785
2042	0.001916	0.000167
2043	0	0
2044	0	0
2045	0	0
2046	0	0
2047	0.002561	0.001395
2048	0.002246	0.000513
2049	0.002062	0.000602
2050	0	0
2051	0	0
2052	0	0
2053	0.001998	0.000107
2054	0.001888	0.000316
2055	0.001475	0.000215
2056	0.002732	0.003162
2057	0	0
2058	0	0
2059	0	0
2060	0	0
2061	0	0
2062	0	0
2063	0.002485	0.001723
2064	0	0
2065	0	0
2066	0	0
2067	0	0
2068	0	0
2069	0.006337	0.001354
2070	0	0
2071	0.006909	0.000382
2072	0	0
2073	0	0
2074	0	0
2075	0.007348	0.003803
2076	0	0
2077	0	0
2078	0	0
2079	0	0
2080	0.004029	0.002309
2081	0.004452	0.001552
2082	0.000639	0.000942
2083	0.000553	0.000572
2084	0	0
2085	0	0
2086	0	0
2087	0.000947	0.0013
2088	0.001485	0.000836
2089	0.001171	5.90E-05
2090	0	0
2091	0	0
2092	0	0
2093	0.001032	0.00061
2094	0.001885	0.001254
2095	0.001071	0.00067
2096	0.001988	0.000241
2097	0	0
2098	0.003746	0.003942
2099	0.000965	0.001398
2100	0	0
2101	0	0
2102	0	0
2103	0	0
2104	0	0
2105	0.000823	0.000186
2106	0	0
2107	0.000744	0.000191
2108	0.001795	0.001806
2109	0	0
2110	0	0
2111	0	0
2112	0	0
2113	0.003202	0.002141
2114	0	0
2115	0.000628	0.000855
2116	0	0
2117	0.002065	0.00093
2118	0.000624	0.000281
2119	0.000669	0
2120	0.001894	0.002912
2121	0.000137	0.000311
2122	0	0
2123	0	0
2124	0	0
2125	0	0
2126	0.001623	0.000112
2127	0	0
2128	0.00039	0.000175
2129	0.004308	0.008963
2130	0	0
2131	0	0
2132	0	0
2133	0	0
2134	0	0
2135	0	0
2136	0	0
2137	0	0
2138	0.004606	0.001034
2139	0.002565	0.000836
2140	0.002178	0.001211
2141	0.000996	0.000265
2142	0	0
2143	0.001757	0.002818
2144	0	0
2145	0.000846	0.000484
2146	0	0
2147	0.001002	0.000995
2148	0	0
2149	0.005777	0.005463
2150	0.008276	0.009754
2151	0	0
2152	0	0
2153	0	0
2154	0	0
2155	0	0
2156	0	0
2157	0.003036	0.001398
2158	0.002238	5.50E-05
2159	0.002509	0.00099
2160	0	0
2161	0	0
2162	0	0
2163	0	0
2164	0	0
2165	0	0
2166	0	0
2167	0	0
2168	0.002239	0.000401
2169	0	0
2170	0.001353	0.001358
2171	0.001758	0.001359
2172	0	0
2173	0.001229	0.000431
2174	0.001462	0.001383
2175	0	0
2176	0	0
2177	0.001937	0.000119
2178	0	0
2179	0	0
2180	0	0
2181	0	0
2182	0.001936	0.005468
2183	0	0
2184	0	0
2185	0.003191	0.004118
2186	0	0
2187	0	0
2188	0	0
2189	0	0
2190	0	0
2191	0	0
2192	0	0
2193	0.001876	0
2194	0.002263	5.60E-05
2195	0	0
2196	0	0
2197	0.000959	0.001578
2198	0	0
2199	0	0
2200	0	0
2201	0.002562	0.002431
2202	0	0
2203	0.002152	0.002993
2204	0.001513	0.000743
2205	0.003584	0.000793
2206	0	0
2207	0	0
2208	0	0
2209	0.005528	0.005251
2210	0	0
2211	0.001911	0.000563
2212	0	0
2213	0	0
2214	0	0
2215	0	0
2216	0	0
2217	0	0
2218	0	0
2219	0	0
2220	0	0
2221	0	0
2222	0.004548	0.000594
2223	0	0
2224	0	0
2225	0	0
2226	0.009327	0.003438
2227	0	0
2228	0	0
2229	0	0
2230	0	0
2231	0	0
2232	0	0
2233	0.004105	0.000425
2234	0	0
2235	0	0
2236	0	0
2237	0	0
2238	0	0
2239	0	0
2240	0	0
2241	0	0
2242	0.003434	0.001713
2243	0	0
2244	0.00102	0.000631
2245	0	0
2246	0	0
2247	0	0
2248	0.001411	0.000171
2249	0.001405	0.00176
2250	0	0
2251	0	0
2252	0	0
2253	0.00143	0.001145
2254	0	0
2255	0	0
2256	0.003852	0.002396
2257	0	0
2258	0	0
2259	0	0
2260	0	0
2261	0	0
2262	0	0
2263	0	0
2264	0	0
2265	0	0
2266	0.001803	0.002331
2267	0.001698	0.00092
2268	0.001398	0.002124
2269	0.000955	0.00025
2270	0	0
2271	0	0
2272	0	0
2273	0	0
2274	0	0
2275	0.001158	0.000658
2276	0	0
2277	0.002937	0.001157
2278	0	0
2279	0.000972	5.90E-05
2280	0	0
2281	0	0
2282	0	0
2283	0	0
2284	0	0
2285	0.004007	0.000454
2286	0	0
2287	0.001459	0.000251
2288	0	0
2289	0.0014	0.001622
2290	0	0
2291	0	0
2292	0.002508	0.003695
2293	0	0
2294	0	0
2295	0	0
2296	0.003007	0.002494
2297	0	0
2298	0	0
2299	0.001908	0.000123
2300	0.001706	0.001596
2301	0.000777	0.000245
2302	0.002139	0.000419
2303	0	0
2304	0.002352	0.002663
2305	0.000965	0.000855
2306	0	0
2307	0.001122	0.00094
2308	0	0
2309	0	0
2310	0.002089	0.003467
2311	0.001238	0.001022
2312	0	0
2313	0	0
2314	0	0
2315	0	0
2316	0.001434	0.00076
2317	0.000509	0.000823
2318	0	0
2319	0	0
2320	0	0
2321	0	0
2322	0	0
2323	0	0
2324	0.001769	0.00052
2325	0.002183	0.00386
2326	0	0
2327	0.004166	0.003058
2328	0	0
2329	0	0
2330	0.009843	0.005949
2331	0	0
2332	0	0
2333	0.001822	0.003079
2334	0	0
2335	0	0
2336	0.001911	6.10E-05
2337	0	0
2338	0	0
2339	0.002113	0.002717
2340	0	0
2341	0	0
2342	0.00474	0.003842
2343	0.001448	0.00064
2344	0	0
2345	0.002974	0.002405
2346	0.00111	0.001159
2347	0	0
2348	0	0
2349	0.001269	0.000983
2350	0	0
2351	0.002022	0.000262
2352	0.002518	0.00013
2353	0	0
2354	0	0
2355	0	0
2356	0	0
2357	0	0
2358	0	0
2359	0	0
2360	0.001902	0.000586
2361	0.002162	0.002889
2362	0	0
2363	0	0
2364	0	0
2365	0.001688	0.002012
2366	0.000693	0.000585
2367	0	0
2368	0	0
2369	0	0
2370	0	0
2371	0.002812	0.001474
2372	0.002271	0.000374
2373	0	0
2374	0	0
2375	0	0
2376	0	0
2377	0.005382	0.00458
2378	0	0
2379	0	0
2380	0	0
2381	0	0
2382	0	0
2383	0.002328	0.001151
2384	0	0
2385	0.002066	0
2386	0	0
2387	0.003199	0.000479
2388	0	0
2389	0	0
2390	0	0
2391	0	0
2392	0.002717	0.002018
2393	0	0
2394	0	0
2395	0	0
2396	0	0
2397	0	0
2398	0	0
2399	0	0
2400	0	0
2401	0	0
2402	0	0
2403	0.001479	0.001431
2404	0.001333	0
2405	0	0
2406	0	0
2407	0.002232	0.001343
2408	0.002326	0.000704
2409	0	0
2410	0.001932	0.001784
2411	0.003029	0.000797
2412	0	0
2413	0	0
2414	0	0
2415	0	0
2416	0.00447	0.00347
2417	0	0
2418	0	0
2419	0	0
2420	0.001343	0.00023
2421	0.00106	0.000385
2422	0.001196	7.90E-05
2423	0	0
2424	0	0
2425	0	0
2426	0	0
2427	0	0
2428	0	0
2429	0	0
2430	0	0
2431	0	0
2432	0	0
2433	0	0
2434	0	0
2435	0.00149	0.000569
2436	0.001881	0.00207
2437	0	0
2438	0	0
2439	0.000882	0
2440	0.001502	0.000563
2441	0	0
2442	0.001719	0.000901
2443	0	0
2444	0	0
2445	0.001215	0.001227
2446	0	0
2447	0	0
2448	0.000222	0.000874
2449	0.000555	0.002097
2450	0	0
2451	0	0
2452	0	0
2453	0.001915	0.001881
2454	0.001191	0.000541
2455	0.000764	0
2456	0.006512	0.007542
2457	0	0
2458	0	0
2459	0	0
2460	0	0
2461	0	0
2462	0	0
2463	0	0
2464	0.002281	0.001073
2465	0.00056	0.000576
2466	0	0
2467	0	0
2468	0	0
2469	0	0
2470	0.0007	0.000839
2471	0.001667	0.000306
2472	0	0
2473	0	0
2474	0	0
2475	0.010908	0.001374
2476	0	0
2477	0.002779	0.001636
2478	0.002445	0.001607
2479	0	0
2480	0	0
2481	0	0
2482	0	0
2483	0.002552	0.000161
2484	0	0
2485	0.006466	0.001989
2486	0.007696	0.004222
2487	0	0
2488	0	0
2489	0	0
2490	0	0
2491	0	0
2492	0.004522	0.001756
2493	0	0
2494	0	0
2495	0.002245	0.001096
2496	0.001868	0.002062
2497	0.001698	0
2498	0.002528	0.000579
2499	0.00341	0
2500	0	0
2501	0	0
2502	0	0
2503	0	0
2504	0	0
2505	0	0
2506	0	0
2507	0	0
2508	0	0
2509	0	0
2510	0.00322	0.002691
2511	0	0
2512	0	0
2513	0	0
2514	0	0
2515	0.00493	0.004387
2516	0	0
2517	0.003725	0.001776
2518	0	0
2519	0.000878	0.001626
2520	0	0
2521	0	0
2522	0.00372	0.000578
2523	0	0
2524	0	0
2525	0	0
2526	0	0
2527	0	0
2528	0.001139	0.002545
2529	0.001637	0
2530	0	0
2531	0.002913	0
2532	0.002095	0.000468
2533	0	0
2534	0.000379	0.000189
2535	0	0
2536	0.000162	0
2537	0.001939	0.001918
2538	0	0
2539	0	0
2540	0	0
2541	0	0
2542	0.002048	0.002276
2543	0	0
2544	0	0
2545	0.006005	0.004174
2546	0.003522	0.001527
2547	0	0
2548	0	0
2549	0	0
2550	0	0
2551	0.00208	0.000517
2552	0.003652	0.001911
2553	0.00096	0.001427
2554	0	0
2555	0	0
2556	0	0
2557	0	0
2558	0	0
2559	0.002239	0.003031
2560	0.001153	0.001565
2561	0.000901	0
2562	0.002289	0
2563	0.002941	0.0017
2564	0	0
2565	0	0
2566	0	0
2567	0.000957	0.000363
2568	0.002158	0.000629
2569	0	0
2570	0	0
2571	0.000968	0.002222
2572	0	0
2573	0.000585	0.000248
2574	0.001722	0.002694
2575	0.000968	0.000373
2576	0	0
2577	0	0
2578	0	0
2579	0	0
2580	0.004981	0.001297
2581	0	0
2582	0	0
2583	0	0
2584	0	0
2585	0.005124	0.001519
2586	0.007647	0.004027
2587	0.001956	0.001591
2588	0	0
2589	0	0
2590	0	0
2591	0	0
2592	0.000417	0.000376
2593	0.001412	0.00267
2594	0.00928	0.013033
2595	0	0
2596	0.000648	0
2597	0	0
2598	0	0
2599	0	0
2600	0	0
2601	0	0
2602	0	0
2603	0	0
2604	0	0
2605	0	0
2606	0	0
2607	0	0
2608	0	0
2609	0	0
2610	0	0
2611	0	0
2612	0	0
2613	0	0
2614	0	0
2615	0	0
2616	0	0
2617	0	0
2618	0	0
2619	0	0
2620	0	0
2621	0	0
2622	0	0
2623	0	0
2624	0	0
2625	0	0
2626	0	0
2627	0	0
2628	0	0
2629	0	0
2630	0	0
2631	0	0
2632	0	0
2633	0	0
2634	0	0
2635	0	0
2636	0.001744	0
2637	0	0
2638	0.00106	0
2639	0	0
2640	0	0
2641	0	0
2642	0	0
2643	0.007034	0
2644	0	0
2645	0.006329	0
2646	0.000298	0
2647	0.003079	0
2648	0.000844	0.000793
2649	0.001505	0.001356
2650	0	0
2651	0	0
2652	0.001994	0.002199
2653	0	0
2654	0.002256	0
2655	0.002625	0.002597
2656	0.001116	0.001036
2657	0	0
2658	0.002158	0.001575
2659	0	0
2660	0.003355	0.001777
2661	0.004812	0.004607
2662	0	0
2663	0	0
2664	0.002204	0.002611
2665	0.00171	0.002895
2666	0.003411	0.001618
2667	0.005768	0.002659
2668	0	0
2669	0	0
2670	0	0
2671	0	0
2672	0	0
2673	0.008448	0.014243
2674	0.000959	0.000111
2675	0.000174	0.000111
2676	0	0
2677	0	0
2678	0	0
2679	0.0021	0.002155
2680	0.002382	0
2681	0.001078	0.000318
2682	0	0
2683	0	0
2684	0	0
2685	0.003317	0.001279
2686	0.001253	0.000199
2687	0	0
2688	0	0
2689	0	0
2690	0.002612	0.003304
2691	0.00136	0.001054
2692	0.000226	0.000961
2693	0	0
2694	0	0
2695	0.000603	0.000192
2696	0	0
2697	0.000598	0.000285
2698	0.000799	0.000458
2699	0	0
2700	0	0
2701	0	0
2702	0	0
2703	0	0
2704	0	0
2705	0	0
2706	0	0
2707	0	0
2708	0	0
2709	0	0
2710	0	0
2711	0	0
2712	0.001166	0.000346
2713	0	0
2714	0	0
2715	0	0
2716	0.000416	8.70E-05
2717	0	0
2718	0	0
2719	0.000405	0.000254
2720	0	0
2721	0.000337	0.000765
2722	0	0
2723	0	0
2724	0.002231	0.00079
2725	0	0
2726	0	0
2727	0	0
2728	0	0
2729	0.001595	0.001758
2730	0	0
2731	0.001212	0.00016
2732	0.000661	8.40E-05
2733	0.000539	0.001376
2734	0	0
2735	0.001003	0.000597
2736	0	0
2737	0.001411	0.000245
2738	0.002381	0.000709
2739	0.00348	0.000858
2740	0	0
2741	0	0
2742	0.001497	0
2743	0.00202	0.000382
2744	0.003028	0.001657
2745	0	0
2746	0.001638	0
2747	0.002066	0.001062
2748	0	0
2749	0	0
2750	0.000943	0.000157
2751	0.002652	0.000772
2752	0	0
2753	0	0
2754	0	0
2755	0	0
2756	0	0
2757	0	0
2758	0.003609	0.003289
2759	0.001894	0
2760	0	0
2761	0	0
2762	0	0
2763	0.005738	0.002201
2764	0	0
2765	0	0
2766	0	0
2767	0	0
2768	0	0
2769	0	0
2770	0	0
2771	0	0
2772	0	0
2773	0	0
2774	0	0
2775	0	0
2776	0.001276	0.000376
2777	0.000994	0.000538
2778	0.000795	0.000151
2779	0	0
2780	0	0
2781	0.002959	0.001486
2782	0	0
2783	0	0
2784	0	0
2785	0	0
2786	0.003876	0.001487
2787	0	0
2788	0	0
2789	0	0
2790	0	0
2791	0	0
2792	0	0
2793	0	0
2794	0	0
2795	0.00372	0.000948
2796	0.0023	0.003212
2797	0	0
2798	0	0
2799	0.00088	0.000505
2800	0.001331	0.000285
2801	0	0
2802	0	0
2803	0	0
2804	0	0
2805	0	0
2806	0.001401	7.80E-05
2807	0.001989	0.001076
2808	0.003286	0.001094
2809	0	0
2810	0.000868	0.000322
2811	0.000255	0.001324
2812	0.001408	0.000749
2813	0.001984	0.000799
2814	0.001157	0.00063
2815	0.001352	0.000637
2816	0.000502	0.000327
2817	0.001996	0.002662
2818	0	0
2819	0.001268	0.002889
2820	0	0
2821	0	0
2822	0	0
2823	0.003616	0.000156
2824	0	0
2825	0.000648	0.000152
2826	0.001016	0.000388
2827	0	0
2828	0.000953	0.001468
2829	0	0
2830	0	0
2831	0.00527	0.004932
2832	0	0
2833	0	0
2834	0	0
2835	0	0
2836	0	0
2837	0	0
2838	0	0
2839	0	0
2840	0	0
2841	0.002738	0.000829
2842	0	0
2843	0	0
2844	0.000753	7.50E-05
2845	0	0
2846	0.001026	0.001162
2847	0	0
2848	0	0
2849	0.001445	0.001045
2850	0.001695	0.000151
2851	0	0
2852	0	0
2853	0	0
2854	0.001528	0.000305
2855	0.003081	0.002271
2856	0	0
2857	0.000873	0.002218
2858	0	0
2859	0	0
2860	0.001059	0.000604
2861	0	0
2862	0	0
2863	0.002342	0.000216
2864	0.004188	0.003351
2865	0	0
2866	0	0
2867	0	0
2868	0	0
2869	0	0
2870	0.000398	0.00035
2871	0.000964	0
2872	0	0
2873	0	0
2874	0	0
2875	0	0
2876	0.000912	0.000196
2877	0	0
2878	0.000806	0.000588
2879	0	0
2880	0	0
2881	0	0
2882	0.002938	0.000129
2883	0	0
2884	0	0
2885	0.003994	0.002908
2886	0	0
2887	0.003324	0.002214
2888	0	0
2889	0	0
2890	0.001862	6.50E-05
2891	0	0
2892	0	0
2893	0	0
2894	0.002805	0.000125
2895	0.002482	0.0013
2896	0.002656	0.004409
2897	0	0
2898	0.004063	0.00221
2899	0	0
2900	0	0
2901	0	0
2902	0	0
2903	0.002153	0.000125
2904	0	0
2905	0	0
2906	0	0
2907	0.003296	0.003333
2908	0.003511	0.001894
2909	0.001453	0.000969
2910	0	0
2911	0	0
2912	0	0
2913	0	0
2914	0	0
2915	0	0
2916	0.001157	0.001204
2917	0.001125	0.000998
2918	0	0
2919	0	0
2920	0	0
2921	0	0
2922	0	0
2923	0.002286	0.001274
2924	0.001245	6.00E-05
2925	0.001968	0.000486
2926	0	0
2927	0	0
2928	0	0
2929	0	0
2930	0.003826	0.003542
2931	0	0
2932	0.001561	0.000304
2933	0.000852	0.001067
2934	0.00092	0.003056
2935	0	0
2936	0.001933	0.001592
2937	0	0
2938	0	0
2939	0	0
2940	0	0
2941	0.007446	0.007391
2942	0	0
2943	0.004061	0.001404
2944	0	0
2945	0	0
2946	0	0
2947	0.00177	0.000725
2948	0	0
2949	0	0
2950	0.003317	0.000347
2951	0	0
2952	0.001209	0.000552
2953	0.004104	0.001331
2954	0	0
2955	0.003306	0.0018
2956	0	0
2957	0.001728	0.001347
2958	0	0
2959	0.001783	0.000459
2960	0.00511	0.002725
2961	0	0
2962	0	0
2963	0	0
2964	0.003121	0.001314
2965	0	0
2966	0.001127	0.000525
2967	0	0
2968	0	0
2969	0	0
2970	0	0
2971	0	0
2972	0	0
2973	0.001896	0.001185
2974	0	0
2975	0.000767	0.001238
2976	0.006311	0.004256
2977	0.056545	0.067322
2978	0.001041	0.001996
2979	0.001276	0.003194
2980	0.003277	0.000613
2981	0	0
2982	0	0
2983	0.001456	0.001059
2984	0	0
2985	0	0
2986	0	0
2987	0.003218	0.000397
2988	0	0
2989	0.003995	0.000396
2990	0	0
2991	0.001271	0.001095
2992	0.000558	7.60E-05
2993	0.001549	0.000153
2994	0.0016	0.000227
2995	0.000307	0
2996	0.001823	0.002262
2997	0	0
2998	0.001465	7.90E-05
2999	0	0
3000	0	0
3001	0.001444	0.0026
3002	0.000497	0.000615
3003	0	0
3004	0	0
3005	0	0
3006	0.002794	0.002854
3007	0	0
3008	0	0
3009	0	0
3010	0.009844	0.006043
3011	0	0
3012	0.001535	0.000418
3013	0.000578	0.000478
3014	0.001338	0.000793
3015	0.002647	0.002832
3016	0.003166	0.003152
3017	0	0
3018	0	0
3019	0.009003	0.010849
3020	0	0
3021	0	0
3022	0.00373	0.00365
3023	0	0
3024	0.004393	0
3025	0	0
3026	0.002303	0
3027	0.001519	0.000705
3028	0	0
3029	0	0
3030	0	0
3031	0.001606	0.001108
3032	0.002591	0.003645
3033	0.001039	0.000941
3034	0.002299	0.000284
3035	0	0
3036	0.006155	0.002434
3037	0.002373	9.30E-05
3038	0.001349	9.20E-05
3039	0.001051	0.002
3040	0.000767	0.00027
3041	0.000507	0.001611
3042	0.001014	9.50E-05
3043	0	0
3044	0	0
3045	0	0
3046	0	0
3047	0.006458	0.003706
3048	0	0
3049	0.001889	0
3050	0.001951	0
3051	0	0
3052	0	0
3053	0	0
3054	0.001866	0.001976
3055	0.001053	0.001604
3056	0	0
3057	0	0
3058	0.004901	0.003738
3059	0	0
3060	0	0
3061	0.003234	0.001659
3062	0.001079	0.000555
3063	0.001393	0.002833
3064	0	0
3065	0.002277	0.0004
3066	0	0
3067	0.003354	0.001557
3068	0.008523	0.003771
3069	0	0
3070	0.001853	9.90E-05
3071	0.001912	0
3072	0.002353	0.002342
3073	0	0
3074	0	0
3075	0.001571	0.000379
3076	0	0
3077	0	0
3078	0	0
3079	0.007536	0.003128
3080	0.001268	0.000173
3081	0	0
3082	0.000351	0.001809
3083	0.001919	0.002726
3084	0	0
3085	0	0
3086	0.002053	0.000388
3087	0	0
3088	0	0
3089	0	0
3090	0.000724	0.000539
3091	0.000684	0.001536
3092	0.000835	0
3093	0	0
3094	0.000572	0.000805
3095	0.001837	0.001652
3096	0.001473	0.000923
3097	0.001622	0.00056
3098	0.00319	0.000185
3099	0	0
3100	0.006937	0.004186
3101	0	0
3102	0.000297	0
3103	0	0
3104	0.000151	0
3105	0	0
3106	0	0
3108	0.003802	9.40E-05
3109	0.004887	0.00064
3110	0	0
3111	0	0
3112	0	0
3113	0	0
3114	0.002802	0.000753
3115	0.003048	0.001969
3116	0	0
3117	0	0
3118	0.003088	0.000634
3119	0	0
3120	0	0
3121	0	0
3122	0.006943	0.005143
3123	0.007175	0.004064
3124	0.002618	0.000684
3125	0	0
3126	0	0
3127	0.001062	0.00048
3128	0	0
3129	0	0
3130	0	0
3131	0.000536	0.000776
3132	0.000941	0
3133	0	0
3134	0	0
3135	0	0
3136	0	0
3137	0.001502	0.000764
3138	0	0
3139	0.000831	0.000192
3140	0	0
3141	0	0
3142	0	0
3143	0.00215	9.90E-05
3144	0	0
3145	0	0
3146	0.001215	0.001698
3147	0.001267	0.001926
3148	0	0
3149	0	0
3150	0.003565	0.000794
3151	0	0
3152	0	0
3153	0.001479	0.000109
3154	0.005186	0.002786
3155	0	0
3156	0	0
3157	0	0
3158	0	0
3159	0	0
3160	0	0
3161	0.001109	0.001924
3162	0	0
3163	0.001522	0.000482
3164	0	0
3165	0	0
3166	0.003579	0.00039
3167	0.005468	0.003463
3168	0	0
3169	0	0
3170	0	0
3171	0	0
3172	0	0
3173	0.001654	0.001715
3174	0.002772	0.001183
3175	0	0
3176	0	0
3177	0	0
3178	0.001458	0.001335
3179	0.001074	0.001421
3180	0	0
3181	0.002033	0.000236
3182	0	0
3183	0.001008	0.000741
3184	0	0
3185	0	0
3186	0.001951	0.001265
3187	0	0
3188	0.005937	0.002505
3189	0	0
3190	0	0
3191	0	0
3192	0	0
3193	9.50E-05	0
3194	9.10E-05	0.000732
3195	0	0
3196	0	0
3197	0.998573	0.999725
3198	0	0
3199	0.002198	0.00142
3200	0.004323	0.000634
3201	0	0
3202	0.004104	0.000403
3203	0	0
3204	0	0
3205	0	0
3206	0	0
3207	0	0
3208	0	0
3209	0	0
3210	0	0
3211	0	0
3212	0	0
3213	0	0
3214	0	0
3215	0	0
3216	0	0
3217	0	0
3218	0	0
3219	0.002256	0.002464
3220	0	0
3221	0	0
3222	0	0
3223	0	0
3224	0.000857	0
3225	0.000475	0
3226	0	0
3227	0	0
3228	0	0
3229	0	0
3230	0	0
3231	0.002398	0
3232	0.004721	0
3233	0	0
3234	0	0
3235	0	0
3236	0	0
3237	0	0
3238	0	0
3239	0.002583	0
3240	0	0
3241	0	0
3242	0.00132	0
3243	0	0
3244	0.002059	0
3245	0	0
3246	0	0
3247	0	0
3248	0.00127	0
3249	0.000478	0
3250	0.002687	0
3251	0	0
3252	0	0
3253	0.007948	0
3254	0	0
3255	0.003731	0
3256	0	0
3257	0	0
3258	0.004175	0
3259	0	0
3260	0	0
3261	0	0
3262	0	0
3263	0	0
3264	0.008223	0
3265	0.006022	0
3266	0	0
3267	0	0
3268	0	0
3269	0	0
3270	0	0
3271	0.007642	0
3272	0.007963	0
3273	0.004706	0
3274	0	0
3275	0	0
3276	0	0
3277	0.001521	0
3278	0.003186	0
3279	0	0
3280	0	0
3281	0.00105	0
3282	0	0
3283	0.000124	0
3284	0.000842	0
3285	0.00093	0
3286	0.000561	0
3287	0	0
3288	0	0
3289	0	0
3290	0.007389	0
3291	0.00659	0
3292	0	0
3293	0	0
3294	0.008993	0
3295	0	0
3296	0.019769	0
3297	0.014884	0
3298	0	0
3299	0.015621	0
3300	0.011155	0
3301	0	0
3302	0	0
3303	0	0
3304	0	0
3305	0	0
3306	0	0
3307	0	0
3308	0.005788	0
3309	0	0
3310	0	0
3311	0	0
3312	0	0
3313	0	0
3314	0.003181	0
3315	0.001019	0
3316	0.001807	0
3317	0	0
3318	0	0
3319	0	0
3320	0	0
3321	0	0
3322	0	0
3323	0.009954	0
3324	0	0
3325	0	0
3326	0.009316	0
3327	0	0
3328	0	0
3329	0.004769	0
3330	0	0
3331	0	0
3332	0.009234	0.00314
3333	0	0
3334	0	0
3335	0.005149	0.003598
3336	0.004642	0.003434
3337	0.003777	0.002111
3338	0.004201	0.001764
3339	0	0
3340	0	0
3341	0	0
3342	0	0
3343	0	0
3344	0.003441	0.000704
3345	0.00542	0.004791
3346	0	0
3347	0.011507	0.008964
3348	0	0
3349	0	0
3350	0.004341	0.000513
3351	0	0
3352	0.001921	0.001365
3353	0	0
3354	0	0
3355	0	0
3356	0.004441	0.000998
3357	0.000566	0.000171
3358	0.002058	0.001655
3359	0	0
3360	0	0
3361	0.003916	0.001474
3362	0.004592	0.002218
3363	0	0
3364	0	0
3365	0.013468	0.008269
3366	0	0
3367	0	0
3368	0.002537	0.001326
3369	0.000882	0.00176
3370	0	0
3371	0.003616	0.001872
3372	0.005055	0.001808
3373	0	0
3374	0	0
3375	0	0
3376	0.00187	0.001193
3377	0	0
3378	0	0
3379	0	0
3380	0.001532	0.000691
3381	0	0
3382	0	0
3383	0	0
3384	0	0
3385	0	0
3386	0.006902	0.001592
3387	0.005704	0.00701
3388	0	0
3389	0.009515	0.002323
3390	0	0
3391	0.000809	0.000677
3392	0.001741	0.003491
3393	0	0
3394	0.004531	0.002237
3395	0	0
3396	0.005468	0.001278
3397	0	0
3398	0.003823	0.000925
3399	0	0
3400	0	0
3401	0	0
3402	0	0
3403	0	0
3404	0.006895	0.00398
3405	0	0
3406	0	0
3407	0.002306	0.002849
3408	0	0
3409	0	0
3410	0	0
3411	0	0
3412	0.001941	0.002037
3413	0.003266	0.003858
3414	0	0
3415	0	0
3416	0	0
3417	0	0
3418	0	0
3419	0	0
3420	0	0
3421	0.000565	0.000113
3422	0.000981	0.000563
3423	0.001362	0.000556
3424	0.000718	0
3425	0.000908	0.000669
3426	0	0
3427	0.001103	0.001527
3428	0.002154	0.000458
3429	0	0
3430	0	0
3431	0	0
3432	0	0
3433	0.014811	0.00578
3434	0	0
3435	0	0
3436	0.000685	0.000569
3437	0.000447	0.000359
3438	0.001079	0.001798
3439	0	0
3440	0.006692	0.002248
3441	0	0
3442	0	0
3443	0.001871	0.000212
3444	0	0
3445	0	0
3446	0	0
3447	0	0
3448	0	0
3449	0	0
3450	0	0
3451	0.009431	0.005443
3452	0.00771	0.005442
3453	0	0
3454	0.001597	0.00138
3455	0	0
3456	0.005038	0.002957
3457	0.001336	0.00036
3458	0	0
3459	0	0
3460	0.002613	0.002538
3461	0	0
3462	0	0
3463	0	0
3464	0.00547	0.002246
3465	0	0
3466	0	0
3467	0	0
3468	0	0
3469	0	0
3470	0.003172	0.000824
3471	0	0
3472	0.01115	0.003481
3473	0.007577	0.00446
3474	0	0
3475	0	0
3476	0	0
3477	0	0
3478	0	0
3479	0	0
3480	0	0
3481	0.00182	0.004498
3482	0	0
3483	0.002461	0.002801
3484	0	0
3485	0	0
3486	0	0
3487	0	0
3488	0.011217	0.005901
3489	0	0
3490	0	0
3491	0	0
3492	0	0
3493	0	0
3494	0	0
3495	0	0
3496	0.002048	0.001257
3497	0	0
3498	0	0
3499	0	0
3500	0	0
3501	0	0
3502	0.004854	0.001551
3503	0	0
3504	0.009134	0.005804
3505	0	0
3506	0	0
3507	0	0
3508	0	0
3509	0.005356	0.006072
3510	0	0
3511	0	0
3512	0	0
3513	0	0
3514	0	0
3515	0.008216	0.003797
3516	0	0
3517	0.010565	0.007764
3518	0	0
3519	0	0
3520	0	0
3521	0.004885	0.001601
3522	0	0
3523	0	0
3524	0	0
3525	0	0
3526	0.007446	0.005952
3527	0	0
3528	0	0
3529	0	0
3530	0	0
3531	0.00259	0.003966
3532	0	0
3533	0	0
3534	0	0
3535	0.009403	0.006902
3536	0.00995	0.003685
3537	0	0
3538	0.003371	0.002516
3539	0	0
3540	0.005773	0.001521
3541	0	0
3542	0.009488	0.007134
3543	0	0
3544	0	0
3545	0	0
3546	0	0
3547	0	0
3548	0.005761	0.006525
3549	0	0
3550	0.003273	0.001222
3551	0	0
3552	0.004216	0.002307
3553	0	0
3554	0.010203	0.006643
3555	0.010445	0.003934
3556	0	0
3557	0.010894	0.00297
3558	0	0
3559	0	0
3560	0.006242	0.003757
3561	0	0
3562	0.003062	0.001906
3563	0.002344	0.001376
3564	0	0
3565	0	0
3566	0	0
3567	0	0
3568	0	0
3569	0	0
3570	0	0
3571	0	0
3572	0.007173	0.002388
3573	0	0
3574	0	0
3575	0	0
3576	0	0
3577	0	0
3578	0.006034	0.00225
3579	0	0
3580	0	0
3581	0	0
3582	0	0
3583	0	0
3584	0	0
3585	0	0
3586	0	0
3587	0	0
3588	0	0
3589	0	0
3590	0.00638	0.004706
3591	0.001388	0.000901
3592	0.001089	0.00094
3593	0.003198	0.002249
3594	0	0
3595	0	0
3596	0	0
3597	0	0
3598	0	0
3599	0.010893	0.007774
3600	0	0
3601	0	0
3602	0	0
3603	0	0
3604	0	0
3605	0.007403	0.006584
3606	0	0
3607	0.000961	0.000524
3608	0.002067	0.002483
3609	0	0
3610	0	0
3611	0.008583	0.001971
3612	0	0
3613	0	0
3614	0.013542	0.002224
3615	0	0
3616	0.004477	0.001154
3617	0.005664	0.003162
3618	0.006279	0.003756
3619	0	0
3620	0.003109	0.00133
3621	0.003986	0.001046
3622	0	0
3623	0.013899	0.009156
3624	0	0
3625	0.002346	0.000904
3626	0	0
3627	0	0
3628	0	0
3629	0	0
3630	0	0
3631	0.007235	0.002945
3632	0	0
3633	0.012306	0.004257
3634	0	0
3635	0.001463	0.00133
3636	0	0
3637	0	0
3638	0.00851	0.008235
3639	0	0
3640	0.002507	0.000754
3641	0	0
3642	0	0
3643	0.003906	0.00304
3644	0.003711	0.000892
3645	0.004564	0.001062
3646	0.005912	0.003643
3647	0	0
3648	0	0
3649	0.004492	0.00291
3650	0	0
3651	0	0
3652	0	0
3653	0.005562	0.00258
3654	0	0
3655	0	0
3656	0.012176	0.004692
3657	0	0
3658	0.009841	0.006023
3659	0.001303	0.00092
3660	0	0
3661	0.00106	0.001042
3662	0	0
3663	0	0
3664	0.000477	0.000503
3665	0.00069	0.000445
3666	0.00069	0.001213
3667	0.002352	0.000371
3668	0.000983	0.000316
3669	0	0
3670	0.002742	0.004603
3671	0	0
3672	0	0
3673	0.004416	0.001584
3674	0	0
3675	0	0
3676	0	0
3677	0	0
3678	0	0
3679	0.004921	0.001836
3680	0	0
3681	0	0
3682	0	0
3683	0	0
3684	0	0
3685	0.008236	0.004601
3686	0	0
3687	0	0
3688	0.001842	0.000875
3689	0	0
3690	0	0
3691	0	0
3692	0.00544	0.00298
3693	0.00135	0.00195
3694	0	0
3695	0.003031	0.001289
3696	0	0
3697	0.000851	0.001151
3698	0.001188	0.001062
3699	0	0
3700	0.002231	0.001888
3701	0	0
3702	0	0
3703	0	0
3704	0.00294	0.0028
3705	0.001808	0.00159
3706	0	0
3707	0.0015	0.001408
3708	0	0
3709	0.00148	0.001053
3710	0	0
3711	0	0
3712	0.002345	0.003519
3713	0.003715	0.001836
3714	0	0
3715	0.003016	0.002986
3716	0	0
3717	0	0
3718	0	0
3719	0	0
3720	0	0
3721	0	0
3722	0	0
3723	0	0
3724	0	0
3725	0.005566	0.002882
3726	0	0
3727	0.00829	0.00421
3728	0	0
3729	0	0
3730	0.005751	0.002863
3731	0	0
3732	0.002341	0.000946
3733	0.000886	0.000735
3734	0	0
3735	0	0
3736	0.001247	0.00088
3737	0.003033	0.002201
3738	0	0
3739	0	0
3740	0	0
3741	0	0
3742	0	0
3743	0.015073	0.006774
3744	0	0
3745	0.003854	0.00256
3746	0	0
3747	0	0
3748	0	0
3749	0.004344	0.001735
3750	0	0
3751	0	0
3752	0.004999	0.003778
3753	0.006954	0.002954
3754	0	0
3755	0.009812	0.004693
3756	0	0
3757	0	0
3758	0.005698	0.002588
3759	0	0
3760	0.004127	0.002953
3761	0	0
3762	0	0
3763	0	0
3764	0	0
3765	0	0
3766	0.00471	0.003382
3767	0.004816	0.00282
3768	0	0
3769	0	0
3770	0.00537	0.003763
3771	0	0
3772	0	0
3773	0.003957	0.000844
3774	0	0
3775	0	0
3776	0.000923	0.001588
3777	0.003214	0.002708
3778	0.000803	0.000296
3779	0.00323	0.004602
3780	0	0
3781	0.004124	0.002567
3782	0	0
3783	0	0
3784	0.011335	0.006744
3785	0.009479	0.004874
3786	0.007308	0.00356
3787	0	0
3788	0	0
3789	0	0
3790	0	0
3791	0.010361	0.004496
3792	0	0
3793	0.008785	0.005123
3794	0	0
3795	0	0
3796	0	0
3797	0	0
3798	0	0
3799	0	0
3800	0.010383	0.006554
3801	0.011524	0.006014
3802	0	0
3803	0.004481	0.003622
3804	0	0
3805	0	0
3806	0	0
3807	0	0
3808	0	0
3809	0	0
3810	0	0
3811	0	0
3812	0	0
3813	0	0
3814	0.002342	0.001013
3815	0	0
3816	0	0
3817	0	0
3818	0	0
3819	0	0
3820	0	0
3821	0.008407	0.004581
3822	0	0
3823	0.009201	0.004867
3824	0.002662	0.001642
3825	0	0
3826	0.004268	0.001246
3827	0.005509	0.004341
3828	0	0
3829	0	0
3830	0.005065	0.002886
3831	0	0
3832	0	0
3833	0.010636	0.006013
3834	0.002543	0.001782
3835	0	0
3836	0	0
3837	0	0
3838	0.005669	0.002783
3839	0	0
3840	0	0
3841	0.003802	0.001644
3842	0.002152	0.001366
3843	0	0
3844	0	0
3845	0	0
3846	0	0
3847	0.008721	0.005849
3848	0.007244	0.003143
3849	0.001676	0.000999
3850	0.001987	0.002518
3851	0	0
3852	0	0
3853	0	0
3854	0.004933	0.002964
3855	0	0
3856	0	0
3857	0.006437	0.004096
3858	0	0
3859	0.003204	0.001221
3860	0.001127	0.001293
3861	0	0
3862	0.005907	0.003486
3863	0.005535	0.002901
3864	0.007743	0.006954
3865	0	0
3866	0.004456	0.001601
3867	0	0
3868	0.012658	0.005996
3869	0	0
3870	0	0
3871	0	0
3872	0	0
3873	0	0
3874	0	0
3875	0.007484	0.003313
3876	0	0
3877	0.002785	0.001603
3878	0	0
3879	0	0
3880	0.002797	0.00251
3881	0	0
3882	0.001265	0.001448
3883	0	0
3884	0	0
3885	0	0
3886	0	0
3887	0	0
3888	0	0
3889	0	0
3890	0.001219	0.001553
3891	0	0
3892	0	0
3893	0	0
3894	0	0
3895	0	0
3896	0	0
3897	0	0
3898	0.002084	0.003468
3899	0.002033	0.001787
3900	0	0
3901	0.000444	0
3902	0	0
3903	0	0
3904	0	0
3905	0.017279	0.008024
3906	0.009807	0.004878
3907	0.001223	0.001118
3908	0	0
3909	0	0
3910	0.00177	0.00178
3911	0	0
3912	0	0
3913	0.000844	0.000882
3914	0.000608	0.000281
3915	0.00042	0.000363
3916	0.000674	0.000982
3917	0	0
3918	0.000759	0.000821
3919	0.001171	0.000597
3920	0	0
3921	0	0
3922	0.00098	0.000548
3923	0	0
3924	0	0
3925	0	0
3926	0.005712	0.004725
3927	0	0
3928	0.005096	0.007827
3929	0.001523	0.001221
3930	0	0
3931	0.003471	0.003624
3932	0	0
3933	0	0
3934	0.002216	0.000961
3935	0.002418	0.002196
3936	0	0
3937	0.00332	0.001482
3938	0.005744	0.005341
3939	0	0
3940	0	0
3941	0	0
3942	0	0
3943	0	0
3944	0.00505	0.001627
3945	0	0
3946	0.001019	0.000916
3947	0	0
3948	0	0
3949	0.005279	0.003059
3950	0	0
3951	0	0
3952	0.002104	0.001313
3953	0	0
3954	0	0
3955	0.003321	0.003109
3956	0	0
3957	0	0
3958	0.00213	0.001423
3959	0.004427	0.005892
3960	0	0
3961	0	0
3962	0	0
3963	0	0
3964	0.011971	0.003876
3965	0.010179	0.005625
3966	0	0
3967	0.003372	0.002258
3968	0	0
3969	0	0
3970	0	0
3971	0.009666	0.004104
3972	0	0
3973	0.004107	0.001974
3974	0.006169	0.002143
3975	0	0
3976	0.012669	0.006795
3977	0.009155	0.005534
3978	0	0
3979	0	0
3980	0.005599	0.003105
3981	0	0
3982	0.002019	0.00141
3983	0	0
3984	0	0
3985	0.001435	0.000966
3986	0	0
3987	0	0
3988	0.005468	0.00343
3989	0	0
3990	0	0
3991	0	0
3992	0	0
3993	0	0
3994	0	0
3995	0	0
3996	0	0
3997	0	0
3998	0.005083	0.002117
3999	0.006654	0.003279
4000	0	0
4001	0.003588	0.001175
4002	0.005887	0.002706
4003	0	0
4004	0.003938	0.002676
4005	0	0
4006	0	0
4007	0.00432	0.001817
4008	0	0
4009	0	0
4010	0	0
4011	0	0
4012	0	0
4013	0	0
4014	0	0
4015	0	0
4016	0.011428	0.004394
4017	0	0
4018	0	0
4019	0	0
4020	0	0
4021	0	0
4022	0	0
4023	0.005478	0.001777
4024	0	0
4025	0	0
4026	0	0
4027	0	0
4028	0.004262	0.001754
4029	0	0
4030	0.015875	0.007065
4031	0.009484	0.004537
4032	0	0
4033	0	0
4034	0.00966	0.005701
4035	0	0
4036	0.001127	0.000359
4037	0.001571	0.001336
4038	0	0
4039	0	0
4040	0	0
4041	0	0
4042	0	0
4043	0	0
4044	0	0
4045	0.004697	0.002094
4046	0	0
4047	0.00204	0.001907
4048	0.000855	0.000231
4049	0	0
4050	0	0
4051	0.005442	0.004512
4052	0	0
4053	0	0
4054	0	0
4055	0.005123	0.002383
4056	0	0
4057	0.012752	0.006659
4058	0	0
4059	0	0
4060	0	0
4061	0	0
4062	0.006704	0.004853
4063	0.003214	0.002558
4064	0	0
4065	0	0
4066	0	0
4067	0.006906	0.002773
4068	0	0
4069	0.013705	0.004947
4070	0	0
4071	0	0
4072	0	0
4073	0	0
4074	0	0
4075	0	0
4076	0	0
4077	0	0
4078	0.004112	0.001835
4079	0	0
4080	0.002859	0.002047
4081	0.0041	0.002829
4082	0.004772	0.002656
4083	0.004093	0.003578
4084	0.001665	0.001177
4085	0.00232	0.002151
4086	0	0
4087	0	0
4088	0	0
4089	0	0
4090	0	0
4091	0	0
4092	0.001221	0.001042
4093	0	0
4094	0	0
4095	0	0
4096	0	0
4097	0.012509	0.004999
4098	0	0
4099	0	0
4100	0.006579	0.001422
4101	0.010388	0.005434
4102	0	0
4103	0.010185	0.005543
4104	0	0
4105	0	0
4106	0	0
4107	0	0
4108	0.016698	0.007555
4109	0	0
4110	0	0
4111	0	0
4112	0.00521	0.002695
4113	0.00107	0.001022
4114	0.001686	0.001561
4115	0.003014	0.001985
4116	0	0
4117	0.010356	0.006151
4118	0.010652	0.005976
4119	0	0
4120	0.003502	0.002678
4121	0.001658	0.001328
4122	0	0
4123	0	0
4124	0.005855	0.002028
4125	0.005454	0.003688
4126	0	0
4127	0.001318	0.001608
4128	0	0
4129	0	0
4130	0	0
4131	0	0
4132	0.00194	0.001947
4133	0	0
4134	0	0
4135	0.005133	0.002575
4136	0	0
4137	0	0
4138	0	0
4139	0	0
4140	0	0
4141	0	0
4142	0.001661	0.000617
4143	0	0
4144	0.003659	0.002397
4145	0.006244	0.003506
4146	0	0
4147	0	0
4148	0.003215	0.002891
4149	0	0
4150	0.005387	0.003419
4151	0	0
4152	0	0
4153	0.002072	0.00137
4154	0	0
4155	0	0
4156	0	0
4157	0	0
4158	0	0
4159	0	0
4160	0.005284	0.001882
4161	0	0
4162	0	0
4163	0.004765	0.002388
4164	0	0
4165	0	0
4166	0	0
4167	0	0
4168	0	0
4169	0.011154	0.005004
4170	0	0
4171	0	0
4172	0.010907	0.004888
4173	0	0
4174	0.002821	0.001449
4175	0.006791	0.007188
4176	0	0
4177	0	0
4178	0	0
4179	0	0
4180	0	0
4181	0	0
4182	0	0
4183	0.009007	0.003923
4184	0.007481	0.004069
4185	0	0
4186	0	0
4187	0.013308	0.007424
4188	0	0
4189	0	0
4190	0	0
4191	0	0
4192	0	0
4193	0.005131	0.002362
4194	0	0
4195	0	0
4196	0	0
4197	0	0
4198	0	0
4199	0.016603	0.00905
4200	0	0
4201	0.003018	0.002857
4202	0	0
4203	0	0
4204	0.004205	0.001419
4205	0.00576	0.003685
4206	0	0
4207	0	0
4208	0.004479	0.002836
4209	0.009549	0.004821
4210	0	0
4211	0.003717	0.001547
4212	0	0
4213	0.003012	0.001808
4214	0.001782	0.000612
4215	0	0
4216	0.006818	0.005876
4217	0	0
4218	0.002526	0.002188
4219	0.002627	0.000686
4220	0.002433	0.001272
4221	0	0
4222	0.01071	0.007494
4223	0	0
4224	0	0
4225	0	0
4226	0.006363	0.002346
4227	0	0
4228	0	0
4229	0	0
4230	0	0
4231	0	0
4232	0.004746	0.00156
4233	0.005292	0.003144
4234	0	0
4235	0	0
4236	0	0
4237	0	0
4238	0.005746	0.001331
4239	0	0
4240	0.019865	0.010884
4241	0	0
4242	0	0
4243	0	0
4244	0.003201	0.001986
4245	0	0
4246	0	0
4247	0.002701	0.002237
4248	0.007507	0.00516
4249	0	0
4250	0	0
4251	0	0
4252	0	0
4253	0	0
4254	0.007764	0.006231
4255	0	0
4256	0	0
4257	0	0
4258	0	0
4259	0	0
4260	0	0
4261	0.015244	0.009835
4262	0	0
4263	0	0
4264	0.008933	0
4265	0	0
4266	0	0
4267	0	0
4268	0.003301	0
4269	0	0
4270	0.002066	0
4271	0.006469	0
4272	0.003646	0
4273	0	0
4274	0.011268	0
4275	0.000922	0
4276	0	0
4277	0.00376	0
4278	0	0
4279	0	0
4280	0	0
4281	0	0
4282	0.001914	0
4283	0	0
4284	0.001072	0
4285	0.004008	0
4286	0.00332	0
4287	0	0
4288	0	0
4289	0.005958	0
4290	0.005528	0
4291	0.008957	0
4292	0.000986	0
4293	0	0
4294	0.004196	0
4295	0	0
4296	0.000654	0
4297	0	0
4298	0.002472	0
4299	0.002373	0
4300	0	0
4301	0	0
4302	0	0
4303	0.002716	0
4304	0	0
4305	0	0
4306	0.002987	0
4307	0	0
4308	0.000627	0
4309	0.001987	0
4310	0	0
4311	0.001284	0
4312	0	0
4313	0.003475	0
4314	0.00494	0
4315	0	0
4316	0	0
4317	0	0
4318	0	0
4319	0	0
4320	0	0
4321	0	0
4322	0	0
4323	0.007089	0
4324	0.010111	0
4325	0	0
4326	0.00278	0
4327	0.004111	0
4328	0.003368	0
4329	0	0
4330	0.007019	0
4331	0	0
4332	0.000331	0
4333	0.000338	0
4334	0	0
4335	0	0
4336	0.004339	0
4337	0	0
4338	0.002669	0
4339	0.00058	0
4340	0	0
4341	0.001094	0
4342	0	0
4343	0	0
4344	0.002852	0
4345	0	0
4346	0.001883	0
4347	0	0
4348	0	0
4349	0	0
4350	0	0
4351	0	0
4352	0	0
4353	0.005472	0
4354	0	0
4355	0	0
4356	0	0
4357	0.008137	0.01061
4358	0.000488	0.000782
4359	0	0
4360	0.000955	0
4361	0	0
4362	0	0
4363	0.003756	0
4364	0	0
4365	0	0
4366	0	0
4367	0	0
4368	0	0
4369	0	0
4370	0.002293	0.002044
4371	0.002096	0.001693
4372	0	0
4373	0.005384	0.003827
4374	0	0
4375	0	0
4376	0.0013	0.001131
4377	0.001767	0
4378	0.001625	0.002733
4379	0	0
4380	0	0
4381	0	0
4382	0	0
4383	0	0
4384	0.008506	0.003566
4385	0	0
4386	0.003682	0
4387	0	0
4388	0	0
4389	0	0
4390	0	0
4391	0	0
4392	0	0
4393	0	0
4394	0	0
4395	0	0
4396	0.004154	0
4397	0	0
4398	0	0
4399	0.005383	0.00287
4400	0	0
4401	0	0
4402	0	0
4403	0.002507	0.000197
4404	0.007553	0.005071
4405	0	0
4406	0	0
4407	0.001487	0
4408	0.002104	0
4409	0.003111	0
4410	0	0
4411	0	0
4412	0.002867	0.001177
4413	0	0
4414	0.004551	0.001715
4415	0	0
4416	0	0
4417	0	0
4418	0.006061	0.002638
4419	0	0
4420	0	0
4421	0.00214	0.001258
4422	0	0
4423	0.002748	0.004483
4424	0	0
4425	0.00194	0.004777
4426	0	0
4427	0.000691	0.000181
4428	0.000891	0.005469
4429	0.602077	0.584854
4430	0	0
4431	0	0
4432	0	0
4433	0	0
4434	0.006504	0.001378
4435	0	0
4436	0	0
4437	0	0
4438	0	0
4439	0	0
4440	0.002225	0.000495
4441	0	0
4442	0	0
4443	0	0
4444	0	0
4445	0.003358	0.003159
4446	0.003411	0.003095
4447	0.004749	0.001318
4448	0.007638	0.00351
4449	0.001245	0.001042
4450	0.001098	0
4451	0.003333	0.004221
4452	0.005025	0.001454
4453	0	0
4454	0.002988	0.001137
4455	0	0
4456	0	0
4457	0	0
4458	0	0
4459	0.027632	0.016996
4460	0.015555	0.012114
4461	0	0
4462	0	0
4463	0	0
4464	0.003956	0.007919
4465	0.012912	0.009072
4466	0	0
4467	0	0
4468	0.013664	0.006855
4469	0	0
4470	0	0
4471	0.004731	0.002154
4472	0.005922	0.007691
4473	0	0
4474	0	0
4475	0.005326	0.004193
4476	0	0
4477	0	0
4478	0	0
4479	0	0
4480	0.011359	0.004662
4481	0.001541	0.000528
4482	0.001706	0.001381
4483	0	0
4484	0	0
4485	0	0
4486	0	0
4487	0	0
4488	0	0
4489	0	0
4490	0	0
4491	0.002722	0.002518
4492	0.00351	0.0023
4493	0	0
4494	0	0
4495	0.005022	0.00224
4496	0	0
4497	0.00969	0.004076
4498	0	0
4499	0	0
4500	0.004771	0.002685
4501	0	0
4502	0.011857	0.005433
4503	0	0
4504	0	0
4505	0	0
4506	0	0
4507	0.004141	0.001467
4508	0	0
4509	0.010857	0.005932
4510	0.009146	0.003437
4511	0.004713	0.002503
4512	0.002462	0.002103
4513	0	0
4514	0	0
4515	0.001463	0.000425
4516	0.002423	0.002969
4517	0	0
4518	0	0
4519	0	0
4520	0	0
4521	0	0
4522	0.003978	0.0018
4523	0	0
4524	0	0
4525	0.00479	0.004015
4526	0	0
4527	0	0
4528	0	0
4529	0	0
4530	0.001686	0.001767
4531	0	0
4532	0.002788	0.001297
4533	0	0
4534	0.006043	0.00252
4535	0	0
4536	0	0
4537	0.002707	0.001638
4538	0	0
4539	0.008578	0.003216
4540	0	0
4541	0.009162	0.008024
4542	0	0
4543	0	0
4544	0	0
4545	0.003728	0.001961
4546	0.000785	0.001027
4547	0	0
4548	0.006849	0.004554
4549	0.006043	0.004294
4550	0.005864	0.002218
4551	0.006726	0.005411
4552	0.008722	0.00327
4553	0.010365	0.004833
4554	0	0
4555	0	0
4556	0	0
4557	0.008986	0.004059
4558	0.000904	0.000762
4559	0	0
4560	0.000964	0.001203
4561	0.001511	0.00061
4562	0	0
4563	0.000813	0.000692
4564	0.0018	0.001856
4565	0	0
4566	0	0
4567	0.008256	0.005758
4568	0	0
4569	0.001559	0.001138
4570	0	0
4571	0	0
4572	0	0
4573	0.004351	0.002517
4574	0	0
4575	0	0
4576	0	0
4577	0	0
4578	0	0
4579	0.003321	0.002904
4580	0.001677	0.001622
4581	0	0
4582	0.004992	0.002503
4583	0	0
4584	0.001235	0.001655
4585	0	0
4586	0.005645	0.00275
4587	0.007059	0.005783
4588	0.006755	0.004124
4589	0.008178	0.005399
4590	0	0
4591	0.004192	0.002335
4592	0.005329	0.001915
4593	0	0
4594	0	0
4595	0	0
4596	0.002876	0.00097
4597	0.004032	0.001809
4598	0.005467	0.001659
4599	0	0
4600	0.013765	0.006144
4601	0	0
4602	0	0
4603	0	0
4604	0	0
4605	0	0
4606	0	0
4607	0	0
4608	0	0
4609	0	0
4610	0	0
4611	0	0
4612	0.005737	0.003243
4613	0	0
4614	0	0
4615	0	0
4616	0	0
4617	0	0
4618	0	0
4619	0.011	0.004624
4620	0	0
4621	0.003582	0.003631
4622	0.003903	0.001208
4623	0.006211	0.00374
4624	0	0
4625	0	0
4626	0	0
4627	0	0
4628	0	0
4629	0.000342	0.000535
4630	0	0
4631	0	0
4632	0.001757	0.001697
4633	0	0
4634	0.004363	0.003068
4635	0.003103	0.002816
4636	0	0
4637	0	0
4638	0	0
4639	0.004271	0.003059
4640	0	0
4641	0	0
4642	0	0
4643	0.001875	0.001359
4644	0.003379	0.001873
4645	0	0
4646	0.003019	0.001627
4647	0.004687	0.005142
4648	0.005841	0.004902
4649	0	0
4650	0	0
4651	0.012418	0.006733
4652	0	0
4653	0	0
4654	0	0
4655	0.003357	0.003367
4656	0	0
4657	0	0
4658	0	0
4659	0.00246	0.001418
4660	0	0
4661	0	0
4662	0	0
4663	0	0
4664	0	0
4665	0.004617	0.00409
4666	0	0
4667	0	0
4668	0.00587	0.003602
4669	0	0
4670	0	0
4671	0	0
4672	0.006303	0.002597
4673	0	0
4674	0	0
4675	0.004118	0.001469
4676	0	0
4677	0	0
4678	0.012082	0.007378
4679	0.01139	0.005541
4680	0	0
4681	0.011794	0.005441
4682	0	0
4683	0	0
4684	0.00497	0.002454
4685	0	0
4686	0.002297	0.001508
4687	0	0
4688	0.00613	0.002285
4689	0	0
4690	0.003921	0.00248
4691	0	0
4692	0	0
4693	0.008519	0.00427
4694	0	0
4695	0.012064	0.00536
4696	0.010633	0.006676
4697	0	0
4698	0	0
4699	0	0
4700	0	0
4701	0	0
4702	0	0
4703	0.006862	0.003483
4704	0	0
4705	0.004171	0.001868
4706	0	0
4707	0	0
4708	0.006629	0.002465
4709	0	0
4710	0.016459	0.008914
4711	0	0
4712	0	0
4713	0.002354	0.002126
4714	0.001805	0.001961
4715	0	0
4716	0	0
4717	0	0
4718	0	0
4719	0.003646	0.003082
4720	0.002589	0.001951
4721	0	0
4722	0	0
4723	0	0
4724	0	0
4725	0	0
4726	0.005565	0.002362
4727	0	0
4728	0	0
4729	0	0
4730	0	0
4731	0	0
4732	0	0
4733	0.005709	0.002659
4734	0	0
4735	0	0
4736	0.007269	0.002808
4737	0	0
4738	0	0
4739	0	0
4740	0	0
4741	0	0
4742	0.005278	0.003476
4743	0	0
4744	0	0
4745	0	0
4746	0.006346	0.003926
4747	0	0
4748	0	0
4749	0.005434	0.002748
4750	0	0
4751	0	0
4752	0.005156	0.002472
4753	0	0
4754	0	0
4755	0.004939	0.002259
4756	0.005422	0.003205
4757	0	0
4758	0	0
4759	0.004424	0.001643
4760	0	0
4761	0	0
4762	0.004244	0.003026
4763	0	0
4764	0	0
4765	5.70E-05	0
4766	0	0
4767	0	0
4768	0	0
4769	0	0
4770	0.001078	0.001268
4771	0	0
4772	0.003707	0.00287
4773	0	0
4774	0.002688	0.00129
4775	0	0
4776	0.002538	0.001971
4777	0	0
4778	0	0
4779	0	0
4780	0.002708	0.001543
4781	0	0
4782	0	0
4783	0	0
4784	0	0
4785	0	0
4786	0.004814	0.002594
4787	0	0
4788	0.00083	0.000489
4789	0.001252	0.000544
4790	0	0
4791	0	0
4792	0.002737	0.002444
4793	0	0
4794	0.003638	0.004318
4795	0	0
4796	0	0
4797	0	0
4798	0	0
4799	0	0
4800	0.012734	0.005908
4801	0.009847	0.005098
4802	0.007964	0.00427
4803	0	0
4804	0	0
4805	0	0
4806	0.005675	0.004388
4807	0.008185	0.004543
4808	0	0
4809	0.009431	0.005978
4810	0.001394	0.001583
4811	0	0
4812	0.001593	0.000731
4813	0.004728	0.002207
4814	0	0
4815	0	0
4816	0	0
4817	0	0
4818	0.000865	0.000554
4819	0	0
4820	0.00055	0.000436
4821	0.001578	0.001911
4822	0.00213	0.001691
4823	0.004613	0.002572
4824	0	0
4825	0	0
4826	0	0
4827	0	0
4828	0	0
4829	0	0
4830	0.000981	0.001122
4831	0.00246	0.001367
4832	0	0
4833	0	0
4834	0	0
4835	0	0
4836	0	0
4837	0	0
4838	0.007761	0.005279
4839	0	0
4840	0.005221	0.005711
4841	0.001005	0.000246
4842	0	0
4843	0	0
4844	0	0
4845	0.006011	0.003345
4846	0	0
4847	0	0
4848	0.004641	0.00357
4849	0.002793	0.003257
4850	0	0
4851	0	0
4852	0.004062	0.002509
4853	0.002519	0.002563
4854	0	0
4855	0.004818	0.001985
4856	0.006663	0.004114
4857	0	0
4858	0.012163	0.007725
4859	0.010627	0.00745
4860	0	0
4861	0.010346	0.00697
4862	0	0
4863	0	0
4864	0	0
4865	0	0
4866	0.004211	0.00304
4867	0.001197	0.000927
4868	0	0
4869	0	0
4870	0	0
4871	0	0
4872	0	0
4873	0	0
4874	0	0
4875	0	0
4876	0.007526	0.004143
4877	0	0
4878	0.005355	0.006732
4879	0	0
4880	0	0
4881	0	0
4882	0	0
4883	0	0
4884	0	0
4885	0.005565	0.002682
4886	0	0
4887	0.007638	0.003377
4888	0	0
4889	0	0
4890	0	0
4891	0.005142	0.002523
4892	0	0
4893	0	0
4894	0.007357	0.004008
4895	0	0
4896	0.00389	0.001107
4897	0	0
4898	0	0
4899	0	0
4900	0	0
4901	0	0
4902	0	0
4903	0.005184	0.002848
4904	0	0
4905	0.008806	0.004934
4906	0	0
4907	0.010359	0.00591
4908	0	0
4909	0	0
4910	0	0
4911	0.012085	0.005643
4912	0	0
4913	0	0
4914	0	0
4915	0.007308	0.005661
4916	0	0
4917	0	0
4918	0	0
4919	0	0
4920	0.001662	0.001446
4921	0.003261	0.001625
4922	0	0
4923	0	0
4924	0.002664	0.002123
4925	0	0
4926	0	0
4927	0.009226	0.003619
4928	0.009125	0.00392
4929	0	0
4930	0.010006	0.005727
4931	0	0
4932	0	0
4933	0.009559	0.005238
4934	0	0
4935	0	0
4936	0	0
4937	0.004498	0.002349
4938	0	0
4939	0.011975	0.006094
4940	0	0
4941	0.008922	0.004128
4942	0	0
4943	0	0
4944	0	0
4945	0.004693	0.001353
4946	0	0
4947	0.00778	0.00667
4948	0.009428	0.005039
4949	0	0
4950	0.003327	0.001868
4951	0	0
4952	0	0
4953	0	0
4954	0.003259	0.00159
4955	0	0
4956	0	0
4957	0.004561	0.002266
4958	0	0
4959	0.002772	0.002389
4960	0	0
4961	0	0
4962	0.001128	0.001628
4963	0.001075	0.00088
4964	0	0
4965	0	0
4966	0.000753	0.000908
4967	0.002046	0.001286
4968	0.002148	0.001964
4969	0.000702	0.000665
4970	0	0
4971	0.00053	0.001113
4972	0.000627	0.001015
4973	0.002282	0.001868
4974	0.000953	0.000462
4975	0.001673	0.001979
4976	0	0
4977	0.004628	0.001806
4978	0.004259	0.003446
4979	0	0
4980	0	0
4981	0	0
4982	0	0
4983	0	0
4984	0	0
4985	0	0
4986	0	0
4987	0	0
4988	0	0
4989	0	0
4990	0	0
4991	0.002015	0.001584
4992	0	0
4993	0.006201	0.00458
4994	0	0
4995	0	0
4996	0.002083	0.002241
4997	0	0
4998	0	0
4999	0	0
5000	0	0
5001	0	0
5002	0.006151	0.002423
5003	0	0
5004	0.009978	0.005125
5005	0.007064	0.004466
5006	0	0
5007	0.00133	0.001025
5008	0	0
5009	0	0
5010	0.004492	0.002485
5011	0	0
5012	0	0
5013	0.006316	0.003205
5014	0	0
5015	0	0
5016	0.007004	0.003083
5017	0	0
5018	0	0
5019	0	0
5020	0.005043	0.002105
5021	0.005226	0.004817
5022	0	0
5023	0	0
5024	0	0
5025	0	0
5026	0	0
5027	0	0
5028	0	0
5029	0.003138	0.00237
5030	0	0
5031	0.001683	0.001938
5032	0.000772	0.001065
5033	0	0
5034	0.002557	0.001541
5035	0.000762	0.000821
5036	0	0
5037	0	0
5038	0.003593	0.001111
5039	0	0
5040	0	0
5041	0.003653	0.002619
5042	0	0
5043	0.002925	0.003165
5044	0	0
5045	0	0
5046	0.00175	0.001667
5047	0.002879	0.000778
5048	0.005078	0.003174
5049	0	0
5050	0.012809	0.005667
5051	0	0
5052	0	0
5053	0	0
5054	0.002187	0.001804
5055	0.004244	0.001879
5056	0	0
5057	0	0
5058	0	0
5059	0	0
5060	0	0
5061	0	0
5062	0	0
5063	0.012087	0.009061
5064	0	0
5065	0	0
5066	0	0
5067	0	0
5068	0.00519	0.002934
5069	0	0
5070	0	0
5071	0	0
5072	0	0
5073	0	0
5074	0.005021	0.003325
5075	0.005397	0.003997
5076	0	0
5077	0.009564	0.007812
5078	0.00946	0.005401
5079	0	0
5080	0	0
5081	0.004907	0.002148
5082	0.005487	0.003218
5083	0.005804	0.003262
5084	0	0
5085	0	0
5086	0	0
5087	0.007228	0.003931
5088	0	0
5089	0.004203	0.002061
5090	0.004489	0.002539
5091	0.006162	0.004346
5092	0	0
5093	0.004131	0.002303
5094	0	0
5095	0.003199	0.001615
5096	0.005908	0.002348
5097	0	0
5098	0.003676	0.001207
5099	0	0
5100	0	0
5101	0.012259	0.0052
5102	0	0
5103	0	0
5104	0	0
5105	0.005848	0.00208
5106	0	0
5107	0	0
5108	0.00835	0.006463
5109	0	0
5110	0	0
5111	0	0
5112	0.004775	0.00329
5113	0	0
5114	0	0
5115	0.004239	0.002002
5116	0.005104	0.003458
5117	0	0
5118	0	0
5119	0.01051	0.006082
5120	0	0
5121	0	0
5122	0.00628	0.002495
5123	0	0
5124	0	0
5125	0.00426	0.004057
5126	0	0
5127	0	0
5128	0	0
5129	0	0
5130	0.004971	0.002918
5131	0.007439	0.00477
5132	0	0
5133	0	0
5134	0	0
5135	0	0
5136	0.008556	0.004178
5137	0	0
5138	0	0
5139	0	0
5140	0.003135	0.002678
5141	0	0
5142	0	0
5143	0	0
5144	0	0
5145	0	0
5146	0	0
5147	0.001913	0.001525
5148	0	0
5149	0	0
5150	0	0
5151	0	0
5152	0.009041	0.005329
5153	0	0
5154	0	0
5155	0.005572	0.002883
5156	0	0
5157	0	0
5158	0.005391	0.003769
5159	0	0
5160	0.0043	0.001845
5161	0	0
5162	0.010873	0.005493
5163	0	0
5164	0.00374	0.003577
5165	0	0
5166	0	0
5167	0	0
5168	0	0
5169	0.007112	0.004244
5170	0.00075	0.000639
5171	0	0
5172	0	0
5173	0	0
5174	0	0
5175	0	0
5176	0	0
5177	0.002087	0.001401
5178	0	0
5179	0.004923	0.001718
5180	0	0
5181	0	0
5182	0	0
5183	0	0
5184	0.003273	0.002246
5185	0.001361	0.000555
5186	0	0
5187	0	0
5188	0.006072	0.001916
5189	0	0
5190	0	0
5191	0	0
5192	0	0
5193	0	0
5194	0	0
5195	0	0
5196	0.008931	0.004949
5197	0.00932	0.007199
5198	0	0
5199	0	0
5200	0.004687	0.00347
5201	0.00568	0.003479
5202	0	0
5203	0	0
5204	0	0
5205	0.005495	0.00274
5206	0	0
5207	0	0
5208	0	0
5209	0	0
5210	0	0
5211	0	0
5212	0.004048	0.002645
5213	0	0
5214	0	0
5215	0.006558	0.00303
5216	0	0
5217	0.015145	0.006258
5218	0	0
5219	0	0
5220	0	0
5221	0.010398	0.005275
5222	0	0
5223	0.000617	0.000768
5224	0.000596	0.000583
5225	0	0
5226	0.000666	0.00051
5227	0.00149	0.001924
5228	0	0
5229	0	0
5230	0.005993	0.002584
5231	0.005758	0.003677
5232	0	0
5233	0	0
5234	0	0
5235	0	0
5236	0	0
5237	0.003696	0.003018
5238	0	0
5239	0.008836	0.004573
5240	0	0
5241	0	0
5242	0	0
5243	0	0
5244	0.002058	0.002572
5245	0.002108	0.002135
5246	0	0
5247	0.004163	0.002192
5248	0.005822	0.003412
5249	0.006613	0.004331
5250	0.007151	0.004416
5251	0.004676	0.003678
5252	0.004934	0.005343
5253	0	0
5254	0	0
5255	0	0
5256	0	0
5257	0	0
5258	0	0
5259	0.003597	0.00215
5260	0.000979	0.000609
5261	0.001059	0.000488
5262	0.001438	0.001029
5263	0	0
5264	0	0
5265	0	0
5266	0.005107	0.002249
5267	0.006645	0.004661
5268	0	0
5269	0.003713	0.002909
5270	0	0
5271	0.000883	0.000811
5272	0	0
5273	0	0
5274	0.002525	0.002499
5275	0	0
5276	0	0
5277	0.006186	0.00233
5278	0.005546	0.004227
5279	0	0
5280	0	0
5281	0	0
5282	0	0
5283	0	0
5284	0	0
5285	0	0
5286	0	0
5287	0	0
5288	0	0
5289	0	0
5290	0	0
5291	0.005309	0.00203
5292	0	0
5293	0.003987	0.002266
5294	0	0
5295	0	0
5296	0.008853	0.0041
5297	0	0
5298	0	0
5299	0.004494	0.001357
5300	0	0
5301	0	0
5302	0.007606	0.007043
5303	0	0
5304	0	0
5305	0	0
5306	0	0
5307	0	0
5308	0	0
5309	0	0
5310	0	0
5311	0.005074	0.00307
5312	0	0
5313	0	0
5314	0.005239	0.00235
5315	0	0
5316	0.005714	0.003464
5317	0	0
5318	0	0
5319	0	0
5320	0	0
5321	0	0
5322	0	0
5323	0.00471	0.001464
5324	0	0
5325	0	0
5326	0	0
5327	0	0
5328	0	0
5329	0.011083	0.003888
5330	0	0
5331	0	0
5332	0.007265	0.003918
5333	0.000471	0.000443
5334	0	0
5335	0	0
5336	0	0
5337	0	0
5338	0.000666	0.000378
5339	0	0
5340	0.006772	0.005028
5341	0	0
5342	0	0
5343	0.005492	0.002723
5344	0.008617	0.004965
5345	0	0
5346	0.015955	0.005604
5347	0	0
5348	0	0
5349	0	0
5350	0.013849	0.007886
5351	0	0
5352	0	0
5353	0.002669	0.001921
5354	0	0
5355	0	0
5356	0.010724	0.004168
5357	0	0
5358	0	0
5359	0.004623	0.001751
5360	0	0
5361	0.011291	0.007283
5362	0	0
5363	0	0
5364	0.005066	0.002558
5365	0	0
5366	0	0
5367	0	0
5368	0	0
5369	0	0
5370	0.007159	0.003582
5371	0	0
5372	0	0
5373	0	0
5374	0.004564	0.001807
5375	0	0
5376	0	0
5377	0	0
5378	0	0
5379	0	0
5380	0.005219	0.002862
5381	0	0
5382	0	0
5383	0.008229	0.005034
5384	0	0
5385	0	0
5386	0	0
5387	0	0
5388	0	0
5389	0.00603	0.003814
5390	0	0
5391	0.003157	0.002864
5392	0	0
5393	0.008361	0.005192
5394	0	0
5395	0	0
5396	0	0
5397	0	0
5398	0	0
5399	0	0
5400	0.002181	0.001195
5401	0.003077	0.001565
5402	0	0
5403	0	0
5404	0	0
5405	0	0
5406	0	0
5407	0.004677	0.002126
5408	0	0
5409	0	0
5410	0	0
5411	0	0
5412	0.003606	0.002778
5413	0.001978	0.001778
5414	0	0
5415	0	0
5416	0	0
5417	0.002158	0.002526
5418	0.002966	0.002268
5419	0.003436	0.001853
5420	0.004802	0.004248
5421	0.002818	0.002434
5422	0	0
5423	0	0
5424	0	0
5425	0	0
5426	0.004298	0.002342
5427	0	0
5428	0	0
5429	0	0
5430	0	0
5431	0	0
5432	0	0
5433	0	0
5434	0	0
5435	0	0
5436	0	0
5437	0	0
5438	0	0
5439	0	0
5440	0	0
5441	0	0
5442	0.004998	0.002517
5443	0.005264	0.001279
5444	0	0
5445	0	0
5446	0.015325	0.007519
5447	0	0
5448	0	0
5449	0	0
5450	0	0
5451	0	0
5452	0	0
5453	0	0
5454	0	0
5455	0.004378	0.00333
5456	0	0
5457	0	0
5458	0.006809	0.003584
5459	0	0
5460	0.005867	0.00421
5461	0	0
5462	0	0
5463	0	0
5464	0.005744	0.00602
5465	0.008905	0.00658
5466	0	0
5467	0	0
5468	0	0
5469	0	0
5470	0	0
5471	0.002823	0.002576
5472	0	0
5473	0.004988	0.002511
5474	0	0
5475	0	0
5476	0.005974	0.003569
5477	0	0
5478	0	0
5479	0.012119	0.006001
5480	0	0
5481	0	0
5482	0	0
5483	0.006626	0.003065
5484	0	0
5485	0.001398	0.000644
5486	0	0
5487	0.021721	0.020619
5488	0	0
5489	0	0
5490	0	0
5491	0	0
5492	0.005426	0
5493	0.005145	0
5494	0.004082	0
5495	0.005679	0
5496	0	0
5497	0.002866	0
5498	0	0
5499	0	0
5500	0.006424	0
5501	0	0
5502	0	0
5503	0.00277	0
5504	0	0
5505	0	0
5506	0.003847	0
5507	0	0
5508	0.009972	0
5509	0.007321	0
5510	0	0
5511	0.00225	0
5512	0	0
5513	0.013185	0
5514	0	0
5515	0	0
5516	0	0
5517	0.004062	0
5518	0.003846	0
5519	0.003662	0
5520	0	0
5521	0.000858	0
5522	0.00099	0
5523	0.000822	0
5524	0.002073	0
5525	0	0
5526	0	0
5527	0	0
5528	0.005797	0
5529	0	0
5530	0	0
5531	0	0
5532	0.004947	0
5533	0	0
5534	0	0
5535	0	0
5536	0	0
5537	0	0
5538	0.001317	0
5539	0	0
5540	0.001542	0
5541	0	0
5542	0	0
5543	0.009059	0
5544	0.003929	0
5545	0	0
5546	0	0
5547	0	0
5548	0	0
5549	0.001063	0
5550	0	0
5551	0	0
5552	0	0
5553	0.003765	0
5554	0	0
5555	0	0
5556	0.001785	0
5557	0.002593	0
5558	0	0
5559	0	0
5560	0.000482	0
5561	0.0019	0
5562	0.001117	0
5563	0.002101	0
5564	0	0
5565	0	0
5566	0	0
5567	0.006732	0
5568	0	0
5569	0	0
5570	0.002754	0
5571	0.004406	0
5572	0	0
5573	0	0
5574	0.002321	0
5575	0.005223	0
5576	0.005048	0
5577	0	0
5578	0.005947	0
5579	0.000891	0
5580	0.003871	0
5581	0	0
5582	0	0
5583	0	0
5584	0	0
5585	0.002119	0
5586	0	0
5587	0.003012	0
5588	0	0
5589	0	0
5590	0.000865	0
5591	0.000638	0
5592	0	0
5593	0	0
5594	0.000639	0.000461
5595	0.000997	0.000981
5596	0	0
5597	0	0
5598	0	0
5599	0	0
5600	0	0
5601	0	0
5602	0	0
5603	0	0
5604	0	0
5605	0	0
5606	0	0
5607	0.00372	0.000957
5608	0	0
5609	0.005061	0.002167
5610	0.002092	0.001923
5611	0	0
5612	0	0
5613	0.003276	0.001098
5614	0	0
5615	0	0
5616	0	0
5617	0	0
5618	0.003442	0.001662
5619	0.001021	0.000495
5620	0	0
5621	0	0
5622	0	0
5623	0.001159	0.00071
5624	0	0
5625	0	0
5626	0	0
5627	0	0
5628	0.003807	0.001253
5629	0	0
5630	0	0
5631	0.001346	0.001185
5632	0	0
5633	0	0
5634	0	0
5635	0	0
5636	0.003821	0.001375
5637	0.006184	0.001583
5638	0.006314	0.003063
5639	0	0
5640	0	0
5641	0.002582	0.0007
5642	0.003855	0.002326
5643	0	0
5644	0	0
5645	0.000818	0.000357
5646	0	0
5647	0.004593	0.002421
5648	0	0
5649	0	0
5650	0.002359	0.002116
5651	0	0
5652	0	0
5653	0	0
5654	0.00747	0.004223
5655	0.00655	0.004349
5656	0	0
5657	0	0
5658	0.005758	0.002579
5659	0	0
5660	0.000933	0.000491
5661	0	0
5662	0	0
5663	0	0
5664	0	0
5665	0	0
5666	0.003642	0.001368
5667	0.000636	0.000376
5668	0.000762	0.000527
5669	0.000877	0.00082
5670	0	0
5671	0	0
5672	0.003434	0.001765
5673	0.006413	0.002407
5674	0	0
5675	0	0
5676	0	0
5677	0	0
5678	0	0
5679	0	0
5680	0	0
5681	0	0
5682	0	0
5683	0	0
5684	0	0
5685	0	0
5686	0	0
5687	0	0
5688	0.003282	0.00175
5689	0.003114	0.001102
5690	0	0
5691	0.000289	0.000326
5692	0.002196	0.00114
5693	0.002272	0.001524
5694	0	0
5695	0	0
5696	0	0
5697	0	0
5698	0.000753	0.000915
5699	0	0
5700	0.001416	0.001654
5701	0	0
5702	0	0
5703	0.001209	0.000697
5704	0	0
5705	0	0
5706	0	0
5707	0	0
5708	0	0
5709	0.01214	0.003841
5710	0	0
5711	0	0
5712	0.004002	0.002304
5713	0	0
5714	0	0
5715	0	0
5716	0	0
5717	0.004323	0.001805
5718	0.000638	0.00026
5719	0.001203	0.001175
5720	0	0
5721	0.003078	0.002252
5722	0.005459	0.00396
5723	0	0
5724	0	0
5725	0	0
5726	0.004877	0.002133
5727	0	0
5728	0.01454	0.008291
5729	0	0
5730	0	0
5731	0.004861	0.003824
5732	0.006573	0.00555
5733	0	0
5734	0.005349	0.006028
5735	0	0
5736	0	0
5737	0	0
5738	0.004233	0.003861
5739	0	0
5740	0	0
5741	0.001884	0.001315
5742	0	0
5743	0	0
5744	0.001312	0.001403
5745	0.001348	0.001265
5746	0.008338	0.008731
5747	0	0
5748	0	0
5749	0	0
5750	0	0
5751	0	0
5752	0	0
5753	0.001484	0.001406
5754	0.001062	0.001077
5755	0	0
5756	0.000575	0.00069
5757	0.000289	0.000371
5758	0.000298	0.000171
5759	0	0
5760	0.009435	0.007368
5761	0	0
5762	0	0
5763	0.00063	0.000637
5764	0	0
5765	0	0
5766	0	0
5767	0	0
5768	0.001207	0.000664
5769	0.001352	0.000872
5770	0	0
5771	0	0
5772	0.000632	0.000323
5773	0.000633	0.000892
5774	0.002424	0.001866
5775	0.001976	0.001161
5776	0.002166	0.001242
5777	0.000234	0.000105
5778	0	0
5779	0	0
5780	0.000615	0.000452
5781	0	0
5782	0.003109	0.001487
5783	0.002068	0.001343
5784	0	0
5785	0.00544	0.001993
5786	0.007472	0.002656
5787	0	0
5788	0.009362	0.004431
5789	0.005832	0.003187
5790	0	0
5791	0.000457	0.000283
5792	0	0
5793	0	0
5794	0.002507	0.001006
5795	0.003028	0.002002
5796	0.002211	0.001765
5797	0.001577	0.001498
5798	0	0
5799	0	0
5800	0	0
5801	0.004185	0.001029
5802	0.00406	0.001263
5803	0	0
5804	0	0
5805	0	0
5806	0.006207	0.001661
5807	0	0
5808	0.002128	0.000653
5809	0.000691	0.000422
5810	0	0
5811	0	0
5812	0	0
5813	0	0
5814	0.004673	0.00176
5815	0	0
5816	0	0
5817	0	0
5818	0	0
5819	0.012363	0.00447
5820	0	0
5821	0.000802	0.000576
5822	0.00146	0.001282
5823	0	0
5824	0.002127	0.001795
5825	0	0
5826	0.003549	0.001827
5827	0.001231	0.000818
5828	0.000642	0.000529
5829	0.001569	0.000972
5830	0	0
5831	0	0
5832	0	0
5833	0	0
5834	0	0
5835	0.000395	0.000391
5836	0	0
5837	0.000541	0.000455
5838	0.000846	0.000521
5839	0	0
5840	0	0
5841	0.005648	0.002472
5842	0	0
5843	0	0
5844	0	0
5845	0	0
5846	0	0
5847	0	0
5848	0.005578	0.002275
5849	0.000659	0.000363
5850	0.002013	0.000577
5851	0	0
5852	0.006292	0.003175
5853	0.00531	0.002754
5854	0.005048	0.002639
5855	0	0
5856	0.000834	0.000272
5857	0	0
5858	0.004145	0.001536
5859	0.004542	0.002512
5860	0.004055	0.001888
5861	0	0
5862	0	0
5863	0	0
5864	0.000508	0.000276
5865	0.002872	0.001814
5866	0	0
5867	0	0
5868	0	0
5869	0	0
5870	0.003023	0.001353
5871	0.00093	0.000625
5872	0	0
5873	0.002886	0.001813
5874	0.004348	0.002403
5875	0	0
5876	0	0
5877	0	0
5878	0.009962	0.006916
5879	0	0
5880	0	0
5881	0.002126	0.001852
5882	0	0
5883	0	0
5884	0	0
5885	0.004182	0.002262
5886	0.003801	0.002697
5887	0.004156	0.002527
5888	0.005481	0.003168
5889	0	0
5890	0	0
5891	0	0
5892	0.009946	0.005907
5893	0	0
5894	0	0
5895	0	0
5896	0	0
5897	0	0
5898	0	0
5899	0	0
5900	0	0
5901	0	0
5902	0.006835	0.004079
5903	0.00082	0.000507
5904	0	0
5905	0.002313	0.002064
5906	0.001776	0.001477
5907	0.002358	0.001712
5908	0.008211	0.006507
5909	0	0
5910	0.00277	0.002528
5911	0	0
5912	0	0
5913	0.003064	0.00346
5914	0	0
5915	0	0
5916	0	0
5917	0.003627	0.002772
5918	0.003008	0.001837
5919	0.002592	0.002007
5920	0.000474	0.000313
5921	0	0
5922	0	0
5923	0.005403	0.003734
5924	0	0
5925	0.003112	0.001826
5926	0.004555	0.002012
5927	0	0
5928	0.008648	0.004914
5929	0	0
5930	0.008219	0.00403
5931	0	0
5932	0	0
5933	0	0
5934	0	0
5935	0	0
5936	0	0
5937	0	0
5938	0	0
5939	0	0
5940	0	0
5941	0	0
5942	0	0
5943	0.000272	0.000238
5944	0	0
5945	0	0
5946	0	0
5947	0.003254	0.000821
5948	0.002954	0.002077
5949	0.000985	0.00068
5950	0.001749	0.001349
5951	0	0
5952	0	0
5953	0	0
5954	0	0
5955	0	0
5956	0.003987	0.002213
5957	0	0
5958	0.004287	0.001574
5959	0	0
5960	0	0
5961	0	0
5962	0.008496	0.003632
5963	0	0
5964	0.002801	0.001174
5965	0.004161	0.002581
5966	0	0
5967	0.002986	0.001514
5968	0.004588	0.004134
5969	0	0
5970	0.001676	0.002211
5971	0.002143	0.003034
5972	0	0
5973	0.008443	0.008976
5974	0	0
5975	0	0
5976	0.00226	0.001144
5977	0.001015	0.000445
5978	0	0
5979	0.000841	0.000887
5980	0	0
5981	0.001201	0.000949
5982	0.000392	0.000385
5983	0.003111	0.003504
5984	0	0
5985	0.00082	0.000753
5986	0.003109	0.001126
5987	0	0
5988	0	0
5989	0.007646	0.003025
5990	0	0
5991	0.000296	0.000124
5992	0.000931	0.000832
5993	0	0
5994	0	0
5995	0	0
5996	0	0
5997	0.002997	0.003012
5998	0	0
5999	0.001879	0.000997
6000	0	0
6001	0.005877	0.003472
6002	0	0
6003	0	0
6004	0.002067	0.001407
6005	0	0
6006	0	0
6007	0.005143	0.002054
6008	0	0
6009	0	0
6010	0.00909	0.0036
6011	0.010855	0.005248
6012	0	0
6013	0.003514	0.002266
6014	0.004056	0.001954
6015	0	0
6016	0.001193	0.000691
6017	0	0
6018	0.001977	0.001795
6019	0	0
6020	0	0
6021	0.001326	0.00074
6022	0	0
6023	0.001104	0.000633
6024	0	0
6025	0.001215	0.000972
6026	0.000465	0.000226
6027	0.000769	0.001043
6028	0.001434	0.001163
6029	0	0
6030	0	0
6031	0	0
6032	0.003209	0.004189
6033	0	0
6034	0	0
6035	0	0
6036	0.000837	0.000825
6037	0.002478	0.002266
6038	0	0
6039	0	0
6040	0	0
6041	0	0
6042	0	0
6043	0.013842	0.004662
6044	0.009865	0.004503
6045	0	0
6046	0.0109	0.005368
6047	0	0
6048	0.000956	0.000463
6049	0.000579	0.000741
6050	0.000917	0.00075
6051	0	0
6052	0	0
6053	0	0
6054	0.001275	0.001329
6055	0	0
6056	0	0
6057	0	0
6058	0	0
6059	0	0
6060	0	0
6061	0.004905	0.001975
6062	0	0
6063	0.007469	0.00334
6064	0	0
6065	0	0
6066	0	0
6067	0	0
6068	0	0
6069	0.001476	0.001319
6070	0.00196	0.001008
6071	0.00271	0.002147
6072	0	0
6073	0.002086	0.000781
6074	0	0
6075	0.00064	0.000631
6076	0.002962	0.001572
6077	0	0
6078	0	0
6079	0	0
6080	0	0
6081	0.001796	0.001622
6082	0	0
6083	0	0
6084	0	0
6085	0	0
6086	0.002958	0.00203
6087	0.002199	0.001553
6088	0	0
6089	0	0
6090	0.003762	0.001449
6091	0.004206	0.002563
6092	0.00429	0.002891
6093	0.001302	0.000741
6094	0.002468	0.001066
6095	0	0
6096	0	0
6097	0.00298	0.001969
6098	0	0
6099	0	0
6100	0.003075	0.001344
6101	0	0
6102	0.011159	0.004976
6103	0.008707	0.003313
6104	0	0
6105	0.010689	0.004649
6106	0.009012	0.004267
6107	0	0
6108	0	0
6109	0.004056	0.001769
6110	0	0
6111	0.001424	0.000817
6112	0.002357	0.000691
6113	0	0
6114	0	0
6115	0.004446	0.00195
6116	0	0
6117	0	0
6118	0	0
6119	0	0
6120	0	0
6121	0.004285	0.001241
6122	0	0
6123	0	0
6124	0.0036	0.001523
6125	0	0
6126	0	0
6127	0.00228	0.000974
6128	0	0
6129	0.000994	0.00099
6130	0.001286	0.001139
6131	0	0
6132	0.000499	0.000356
6133	0.000929	0.001138
6134	0	0
6135	0.003925	0.002105
6136	0.005415	0.002459
6137	0.004094	0.002404
6138	0.000913	0.000573
6139	0.001922	0.001673
6140	0	0
6141	0	0
6142	0	0
6143	0	0
6144	0.002535	0.001764
6145	0.00163	0.000813
6146	0	0
6147	0	0
6148	0.007079	0.002026
6149	0	0
6150	0.002389	0.001991
6151	0.001642	0.00093
6152	0.003523	0.002771
6153	0	0
6154	0	0
6155	0	0
6156	0	0
6157	0.005312	0.002936
6158	0	0
6159	0	0
6160	0.003852	0.001704
6161	0	0
6162	0	0
6163	0.00398	0.001705
6164	0	0
6165	0.000928	0.00113
6166	0.001107	0.001077
6167	0.001953	0.00128
6168	0.00245	0.002312
6169	0	0
6170	0	0
6171	0	0
6172	0	0
6173	0	0
6174	0.000864	0.000984
6175	0	0
6176	0.002546	0.001503
6177	0	0
6178	0.001473	0.0008
6179	0.00065	0.000543
6180	0.001356	0.001181
6181	0	0
6182	0.002583	0.002265
6183	0.002489	0.001564
6184	0.003505	0.001602
6185	0.005346	0.003503
6186	0	0
6187	0	0
6188	0	0
6189	0	0
6190	0.003666	0.003292
6191	0	0
6192	0	0
6193	0.002571	0.001259
6194	0	0
6195	0	0
6196	0	0
6197	0	0
6198	0	0
6199	0	0
6200	0	0
6201	0	0
6202	0.003382	0.001567
6203	0	0
6204	0	0
6205	0.001918	0.001115
6206	0	0
6207	0.004627	0.002266
6208	0.005882	0.003418
6209	0	0
6210	0.005677	0.003607
6211	0.001617	0.001119
6212	0	0
6213	0	0
6214	0.00374	0.00153
6215	0	0
6216	0.008071	0.003098
6217	0.006948	0.003611
6218	0	0
6219	0	0
6220	0	0
6221	0.015147	0.012882
6222	0	0
6223	0	0
6224	0	0
6225	0.009073	0.003735
6226	0	0
6227	0.006753	0.003378
6228	0	0
6229	0.009157	0.004381
6230	0	0
6231	0	0
6232	0.007516	0.00334
6233	0	0
6234	0	0
6235	0.004245	0.002753
6236	0	0
6237	0	0
6238	0.005439	0.001946
6239	0.003886	0.002142
6240	0	0
6241	0.005496	0.002592
6242	0	0
6243	0.003326	0.002778
6244	0	0
6245	0	0
6246	0.003337	0.002046
6247	0	0
6248	0.003793	0.002399
6249	0.001438	0.001443
6250	0	0
6251	0.003315	0.002133
6252	0	0
6253	0.003767	0.001689
6254	0	0
6255	0.002531	0.001858
6256	0.001418	0.000744
6257	0.000985	0.001098
6258	0.001186	0.000992
6259	0	0
6260	0.000655	0.000695
6261	0.000912	0.000939
6262	0	0
6263	0	0
6264	0.000895	0.000649
6265	0.00101	0.000788
6266	0	0
6267	0.043099	0.041958
6268	0	0
6269	0	0
6270	0.000487	0.000339
6271	0.00171	0.001473
6272	0	0
6273	0	0
6274	0	0
6275	0	0
6276	0.001145	0.001149
6277	0.000746	0.000467
6278	0.001603	0.001318
6279	0.002165	0.001797
6280	0.001868	0.001933
6281	0	0
6282	0	0
6283	0	0
6284	0	0
6285	0.001748	0.001601
6286	0.001886	0.001694
6287	0	0
6288	0.005626	0.003659
6289	0	0
6290	0	0
6291	0	0
6292	0	0
6293	0.0083	0.005088
6294	0	0
6295	0	0
6296	0	0
6297	0.008084	0.003252
6298	0.007594	0.00431
6299	0	0
6300	0.00169	0.001315
6301	0	0
6302	0	0
6303	0.000989	0.000833
6304	0.000514	0.000353
6305	0.001312	0.001289
6306	0	0
6307	0	0
6308	0	0
6309	0.004232	0.001974
6310	0	0
6311	0	0
6312	0.004859	0.002717
6313	0	0
6314	0	0
6315	0	0
6316	0	0
6317	0	0
6318	0	0
6319	0	0
6320	0.007698	0.004475
6321	0.001238	0.001246
6322	0.002046	0.002259
6323	0	0
6324	0.001287	0.001259
6325	0	0
6326	0	0
6327	0.008165	0.004037
6328	0	0
6329	0	0
6330	0.001778	0.001681
6331	0.001706	0.001118
6332	0	0
6333	0.000866	0.000694
6334	0	0
6335	0	0
6336	0	0
6337	0.009864	0.00705
6338	0	0
6339	0	0
6340	0	0
6341	0	0
6342	0	0
6343	0.003702	0.001924
6344	0	0
6345	0.005694	0.003324
6346	0.006734	0.004414
6347	0	0
6348	0.007533	0.003614
6349	0	0
6350	0	0
6351	0.007813	0.003097
6352	0.006985	0.004051
6353	0	0
6354	0	0
6355	0	0
6356	0	0
6357	0	0
6358	0.005437	0.002305
6359	0	0
6360	0.001788	0.000764
6361	0	0
6362	0	0
6363	0.001034	0.001068
6364	0.000716	0.000926
6365	0.001319	0.001004
6366	0.001152	0.001131
6367	0.001886	0.001002
6368	0	0
6369	0.004974	0.001934
6370	0	0
6371	0	0
6372	0.007461	0.002731
6373	0	0
6374	0.009877	0.003491
6375	0	0
6376	0.003334	0.001439
6377	0	0
6378	0.0109	0.004014
6379	0.00768	0.003561
6380	0	0
6381	0.001611	0.001435
6382	0.001924	0.002092
6383	0.001815	0.002295
6384	0.002636	0.002228
6385	0	0
6386	0	0
6387	0	0
6388	0.00393	0.001967
6389	0	0
6390	0	0
6391	0	0
6392	0.004209	0.001521
6393	0.00447	0.002672
6394	0.004509	0.002891
6395	0	0
6396	0	0
6397	0.004447	0.002454
6398	0	0
6399	0	0
6400	0	0
6401	0	0
6402	0	0
6403	0	0
6404	0	0
6405	0	0
6406	0.002939	0.001574
6407	0.003707	0.002741
6408	0	0
6409	0.002546	0.001052
6410	0	0
6411	0	0
6412	0	0
6413	0.005079	0.002261
6414	0	0
6415	0.002465	0.000918
6416	0	0
6417	0	0
6418	0	0
6419	0	0
6420	0	0
6421	0	0
6422	0	0
6423	0	0
6424	0	0
6425	0.006785	0.003492
6426	0.002588	0.001376
6427	0	0
6428	0	0
6429	0	0
6430	0.003637	0.00187
6431	0	0
6432	0	0
6433	0	0
6434	0	0
6435	0	0
6436	0	0
6437	0	0
6438	0.00462	0.001957
6439	0	0
6440	0	0
6441	0	0
6442	0	0
6443	0	0
6444	0	0
6445	0	0
6446	0.006319	0.004196
6447	0	0
6448	0	0
6449	0	0
6450	0	0
6451	0.007729	0.002408
6452	0	0
6453	0.008349	0.003296
6454	0.006311	0.003093
6455	0	0
6456	0.001499	0.001007
6457	0.002526	0.001309
6458	0	0
6459	0.006199	0.003982
6460	0.00272	0.002311
6461	0	0
6462	0.003742	0.001739
6463	0	0
6464	0	0
6465	0.002086	0.002155
6466	0.003157	0.001865
6467	0	0
6468	0	0
6469	0.009335	0.004643
6470	0	0
6471	0	0
6472	0.003151	0.00178
6473	0	0
6474	0	0
6475	0	0
6476	0	0
6477	0.001583	0.001119
6478	0	0
6479	0	0
6480	0.00148	0.001591
6481	0.003188	0.001533
6482	0	0
6483	0	0
6484	0.007214	0.003254
6485	0	0
6486	0	0
6487	0.003181	0.001371
6488	0.006493	0.002917
6489	0	0
6490	0.006986	0.003632
6491	0	0
6492	0	0
6493	0.00877	0.003505
6494	0	0
6495	0.002723	0.001437
6496	0	0
6497	0.005376	0.002977
6498	0	0
6499	0.007704	0.004363
6500	0	0
6501	0	0
6502	0	0
6503	0	0
6504	0.000609	0.000628
6505	0.002094	0.001011
6506	0	0
6507	0	0
6508	0.008001	0.003803
6509	0	0
6510	0.001561	0.001149
6511	0	0
6512	0.002145	0.001498
6513	0.001731	0.001878
6514	0	0
6515	0.003032	0.002446
6516	0.000844	0.000595
6517	0.005077	0.005773
6518	0	0
6519	0	0
6520	0.003498	0.002135
6521	0	0
6522	0	0
6523	0	0
6524	0.003833	0.001867
6525	0	0
6526	0.003667	0.001918
6527	0	0
6528	0	0
6529	0.004128	0.001486
6530	0	0
6531	0	0
6532	0.003916	0.00158
6533	0	0
6534	0	0
6535	0	0
6536	0	0
6537	0.00287	0.002748
6538	0	0
6539	0	0
6540	0	0
6541	0.003939	0.003226
6542	0	0
6543	0	0
6544	0	0
6545	0	0
6546	0	0
6547	0.0079	0.003967
6548	0	0
6549	0	0
6550	0	0
6551	0	0
6552	0	0
6553	0	0
6554	0	0
6555	0	0
6556	0	0
6557	0	0
6558	0.0034	0.002936
6559	0.004067	0.003748
6560	0	0
6561	0.004522	0.004032
6562	0.003562	0.003088
6563	0	0
6564	0.001199	0.000917
6565	0	0
6566	0	0
6567	0	0
6568	0	0
6569	0	0
6570	0.001768	0.001821
6571	0	0
6572	0	0
6573	0.00062	0.000438
6574	0.000648	0.00034
6575	0	0
6576	0.000583	0.000372
6577	0.000779	0.000593
6578	0	0
6579	0.000466	0.000229
6580	0.000463	0.000295
6581	0	0
6582	0.002434	0.001796
6583	0	0
6584	0	0
6585	0	0
6586	0	0
6587	0	0
6588	0	0
6589	0.003959	0.001807
6590	0.004779	0.002091
6591	0	0
6592	0.010559	0.006163
6593	0	0
6594	0.003613	0.001482
6595	0	0
6596	0	0
6597	0	0
6598	0	0
6599	0	0
6600	0	0
6601	0	0
6602	0	0
6603	0	0
6604	0.007173	0.003244
6605	0	0
6606	0.002561	0.001126
6607	0.003625	0.002173
6608	0	0
6609	0.005265	0.003253
6610	0.001144	0.00095
6611	0	0
6612	0.002789	0.001701
6613	0.002809	0.001873
6614	0.003072	0.002326
6615	0.003546	0.002348
6616	0.004206	0.002219
6617	0	0
6618	0.000908	0.000683
6619	0.000995	0.001485
6620	0.002453	0.001646
6621	0	0
6622	0	0
6623	0	0
6624	0	0
6625	0	0
6626	0.006009	0.003426
6627	0.001199	0.000921
6628	0	0
6629	0	0
6630	0.000886	0.000533
6631	0.002121	0.000992
6632	0.002484	0.001499
6633	0.003719	0.002357
6634	0	0
6635	0.00309	0.001831
6636	0	0
6637	0.00204	0.001049
6638	0.003261	0.00194
6639	0	0
6640	0.00625	0.003645
6641	0.006719	0.003088
6642	0	0
6643	0.002092	0.001073
6644	0	0
6645	0	0
6646	0.007677	0.003606
6647	0	0
6648	0	0
6649	0	0
6650	0	0
6651	0.000878	0.000619
6652	0.001209	0.001098
6653	0	0
6654	0.002558	0.001432
6655	0.003988	0.002507
6656	0	0
6657	0.00058	0.00047
6658	0.000877	0.00074
6659	0	0
6660	0	0
6661	0.003176	0.001394
6662	0	0
6663	0	0
6664	0.003263	0.001227
6665	0	0
6666	0.010366	0.005121
6667	0	0
6668	0	0
6669	0	0
6670	0	0
6671	0.004446	0.001928
6672	0	0
6673	0.002464	0.000876
6674	0.002368	0.001435
6675	0.002156	0.000971
6676	0.001888	0.000889
6677	0	0
6678	0	0
6679	0	0
6680	0.004142	0.001719
6681	0.005918	0.003044
6682	0	0
6683	0	0
6684	0.004458	0.001507
6685	0	0
6686	0	0
6687	0.008549	0.006689
6688	0	0
6689	0	0
6690	0.001152	0.001081
6691	0.006633	0.008238
6692	0	0
6693	0	0
6694	0	0
6695	0	0
6696	0	0
6697	0	0
6698	0	0
6699	0.001423	0.001198
6700	0	0
6701	0	0
6702	0	0
6703	0	0
6704	0	0
6705	0.003831	0.001866
6706	0.003555	0.002069
6707	0.00263	0.001989
6708	0.001153	0.000936
6709	0.002076	0.001928
6710	0	0
6711	0.002412	0.001605
6712	0	0
6713	0	0
6714	0	0
6715	0.002085	0.001176
6716	0	0
6717	0.000736	0.000605
6718	0.001633	0.001293
6719	0.001763	0.000953
6720	0	0
6721	0.001749	0.001438
6722	0.000974	0.001029
6723	0.000754	0.00116
6724	0.001357	0.001025
6725	0	0
6726	0.004572	0.003564
6727	0.00197	0.001225
6728	0	0
6729	0.001442	0.001175
6730	0	0
6731	0.002052	0.001784
6732	0	0
6733	0.001642	0.001351
6734	0.00146	0.001353
6735	0	0
6736	0.003023	0.001516
6737	0	0
6738	0.001924	0.001407
6739	0	0
6740	0	0
6741	0	0
6742	0.002897	0.0018
6743	0.002348	0.001715
6744	0.000563	0.000353
6745	0.002146	0.002232
6746	0	0
6747	0.002792	0.001375
6748	0.00342	0.002446
6749	0	0
6750	0	0
6751	0.004791	0.002825
6752	0	0
6753	0.000832	0.000492
6754	0.000592	0.000332
6755	0.001525	0.001385
6756	0.001978	0.000924
6757	0.002597	0.001559
6758	0.004055	0.001915
6759	0	0
6760	0.002407	0.001219
6761	0	0
6762	0.001128	0.00068
6763	0.002619	0.001517
6764	0.000909	0.000949
6765	0.00156	0.001178
6766	0.001442	0.001232
6767	0	0
6768	0.001876	0.001603
6769	0	0
6770	0	0
6771	0	0
6772	0	0
6773	0	0
6774	0	0
6775	0	0
6776	0.005383	0.002174
6777	0	0
6778	0.002446	0.001046
6779	0	0
6780	0.002423	0.001363
6781	0.002792	0.002247
6782	0.00334	0.001858
6783	0	0
6784	0	0
6785	0	0
6786	0.007732	0.007792
6787	0.002031	0.001442
6788	0	0
6789	0.001355	0.000954
6790	0.001054	0.000836
6791	0	0
6792	0	0
6793	0.002891	0.001214
6794	0	0
6795	0.000588	0.000512
6796	0	0
6797	0	0
6798	0.001092	0.000942
6799	0.001947	0.00136
6800	0	0
6801	0.000672	0.000547
6802	0	0
6803	0	0
6804	0	0
6805	0	0
6806	0	0
6807	0	0
6808	0.002387	0.002054
6809	0	0
6810	0.003097	0.003071
6811	0	0
6812	0	0
6813	0.003911	0.001464
6814	0	0
6815	0.002773	0.00129
6816	0.003421	0.002225
6817	0.004788	0.002508
6818	0	0
6819	0	0
6820	0	0
6821	0	0
6822	0.0124	0.00751
6823	0	0
6824	0	0
6825	0.003885	0.002634
6826	0	0
6827	0.004592	0.001917
6828	0	0
6829	0	0
6830	0	0
6831	0	0
6832	0.003969	0.001795
6833	0	0
6834	0	0
6835	0.002835	0.001485
6836	0	0
6837	0	0
6838	0.004337	0.002356
6839	0	0
6840	0.002749	0.002481
6841	0	0
6842	0.004375	0.001903
6843	0	0
6844	0.004733	0.003046
6845	0	0
6846	0	0
6847	0	0
6848	0	0
6849	0	0
6850	0	0
6851	0	0
6852	0.00311	0.002418
6853	0.004323	0.003851
6854	0	0
6855	0.001218	0.001145
6856	0.002024	0.001739
6857	0	0
6858	0	0
6859	0	0
6860	0	0
6861	0.000679	0.000805
6862	0.002262	0.001405
6863	0	0
6864	0.002518	0.001238
6865	0.003978	0.002033
6866	0.00494	0.002063
6867	0	0
6868	0.002238	0.001546
6869	0	0
6870	0.002227	0.0014
6871	0.001033	0.000764
6872	0	0
6873	0	0
6874	0.006275	0.003208
6875	0	0
6876	0.002486	0.002314
6877	0	0
6878	0	0
6879	0	0
6880	0	0
6881	0	0
6882	0	0
6883	0.005836	0.002953
6884	0	0
6885	0	0
6886	0	0
6887	0	0
6888	0.001054	0.000909
6889	0.001325	0.001539
6890	0	0
6891	0	0
6892	0.00128	0.001002
6893	0	0
6894	0	0
6895	0	0
6896	0.00483	0.001631
6897	0	0
6898	0.001834	0.000524
6899	0.000912	0.000649
6900	0	0
6901	0	0
6902	0	0
6903	0.002621	0.001212
6904	0.002011	0.001728
6905	0	0
6906	0.003188	0.001717
6907	0	0
6908	0.004055	0.002557
6909	0.001234	0.00098
6910	0	0
6911	0.00183	0.001432
6912	0.001403	0.001229
6913	0	0
6914	0	0
6915	0.001833	0.001371
6916	0.001005	0.000629
6917	0.001518	0.001701
6918	0	0
6919	0.003476	0.001553
6920	0	0
6921	0.00776	0.004021
6922	0.002565	0.001245
6923	0	0
6924	0.001151	0.001016
6925	0	0
6926	0	0
6927	0	0
6928	0.00787	0.002548
6929	0	0
6930	0.000802	0.000616
6931	0.001065	0.001116
6932	0	0
6933	0.003197	0.001183
6934	0.003295	0.002184
6935	0	0
6936	0	0
6937	0.002521	0.001215
6938	0	0
6939	0.005927	0.003702
6940	0.006729	0.002384
6941	0.005214	0.003274
6942	0	0
6943	0.006657	0.005304
6944	0.005976	0.003565
6945	0.003788	0.003056
6946	0.004708	0.003106
6947	0	0
6948	0	0
6949	0	0
6950	0	0
6951	0.001697	0.001524
6952	0.002861	0.001364
6953	0	0
6954	0.000966	0.00095
6955	0.001215	0.000928
6956	0.001662	0.001216
6957	0.00121	0.000987
6958	0.00185	0.002282
6959	0	0
6960	0	0
6961	0.003158	0.002308
6962	0.000734	0.000634
6963	0	0
6964	0	0
6965	0.004026	0.002495
6966	0.000596	0.000278
6967	0.001689	0.001595
6968	0	0
6969	0	0
6970	0.00197	0.001193
6971	0.002286	0.001703
6972	0.001093	0.000797
6973	0.001542	0.000944
6974	0	0
6975	0.003223	0.001522
6976	0.004314	0.002181
6977	0	0
6978	0.001877	0.002122
6979	0	0
6980	0	0
6981	0	0
6982	0	0
6983	0	0
6984	0.003788	0.002235
6985	0	0
6986	0	0
6987	0.0031	0.002116
6988	0	0
6989	0	0
6990	0	0
6991	0.005407	0.002456
6992	0	0
6993	0.000531	0.000198
6994	0	0
6995	0	0
6996	0	0
6997	0.002342	0.001471
6998	0	0
6999	0.001248	0.001537
7000	0.001723	0.001032
7001	0	0
7002	0	0
7003	0.002762	0.001463
7004	0	0
7005	0	0
7006	0	0
7007	0	0
7008	0.002055	0.001121
7009	0	0
7010	0	0
7011	0	0
7012	0	0
7013	0.002259	0.002567
7014	0.001512	0.00097
7015	0	0
7016	0	0
7017	0.002176	0.001255
7018	0	0
7019	0	0
7020	0.000454	0.00041
7021	0.001543	0.000803
7022	5.50E-05	2.00E-05
7023	3.90E-05	1.00E-05
7024	5.60E-05	0.00022
7025	0	0
7026	6.00E-06	0
7027	0	0
7028	0	0
7029	0	0
7030	0	0
7031	0	0
7032	0.00441	0.002381
7033	0.006997	0.004034
7034	0	0
7035	0	0
7036	0	0
7037	0	0
7038	0.004725	0.001866
7039	0	0
7040	0.002514	0.001314
7041	0.001885	0.001016
7042	0.002171	0.001222
7043	0	0
7044	0	0
7045	0.009947	0.004033
7046	0	0
7047	0.003658	0.001336
7048	0	0
7049	0	0
7050	0	0
7051	0.002802	0.001367
7052	0	0
7053	0.00039	0.000315
7054	0.001344	0.001145
7055	0	0
7056	0.001228	0.001255
7057	0	0
7058	0.001383	0.001162
7059	0.001346	0.001409
7060	0.001527	0.001146
7061	0	0
7062	0.003472	0.001293
7063	0.004452	0.002063
7064	0.003301	0.001541
7065	0.002177	0.00196
7066	0	0
7067	0	0
7068	0	0
7069	0.002852	0.001484
7070	0	0
7071	0	0
7072	0.001616	0.001041
7073	0	0
7074	0.000685	0.000607
7075	0.001029	0.000899
7076	0	0
7077	0.000697	0.000419
7078	0.001294	0.00123
7079	0	0
7080	0.002525	0.001656
7081	0.00304	0.002361
7082	0	0
7083	0	0
7084	0.003713	0.001618
7085	0.005306	0.002004
7086	0	0
7087	0	0
7088	0	0
7089	0.003619	0.00179
7090	0.001212	0.001283
7091	0	0
7092	0.002536	0.001912
7093	0.003516	0.001491
7094	0.00507	0.002726
7095	0	0
7096	0	0
7097	0	0
7098	0	0
7099	0.003668	0.001806
7100	0	0
7101	0.002186	0.001132
7102	0.00451	0.001776
7103	0	0
7104	0.007271	0.003788
7105	0	0
7106	0	0
7107	0.000789	0.000497
7108	0.000787	0.000806
7109	0	0
7110	0.002062	0.001421
7111	0	0
7112	0	0
7113	0	0
7114	0	0
7115	0	0
7116	0	0
7117	0.007763	0.003528
7118	0	0
7119	0.001516	0.001108
7120	0	0
7121	0	0
7122	0	0
7123	0	0
7124	0	0
7125	0	0
7126	0	0
7127	0	0
7128	0.013338	0.008479
7129	0	0
7130	0	0
7131	0.001527	0.001851
7132	0	0
7133	0	0
7134	0	0
7135	0	0
7136	0	0
7137	0	0
7138	0.004021	0.00147
7139	0	0
7140	0	0
7141	0	0
7142	0.003613	0.001185
7143	0.003507	0.001989
7144	0.004227	0.002126
7145	0	0
7146	0	0
7147	0	0
7148	0.002673	0.001573
7149	0	0
7150	0.002912	0.001407
7151	0	0
7152	0	0
7153	0.004473	0.002261
7154	0	0
7155	0.002532	0.001129
7156	0.003462	0.001687
7157	0	0
7158	0	0
7159	0.005571	0.003624
7160	0	0
7161	0.001029	0.000721
7162	0.001824	0.002028
7163	0	0
7164	0.001629	0.001778
7165	0.000979	0.000649
7166	0	0
7167	0	0
7168	0	0
7169	0.003371	0.00118
7170	0	0
7171	0.006214	0.002841
7172	0	0
7173	0	0
7174	0	0
7175	0.003511	0.002092
7176	0.007263	0.002401
7177	0.005842	0.003072
7178	0	0
7179	0.010275	0.004725
7180	0.009008	0.004125
7181	0	0
7182	0	0
7183	0	0
7184	0	0
7185	0	0
7186	0	0
7187	0	0
7188	0	0
7189	0	0
7190	0	0
7191	0.005501	0.002279
7192	0.00616	0.002334
7193	0.006827	0.002743
7194	0	0
7195	0.011432	0.005862
7196	0	0
7197	0.001017	0.001013
7198	0.001959	0.001621
7199	0	0
7200	0	0
7201	0.008314	0.002855
7202	0	0
7203	0.004198	0.002209
7204	0	0
7205	0	0
7206	0.000852	0.000858
7207	0.000986	0.001107
7208	0	0
7209	0	0
7210	0.001816	0.000727
7211	0.333201	0.329694
7212	0	0
7213	0	0
7214	0	0
7215	0	0
7216	0.001354	0.000873
7217	0	0
7218	0	0
7219	0.001502	0.001073
7220	0.002373	0.000707
7221	0.003976	0.001563
7222	0	0
7223	0	0
7224	0.005564	0.003113
7225	0	0
7226	0.001378	0.001649
7227	0.000698	0.000659
7228	0	0
7229	0	0
7230	0.00413	0.001494
7231	0	0
7232	0	0
7233	0	0
7234	0	0
7235	0	0
7236	0.001038	0.001155
7237	0	0
7238	0.002057	0.001111
7239	0.001842	0.001241
7240	0	0
7241	0	0
7242	0.003856	0.00153
7243	0	0
7244	0	0
7245	0	0
7246	0	0
7247	0	0
7248	0	0
7249	0	0
7250	0	0
7251	0.002089	0.000819
7252	0.001205	0.001054
7253	0	0
7254	0	0
7255	0	0
7256	0	0
7257	0	0
7258	0.004543	0.001877
7259	0	0
7260	0	0
7261	0.00821	0.002688
7262	0	0
7263	0.003735	0.000778
7264	0	0
7265	0	0
7266	0.004635	0.001377
7267	0	0
7268	0.005149	0.002687
7269	0.003478	0.003354
7270	0.002095	0.00103
7271	0	0
7272	0.000909	0.00078
7273	0.001332	0.001212
7274	0	0
7275	0.00375	0.001845
7276	0	0
7277	0	0
7278	0.003701	0.00139
7279	0.004411	0.002384
7280	0	0
7281	0	0
7282	0.004142	0.001567
7283	0.003602	0.001809
7284	0.004926	0.002745
7285	0	0
7286	0.008137	0.003572
7287	0	0
7288	0.007644	0.003924
7289	0	0
7290	0	0
7291	0	0
7292	0	0
7293	0.00289	0.00165
7294	0	0
7295	0	0
7296	0.00204	0.000856
7297	0.002146	0.000965
7298	0	0
7299	0	0
7300	0.004036	0.001152
7301	0	0
7302	0.003071	0.001065
7303	0.003181	0.002155
7304	0	0
7305	0	0
7306	0.003864	0.001671
7307	0	0
7308	0	0
7309	0.003898	0.001413
7310	0.004927	0.002138
7311	0.004758	0.001959
7312	0.004856	0.002323
7313	0	0
7314	0	0
7315	0.003938	0.001724
7316	0.002864	0.001801
7317	0	0
7318	0.004511	0.001951
7319	0.003523	0.001738
7320	0.003209	0.001855
7321	0.001085	0.000498
7322	0	0
7323	0.000661	0.00057
7324	0	0
7325	0	0
7326	0.00108	0.001041
7327	0	0
7328	0	0
7329	0.00683	0.002221
7330	0.006989	0.002304
7331	0	0
7332	0.002058	0.002038
7333	0	0
7334	0.003271	0.001575
7335	0.005292	0.002419
7336	0	0
7337	0.00072	0.000314
7338	0	0
7339	0	0
7340	0.001636	0.001264
7341	0	0
7342	0.00118	0.000784
7343	0	0
7344	0	0
7345	0	0
7346	0	0
7347	0.001408	0.001258
7348	0.003137	0.002765
7349	0	0
7350	0	0
7351	0.003911	0.002531
7352	0	0
7353	0	0
7354	0.001872	0.000805
7355	0	0
7356	0.001166	0.000667
7357	0.001269	0.000617
7358	0	0
7359	0.001393	0.001042
7360	0	0
7361	0	0
7362	0.002774	0.002122
7363	0	0
7364	0	0
7365	0	0
7366	0	0
7367	0	0
7368	0.003065	0.002251
7369	0	0
7370	0	0
7371	0	0
7372	0.003792	0.001417
7373	0	0
7374	0	0
7375	0	0
7376	0	0
7377	0	0
7378	0.004056	0.001737
7379	0.000636	0.000723
7380	0.000816	0.000642
7381	0	0
7382	0.001049	0.000899
7383	0.001739	0.000695
7384	0.000779	0.000673
7385	0	0
7386	0	0
7387	0.002804	0.00169
7388	0	0
7389	0.001726	0.00118
7390	0	0
7391	0.001796	0.00088
7392	0.000517	0.000385
7393	0.000408	0.000464
7394	0	0
7395	0.001573	0.001155
7396	0.004604	0.003257
7397	0	0
7398	0	0
7399	0	0
7400	0	0
7401	0	0
7402	0	0
7403	0	0
7404	0	0
7405	0	0
7406	0	0
7407	0.011003	0.003972
7408	0	0
7409	0	0
7410	0	0
7411	0	0
7412	0	0
7413	0	0
7414	0	0
7415	0	0
7416	0.002998	0.001177
7417	0.003958	0.002454
7418	0	0
7419	0.000995	0.000546
7420	0	0
7421	0	0
7422	0.002107	0.001603
7423	0	0
7424	0	0
7425	0	0
7426	0	0
7427	0	0
7428	0.003094	0.002342
7429	0.002974	0.001127
7430	0	0
7431	0.003067	0.001802
7432	0	0
7433	0	0
7434	0	0
7435	0.00313	0.001578
7436	0	0
7437	0	0
7438	0	0
7439	0	0
7440	0.003712	0.001426
7441	0	0
7442	0.009312	0.005113
7443	0	0
7444	0.000581	0.000369
7445	0	0
7446	0	0
7447	0	0
7448	0	0
7449	0	0
7450	0	0
7451	0	0
7452	0	0
7453	0.000737	0.000514
7454	0.001002	0.000398
7455	0	0
7456	0	0
7457	0.000862	0.00061
7458	0.001171	0.000551
7459	0	0
7460	0	0
7461	0.004123	0.001272
7462	0	0
7463	0.001361	0.000911
7464	0	0
7465	0	0
7466	0	0
7467	0	0
7468	0	0
7469	0	0
7470	0	0
7471	0	0
7472	0	0
7473	0	0
7474	0	0
7475	0.001127	0.000777
7476	0	0
7477	0.002548	0.000712
7478	0.000873	0.000398
7479	0.000487	0.000402
7480	0.002207	0.000641
7481	0.003228	0.001018
7482	0.003643	0.001178
7483	0	0
7484	0	0
7485	0	0
7486	0.001292	0.001166
7487	0	0
7488	0	0
7489	0	0
7490	0	0
7491	0	0
7492	0	0
7493	0	0
7494	0	0
7495	0	0
7496	0.006798	0.005383
7497	0.001525	0.001608
7498	0.007058	0.009163
7499	0	0
7500	0	0
7501	0.042319	0.045241
7502	0	0
7503	0	0
7504	0	0
7505	0.013434	0.014179
7506	0.00379	0.003859
7507	0	0
7508	0	0
7509	0.002288	0.000378
7510	0.002278	0.000953
7511	0.003352	0.000941
7512	0.004068	0.000378
7513	0.004771	0.004839
7514	0	0
7515	0	0
7516	0	0
7517	0	0
7518	0	0
7519	0	0
7520	0.002368	0
7521	0.001169	0
7522	0.003594	0
7523	0	0
7524	0.00483	0
7525	0.004778	0
7526	0	0
7527	0.019179	0
7528	0	0
7529	0	0
7530	0	0
7531	0	0
7532	0	0
7533	0	0
7534	0	0
7535	0	0
7536	0.005371	0
7537	0.009855	0
7538	0.008268	0
7539	0	0
7540	0	0
7541	0.008262	0
7542	0	0
7543	0	0
7544	0	0
7545	0.008666	0
7546	0.006509	0
7547	0.003504	0
7548	0.000329	0
7549	0.001289	0
7550	0	0
7551	0	0
7552	0	0
7553	0	0
7554	0.001391	0
7555	0.002387	0
7556	0.003743	0
7557	0	0
7558	0	0
7559	0	0
7560	0.003289	0
7561	0.002566	0
7562	0	0
7563	0.001584	0
7564	0	0
7565	0.000625	0
7566	0.000873	0
7567	0	0
7568	0.007428	0
7569	0	0
7570	0	0
7571	0	0
7572	0.004988	0
7573	0	0
7574	0	0
7575	0.007631	0
7576	0	0
7577	0.004102	0
7578	0	0
7579	0.004789	0
7580	0	0
7581	0.004583	0
7582	0	0
7583	0.023625	0
7584	0.011911	0
7585	0	0
7586	0	0
7587	0.002705	0
7588	0.000853	0
7589	0.001888	0
7590	0	0
7591	0	0
7592	0	0
7593	0	0
7594	0.002777	0
7595	0.003272	0
7596	0	0
7597	0	0
7598	0.001436	0.001769
7599	0	0
7600	0.001742	0.001573
7601	0	0
7602	0	0
7603	0	0
7604	0.001221	0.000177
7605	0.00099	0.000564
7606	0	0
7607	0.000773	0.000296
7608	0.000711	0.001937
7609	0.00096	0.000205
7610	0	0
7611	0.005593	0.001984
7612	0	0
7613	0	0
7614	0	0
7615	0	0
7616	0.000124	4.70E-05
7617	0	0
7618	0	0
7619	0.002659	0.001475
7620	0	0
7621	0.0021	0.001001
7622	0	0
7623	0	0
7624	0.002442	0.001234
7625	0.005849	0.002985
7626	0	0
7627	0	0
7628	0	0
7629	0	0
7630	0.013859	0.003509
7631	0	0
7632	0.00385	0.001219
7633	0	0
7634	0	0
7635	0.00465	0.001837
7636	0	0
7637	0.001405	0.001239
7638	0	0
7639	0	0
7640	0.001103	0.000396
7641	0	0
7642	0.004143	0.003035
7643	0	0
7644	0.004344	0.001174
7645	0.008926	0.003243
7646	0	0
7647	0.004185	0.002644
7648	0	0
7649	0	0
7650	0	0
7651	0	0
7652	0.010958	0.001512
7653	0.009307	0.003944
7654	0.006197	0.001943
7655	0	0
7656	0	0
7657	0.00307	0.001034
7658	0.000724	0.000535
7659	0	0
7660	0.00352	0.001434
7661	0	0
7662	0	0
7663	0	0
7664	0.002435	0.002046
7665	0	0
7666	0	0
7667	0	0
7668	0.011684	0.004518
7669	0	0
7670	0	0
7671	0.006329	0.001617
7672	0	0
7673	0	0
7674	0.004809	0.002207
7675	0	0
7676	0	0
7677	0.006278	0.00305
7678	0.006274	0.002688
7679	0.007363	0.002561
7680	0.007069	0.002654
7681	0	0
7682	0	0
7683	0.010234	0.002858
7684	0.011161	0.003087
7685	0	0
7686	0.005564	0.002435
7687	0	0
7688	0.007401	0.003767
7689	0.006224	0.004375
7690	0	0
7691	0.00792	0.002566
7692	0.009089	0.003567
7693	0	0
7694	0	0
7695	0.013838	0.003904
7696	0	0
7697	0.002442	0.00129
7698	0.002509	0.001542
7699	0	0
7700	0	0
7701	0.008261	0.002643
7702	0.001963	0.001412
7703	0.003176	0.000999
7704	0	0
7705	0.002155	0.000557
7706	0.004656	0.002981
7707	0	0
7708	0	0
7709	0	0
7710	0.009149	0.004722
7711	0.011026	0.004518
7712	0.008734	0.003777
7713	0.008195	0.003646
7714	0	0
7715	0	0
7716	0.011747	0.00439
7717	0	0
7718	0	0
7719	0	0
7720	0	0
7721	0	0
7722	0.005591	0.00283
7723	0	0
7724	0	0
7725	0	0
7726	0	0
7727	0	0
7728	0	0
7729	0	0
7730	0	0
7731	0	0
7732	0	0
7733	0	0
7734	0.006828	0.003014
7735	0	0
7736	0	0
7737	0	0
7738	0.0088	0.002345
7739	0	0
7740	0	0
7741	0.006156	0.002045
7742	0	0
7743	0	0
7744	0.005839	0.001849
7745	0	0
7746	0	0
7747	0	0
7748	0	0
7749	0.005673	0.002382
7750	0	0
7751	0.007867	0.003719
7752	0	0
7753	0	0
7754	0.000685	0.000354
7755	0	0
7756	0	0
7757	0.001311	0.001122
7758	0	0
7759	0.005247	0.002542
7760	0	0
7761	0	0
7762	0.001123	0.000467
7763	0.002326	0.001511
7764	0	0
7765	0	0
7766	0	0
7767	0.005862	0.002184
7768	0	0
7769	0.001091	0.000508
7770	0	0
7771	0	0
7772	0	0
7773	0	0
7774	0	0
7775	0.000829	0.00099
7776	0.002398	0.000867
7777	0	0
7778	0.004683	0.003071
7779	0.001684	0.00104
7780	0	0
7781	0	0
7782	0	0
7783	0.006683	0.002452
7784	0	0
7785	0.004213	0.002127
7786	0	0
7787	0	0
7788	0.010758	0.003448
7789	0.003198	0.002263
7790	0	0
7791	0	0
7792	0	0
7793	0.002877	0.002875
7794	0	0
7795	0	0
7796	0	0
7797	0.005344	0.002613
7798	0	0
7799	0	0
7800	0.005303	0.002463
7801	0	0
7802	0	0
7803	0.010531	0.003846
7804	0	0
7805	0.00366	0.002894
7806	0.002898	0.001352
7807	0	0
7808	0	0
7809	0.008529	0.002808
7810	0	0
7811	0	0
7812	0.004641	0.002408
7813	0	0
7814	0.003488	0.002994
7815	0	0
7816	0	0
7817	0	0
7818	0.008717	0.003746
7819	0	0
7820	0	0
7821	0	0
7822	0	0
7823	0.006424	0.002771
7824	0	0
7825	0	0
7826	0	0
7827	0.013962	0.005231
7828	0	0
7829	0	0
7830	0.004547	0.003912
7831	0	0
7832	0	0
7833	0.004294	0.002517
7834	0	0
7835	0	0
7836	0.010286	0.005483
7837	0.005609	0.003874
7838	0.006099	0.004276
7839	0	0
7840	0	0
7841	0	0
7842	0.004417	0.001335
7843	0	0
7844	0	0
7845	0	0
7846	0	0
7847	0.000535	0.000407
7848	0	0
7849	0	0
7850	0.001095	0.000581
7851	0	0
7852	0.001	0.001468
7853	0.000738	0.000897
7854	0.002043	0.001084
7855	0	0
7856	0	0
7857	0	0
7858	0	0
7859	0.002072	0.002859
7860	0	0
7861	0.004735	0.001901
7862	0	0
7863	0	0
7864	0	0
7865	0.01168	0.004487
7866	0	0
7867	0	0
7868	0	0
7869	0.012561	0.004394
7870	0.010768	0.004263
7871	0	0
7872	0	0
7873	0	0
7874	0	0
7875	0.005469	0.001433
7876	0	0
7877	0	0
7878	0	0
7879	0	0
7880	0.005733	0.001854
7881	0	0
7882	0	0
7883	0	0
7884	0.00564	0.002506
7885	0.004732	0.002338
7886	0.001982	0.001599
7887	0.003713	0.002697
7888	0	0
7889	0	0
7890	0	0
7891	0	0
7892	0	0
7893	0	0
7894	0	0
7895	0.003862	0.001673
7896	0.000545	0.000331
7897	0.001318	0.001066
7898	0.002098	0.001154
7899	0	0
7900	0	0
7901	0.003005	0.001178
7902	0.002531	0.002008
7903	0	0
7904	0	0
7905	0	0
7906	0	0
7907	0.013663	0.003462
7908	0	0
7909	0	0
7910	0.000927	0.000371
7911	0	0
7912	0.001325	0.00068
7913	0.002524	0.001014
7914	0	0
7915	0	0
7916	0	0
7917	0	0
7918	0	0
7919	0.000567	0.000698
7920	0	0
7921	0	0
7922	0.007045	0.002152
7923	0	0
7924	0	0
7925	0.001395	0.001442
7926	0.002179	0.002054
7927	0	0
7928	0.001193	0.000629
7929	0.001579	0.00092
7930	0	0
7931	0	0
7932	0.004769	0.002437
7933	0	0
7934	0	0
7935	0.004827	0.001999
7936	0	0
7937	0.010217	0.004079
7938	0.009908	0.00402
7939	0	0
7940	0	0
7941	0	0
7942	0	0
7943	0.00761	0.002335
7944	0	0
7945	0	0
7946	0.013025	0.00413
7947	0	0
7948	0	0
7949	0	0
7950	0.005665	0.001481
7951	0	0
7952	0	0
7953	0.006139	0.001978
7954	0.011709	0.006438
7955	0	0
7956	0	0
7957	0	0
7958	0	0
7959	0	0
7960	0	0
7961	0.004824	0.001336
7962	0.005883	0.001874
7963	0	0
7964	0.003389	0.001174
7965	0.005311	0.001432
7966	0	0
7967	0	0
7968	0.010699	0.003304
7969	0	0
7970	0.002269	0.001594
7971	0	0
7972	0	0
7973	0	0
7974	0	0
7975	0	0
7976	0.001435	0.00131
7977	0.001157	0.00139
7978	0	0
7979	0.001597	0.001088
7980	0	0
7981	0	0
7982	0	0
7983	0.008999	0.004179
7984	0.002433	0.002035
7985	0	0
7986	0.001941	0.001303
7987	0	0
7988	0	0
7989	0.00606	0.002377
7990	0	0
7991	0	0
7992	0.012901	0.004086
7993	0.008609	0.003813
7994	0.000671	0.000579
7995	0	0
7996	0	0
7997	0.001337	0.001121
7998	0.002579	0.000894
7999	0.002998	0.002554
8000	0.000877	0.000631
8001	0	0
8002	0	0
8003	0	0
8004	0	0
8005	0.00284	0.001234
8006	0	0
8007	0.001378	0.000951
8008	0	0
8009	0.000843	0.000752
8010	0.002662	0.000685
8011	0	0
8012	0.002271	0.001401
8013	0.004227	0.00123
8014	0	0
8015	0	0
8016	0.005635	0.001948
8017	0	0
8018	0	0
8019	0	0
8020	0.00097	0.000616
8021	0	0
8022	0.00271	0.001676
8023	0.002216	0.001723
8024	0.000624	0.000708
8025	0	0
8026	0	0
8027	0.005488	0.005225
8028	0	0
8029	0	0
8030	0	0
8031	0	0
8032	0	0
8033	0	0
8034	0.006068	0.001864
8035	0.006442	0.00243
8036	0	0
8037	0.00201	0.002082
8038	0.00365	0.001711
8039	0	0
8040	0.003533	0.001622
8041	0	0
8042	0	0
8043	0.005764	0.001588
8044	0	0
8045	0	0
8046	0.005093	0.001497
8047	0.00608	0.002878
8048	0	0
8049	0	0
8050	0	0
8051	0.005546	0.002195
8052	0	0
8053	0	0
8054	0	0
8055	0	0
8056	0	0
8057	0.000575	0.000402
8058	0	0
8059	0	0
8060	0.000742	0.000488
8061	0.000675	0.000511
8062	0	0
8063	0.006339	0.003429
8064	0.004619	0.003396
8065	0.001891	0.00182
8066	0	0
8067	0	0
8068	0	0
8069	0.002745	0.001129
8070	0	0
8071	0	0
8072	0.004335	0.001752
8073	0.001823	0.001318
8074	0	0
8075	0.002229	0.002005
8076	0	0
8077	0.002464	0.00151
8078	0.002728	0.001983
8079	0.004735	0.002347
8080	0	0
8081	0	0
8082	0	0
8083	0	0
8084	0	0
8085	0	0
8086	0	0
8087	0.005242	0.001519
8088	0.004972	0.001215
8089	0	0
8090	0.001314	0.000952
8091	0.001831	0.00201
8092	0	0
8093	0.003006	0.001656
8094	0.00404	0.002262
8095	0	0
8096	0	0
8097	0	0
8098	0	0
8099	0	0
8100	0	0
8101	0	0
8102	0.000478	0.00041
8103	0	0
8104	0.001532	0.000997
8105	0.001375	0.00152
8106	0	0
8107	0	0
8108	0	0
8109	0.007176	0.001532
8110	0.008035	0.003543
8111	0	0
8112	0	0
8113	0	0
8114	0.001953	0.001343
8115	0.000914	0.000976
8116	0	0
8117	0	0
8118	0.000711	0.000445
8119	0.00091	0.000855
8120	0	0
8121	0.005669	0.00352
8122	0	0
8123	0	0
8124	0	0
8125	0	0
8126	0	0
8127	0	0
8128	0	0
8129	0	0
8130	0	0
8131	0	0
8132	0	0
8133	0	0
8134	0.00683	0.002002
8135	0.007762	0.002312
8136	0.007204	0.00325
8137	0	0
8138	0	0
8139	0	0
8140	0	0
8141	0.00351	0.001521
8142	0	0
8143	0.006305	0.002483
8144	0	0
8145	0	0
8146	0	0
8147	0	0
8148	0.002025	0.001454
8149	0	0
8150	0	0
8151	0	0
8152	0.003122	0.002967
8153	0.002126	0.002025
8154	0.000552	0.000275
8155	0.000601	0.000741
8156	0.000614	0.000413
8157	0.00152	0.00089
8158	0	0
8159	0.003066	0.000937
8160	0	0
8161	0	0
8162	0.003465	0.002068
8163	0	0
8164	0	0
8165	0.00091	0.000877
8166	0.000351	0.000282
8167	0.001829	0.000845
8168	0	0
8169	0	0
8170	0	0
8171	0.002493	0.001075
8172	0.001294	0.001111
8173	0	0
8174	0.004889	0.002407
8175	0	0
8176	0.006319	0.002383
8177	0.00092	0.001024
8178	0	0
8179	0	0
8180	0	0
8181	0.010843	0.002263
8182	0	0
8183	0.003111	0.001581
8184	0.000824	0.000421
8185	0.000758	0.000598
8186	0.00039	0.000239
8187	0.000687	0.000463
8188	0	0
8189	0.00275	0.001091
8190	0	0
8191	0	0
8192	0	0
8193	0	0
8194	0	0
8195	0	0
8196	0	0
8197	0	0
8198	0	0
8199	0.000258	0.000428
8200	0.001257	0.001072
8201	0.001784	0.00105
8202	0.00246	0.00186
8203	0	0
8204	0	0
8205	0.005215	0.0012
8206	0.00325	0.002178
8207	0	0
8208	0	0
8209	0	0
8210	0	0
8211	0.004171	0.002508
8212	0	0
8213	0.001208	0.000875
8214	0.003649	0.001031
8215	0	0
8216	0	0
8217	0.005612	0.003167
8218	0	0
8219	0.001184	0.000842
8220	0	0
8221	0	0
8222	0.005189	0.001644
8223	0.005407	0.001582
8224	0	0
8225	0	0
8226	0.004306	0.002573
8227	0.006402	0.003589
8228	0	0
8229	0	0
8230	0	0
8231	0	0
8232	0.008576	0.003873
8233	0	0
8234	0	0
8235	0	0
8236	0	0
8237	0	0
8238	0.005116	0.001451
8239	0	0
8240	0.012982	0.005074
8241	0.007989	0.005002
8242	0.005895	0.003318
8243	0.001226	0.000835
8244	0	0
8245	0	0
8246	0	0
8247	0.004072	0.001382
8248	0	0
8249	0.001727	0.001525
8250	0.001499	0.001387
8251	0.002424	0.001836
8252	0	0
8253	0	0
8254	0	0
8255	0.003076	0.002083
8256	0.00547	0.002034
8257	0	0
8258	0.00432	0.00196
8259	0.004491	0.002796
8260	0.006301	0.003773
8261	0	0
8262	0	0
8263	0	0
8264	0	0
8265	0.007735	0.003021
8266	0	0
8267	0.003312	0.000972
8268	0	0
8269	0.003619	0.002491
8270	0	0
8271	0	0
8272	0	0
8273	0	0
8274	0	0
8275	0	0
8276	0	0
8277	0.008523	0.00286
8278	0	0
8279	0.013167	0.005888
8280	0	0
8281	0	0
8282	0	0
8283	0	0
8284	0	0
8285	0	0
8286	0.005716	0.002033
8287	0	0
8288	0.016869	0.0168
8289	0	0
8290	0.002395	0.001867
8291	0	0
8292	0.005445	0.006286
8293	0	0
8294	0	0
8295	0	0
8296	0	0
8297	0	0
8298	0.001016	0
8299	0.001589	0
8300	0.000906	0
8301	0	0
8302	0	0
8303	0	0
8304	0.001271	0
8305	0	0
8306	0.004478	0
8307	0	0
8308	0	0
8309	0	0
8310	0.004909	0
8311	0.006327	0
8312	0	0
8313	0.001653	0
8314	0	0
8315	0	0
8316	0.002033	0
8317	0.002071	0
8318	0	0
8319	0	0
8320	0	0
8321	0	0
8322	0.012749	0
8323	0.006142	0
8324	0.004422	0
8325	0.005807	0
8326	0	0
8327	0	0
8328	0.000862	0
8329	0.002722	0
8330	0.00195	0
8331	0	0
8332	0	0
8333	0	0
8334	0.000579	0
8335	0	0
8336	0.003451	0
8337	0.002441	0
8338	0	0
8339	0	0
8340	7.80E-05	0
8341	0	0
8342	0.001663	0
8343	0	0
8344	0	0
8345	0	0
8346	0	0
8347	0	0
8348	0	0
8349	0	0
8350	0	0
8351	0	0
8352	0	0
8353	0.005619	0
8354	0	0
8355	0.005045	0
8356	0.003766	0
8357	0.004971	0
8358	0	0
8359	0	0
8360	0	0
8361	0.000807	0
8362	0.001874	0
8363	0.000245	0
8364	0	0
8365	0	0
8366	0	0
8367	0.002635	0
8368	0.00812	0
8369	0	0
8370	0	0
8371	0	0
8372	0	0
8373	0	0
8374	0	0
8375	0	0
8376	0.004421	0.00115
8377	0	0
8378	0	0
8379	0	0
8380	0.004714	0.004158
8381	0	0
8382	0	0
8383	0.005295	0.00238
8384	0	0
8385	0	0
8386	0	0
8387	0.002596	0.002765
8388	0.003214	0.0004
8389	0	0
8390	0.001962	0.000128
8391	0.001124	0.000607
8392	0.001854	0.00194
8393	0	0
8394	0	0
8395	0	0
8396	0	0
8397	0	0
8398	0	0
8399	0	0
8400	0.004323	0.00268
8401	0	0
8402	0	0
8403	0.003289	0.000921
8404	0.00463	0.002045
8405	0	0
8406	0	0
8407	0	0
8408	0	0
8409	0	0
8410	0	0
8411	0	0
8412	0.004346	0.001301
8413	0	0
8414	0	0
8415	0.003819	0.002494
8416	0	0
8417	0	0
8418	0.008476	0.003759
8419	0.010791	0.004358
8420	0	0
8421	0	0
8422	0	0
8423	0	0
8424	0.006067	0.001174
8425	0	0
8426	0.003493	0.002823
8427	0.005262	0.002518
8428	0	0
8429	0	0
8430	0.009533	0.002952
8431	0	0
8432	0	0
8433	0.005026	0.001999
8434	0	0
8435	0	0
8436	0	0
8437	0	0
8438	0	0
8439	0	0
8440	0	0
8441	0	0
8442	0.006226	0.002468
8443	0	0
8444	0	0
8445	0	0
8446	0	0
8447	0	0
8448	0.007111	0.002131
8449	0	0
8450	0.002976	0.001561
8451	0.003215	0.002714
8452	0	0
8453	0	0
8454	0	0
8455	0	0
8456	0	0
8457	0	0
8458	0	0
8459	0	0
8460	0	0
8461	0	0
8462	0.006707	0.003331
8463	0	0
8464	0	0
8465	0	0
8466	0	0
8467	0	0
8468	0	0
8469	0.007989	0.002505
8470	0	0
8471	0	0
8472	0	0
8473	0.008197	0.002723
8474	0	0
8475	0	0
8476	0	0
8477	0.008372	0.002772
8478	0	0
8479	0	0
8480	0	0
8481	0	0
8482	0	0
8483	0	0
8484	0	0
8485	0.002716	0.00303
8486	0	0
8487	0	0
8488	0	0
8489	0	0
8490	0.004685	0.002493
8491	0	0
8492	0	0
8493	0	0
8494	0	0
8495	0	0
8496	0.008146	0.005644
8497	0	0
8498	0	0
8499	0	0
8500	0	0
8501	0	0
8502	0	0
8503	0.005506	0.001318
8504	0.005541	0.002787
8505	0	0
8506	0.00281	0.001409
8507	0	0
8508	0	0
8509	0	0
8510	0	0
8511	0	0
8512	0	0
8513	0	0
8514	0	0
8515	0	0
8516	0.008033	0.002886
8517	0.002269	0.002414
8518	0	0
8519	0.003386	0.002463
8520	0	0
8521	0	0
8522	0	0
8523	0	0
8524	0	0
8525	0	0
8526	0	0
8527	0	0
8528	0.002045	0.000908
8529	0.000981	0.000621
8530	0	0
8531	0	0
8532	0	0
8533	0.001142	0.001683
8534	0	0
8535	0	0
8536	0	0
8537	0	0
8538	0.006073	0.001899
8539	0	0
8540	0.005343	0.002608
8541	0.00568	0.004579
8542	0.002169	0.00136
8543	0.003062	0.001998
8544	0	0
8545	0.002916	0.003643
8546	0	0
8547	0.003505	0.00232
8548	0.004426	0.002734
8549	0	0
8550	0	0
8551	0.002407	0.001001
8552	0.003541	0.002207
8553	0	0
8554	0	0
8555	0.004304	0.002102
8556	0.003142	0.001725
8557	0.010131	0.010263
8558	0	0
8559	0	0
8560	0	0
8561	0	0
8562	0	0
8563	0	0
8564	0	0
8565	0	0
8566	0	0
8567	0.004818	0.002232
8568	0	0
8569	0	0
8570	0.009114	0.00374
8571	0	0
8572	0.001133	0.000747
8573	0.000969	0.000934
8574	0	0
8575	0	0
8576	0.010027	0.003243
8577	0	0
8578	0	0
8579	0	0
8580	0	0
8581	0.001731	0.002267
8582	0	0
8583	0	0
8584	0.002751	0.002456
8585	0	0
8586	0	0
8587	0.003657	0.001591
8588	0.003087	0.000876
8589	0	0
8590	0	0
8591	0.003736	0.001721
8592	0.002082	0.000957
8593	0	0
8594	0.002699	0.001686
8595	0	0
8596	0	0
8597	0.004075	0.00221
8598	0.005567	0.00204
8599	0	0
8600	0.011576	0.005872
8601	0	0
8602	0.003089	0.001544
8603	0.004487	0.002074
8604	0.005344	0.004983
8605	0	0
8606	0	0
8607	0	0
8608	0	0
8609	0	0
8610	0.005599	0.002701
8611	0	0
8612	0.010103	0.004956
8613	0	0
8614	0.003679	0.00233
8615	0.003113	0.001419
8616	0.002608	0.002339
8617	0	0
8618	0.003388	0.001713
8619	0	0
8620	0	0
8621	0	0
8622	0	0
8623	0	0
8624	0	0
8625	0	0
8626	0.007345	0.002885
8627	0	0
8628	0	0
8629	0	0
8630	0	0
8631	0	0
8632	0.005726	0.002499
8633	0	0
8634	0.00354	0.001429
8635	0	0
8636	0.00594	0.002503
8637	0	0
8638	0	0
8639	0.004576	0.002099
8640	0	0
8641	0	0
8642	0	0
8643	0	0
8644	0	0
8645	0	0
8646	0	0
8647	0	0
8648	0.000985	0.001052
8649	0	0
8650	0	0
8651	0.005712	0.002824
8652	0	0
8653	0	0
8654	0.004132	0.001387
8655	0	0
8656	0	0
8657	0	0
8658	0	0
8659	0	0
8660	0	0
8661	0	0
8662	0	0
8663	0	0
8664	0	0
8665	0	0
8666	0	0
8667	0	0
8668	0.003813	0.001781
8669	0.000811	0.000486
8670	0	0
8671	0	0
8672	0.007691	0.003687
8673	0	0
8674	0	0
8675	0.003556	0.00206
8676	0	0
8677	0	0
8678	0	0
8679	0	0
8680	0	0
8681	0.004943	0.001895
8682	0	0
8683	0	0
8684	0	0
8685	0	0
8686	0.007776	0.002878
8687	0	0
8688	0	0
8689	0	0
8690	0	0
8691	0	0
8692	0	0
8693	0	0
8694	0	0
8695	0	0
8696	0.002824	0.00107
8697	0.000811	0.000296
8698	0	0
8699	0.003365	0.001227
8700	0	0
8701	0	0
8702	0	0
8703	0	0
8704	0	0
8705	0.004018	0.001498
8706	0	0
8707	0	0
8708	0	0
8709	0	0
8710	0	0
8711	0	0
8712	0	0
8713	0	0
8714	0	0
8715	0.004045	0.002564
8716	0	0
8717	0	0
8718	0	0
8719	0.0012	0.001359
8720	0.000623	0.000782
8721	0	0
8722	0	0
8723	0.002509	0.002334
8724	0	0
8725	0	0
8726	0	0
8727	0	0
8728	0.005723	0.002981
8729	0.002565	0.002755
8730	0	0
8731	0.003839	0.002053
8732	0	0
8733	0.005941	0.003449
8734	0	0
8735	0.006435	0.0041
8736	0.008016	0.003876
8737	0	0
8738	0.003417	0.002276
8739	0	0
8740	0	0
8741	0.004109	0.002038
8742	0	0
8743	0.001979	0.001027
8744	0.002268	0.000674
8745	0	0
8746	0.002582	0.001585
8747	0	0
8748	0	0
8749	0.008135	0.003812
8750	0.007769	0.004274
8751	0	0
8752	0	0
8753	0.003375	0.001952
8754	0	0
8755	0	0
8756	0.003899	0.001168
8757	0.004228	0.001955
8758	0.004386	0.002891
8759	0.004522	0.002092
8760	0.005523	0.00296
8761	0	0
8762	0.003555	0.001421
8763	0.002917	0.001756
8764	0.001548	0.001184
8765	0	0
8766	0	0
8767	0	0
8768	0	0
8769	0	0
8770	0	0
8771	0	0
8772	0.004677	0.001691
8773	0	0
8774	0	0
8775	0	0
8776	0	0
8777	0.009591	0.003804
8778	0	0
8779	0	0
8780	0.010183	0.003701
8781	0	0
8782	0.001806	0.001675
8783	0.002288	0.002042
8784	0	0
8785	0	0
8786	0.004421	0.002466
8787	0	0
8788	0	0
8789	0.00659	0.003147
8790	0.003004	0.002561
8791	0	0
8792	0	0
8793	0.00765	0.004059
8794	0	0
8795	0	0
8796	0	0
8797	0.003628	0.001956
8798	0	0
8799	0	0
8800	0.003941	0.001756
8801	0.003757	0.001869
8802	0.004613	0.002548
8803	0	0
8804	0	0
8805	0	0
8806	0	0
8807	0	0
8808	0	0
8809	0	0
8810	0	0
8811	0	0
8812	0	0
8813	0	0
8814	0	0
8815	0	0
8816	0	0
8817	0	0
8818	0	0
8819	0.004887	0.001238
8820	0	0
8821	0.003931	0.001012
8822	0	0
8823	0.007133	0.003022
8824	0	0
8825	0.003025	0.001446
8826	0	0
8827	0	0
8828	0	0
8829	0	0
8830	0	0
8831	0.010849	0.002571
8832	0	0
8833	0.001505	0.001058
8834	0	0
8835	0	0
8836	0	0
8837	0.00509	0.003452
8838	0.001359	0.000984
8839	0.002252	0.00177
8840	0	0
8841	0	0
8842	0	0
8843	0.007556	0.005204
8844	0	0
8845	0	0
8846	0	0
8847	0	0
8848	0.005594	0.002485
8849	0.005872	0.003785
8850	0	0
8851	0.002897	0.001283
8852	0.001396	0.001086
8853	0	0
8854	0.000743	0.00124
8855	0	0
8856	0.001761	0.000681
8857	0.001269	0.000928
8858	9.00E-06	0
8859	0	0
8860	0	0
8861	0	0
8862	0	0
8863	0.00205	0.001915
8864	0.002663	0.001
8865	0.001493	0.001438
8866	0	0
8867	0.004405	0.001219
8868	0.004766	0.002093
8869	0	0
8870	0.003334	0.000736
8871	0	0
8872	0.000748	0.000409
8873	0.00125	0.000949
8874	0	0
8875	0.002495	0.001588
8876	0.004729	0.001925
8877	0.005507	0.004546
8878	0	0
8879	0.002737	0.002775
8880	0	0
8881	0.003263	0.00178
8882	0	0
8883	0.004604	0.004714
8884	0	0
8885	0	0
8886	0.001519	0.000892
8887	0	0
8888	0.003428	0.001045
8889	0.003109	0.002191
8890	0	0
8891	0	0
8892	0	0
8893	0	0
8894	0	0
8895	0.002811	0.001382
8896	0.001418	0.00069
8897	0	0
8898	0	0
8899	0	0
8900	0.008926	0.004973
8901	0	0
8902	0.003378	0.004005
8903	0	0
8904	0	0
8905	0	0
8906	0	0
8907	0	0
8908	0.004406	0.001981
8909	0.006314	0.003615
8910	0	0
8911	0.008921	0.005183
8912	0.007262	0.003508
8913	0	0
8914	0	0
8915	0	0
8916	0	0
8917	0	0
8918	0	0
8919	0	0
8920	0.000679	0.000715
8921	0.002228	0.002358
8922	0	0
8923	0	0
8924	0	0
8925	0	0
8926	0	0
8927	0	0
8928	0.006961	0.002728
8929	0	0
8930	0	0
8931	0	0
8932	0	0
8933	0	0
8934	0	0
8935	0	0
8936	0.006679	0.003878
8937	0.008911	0.004547
8938	0	0
8939	0.004854	0.003226
8940	0	0
8941	0	0
8942	0	0
8943	0	0
8944	0	0
8945	0.004348	0.001778
8946	0	0
8947	0	0
8948	0.005039	0.001629
8949	0	0
8950	0.001703	0.001018
8951	0.002581	0.000902
8952	0.003781	0.001698
8953	0	0
8954	0.003431	0.001517
8955	0.005502	0.002554
8956	0	0
8957	0.003298	0.001779
8958	0	0
8959	0.001389	0.000832
8960	0	0
8961	0	0
8962	0	0
8963	0	0
8964	0	0
8965	0	0
8966	0.005006	0.003065
8967	0	0
8968	0	0
8969	0.00426	0.004146
8970	0	0
8971	0	0
8972	0.006469	0.003093
8973	0	0
8974	0	0
8975	0.003409	0.001978
8976	0	0
8977	0	0
8978	0.003739	0.001379
8979	0.005074	0.001934
8980	0	0
8981	0	0
8982	0	0
8983	0	0
8984	0	0
8985	0	0
8986	0	0
8987	0.004446	0.001995
8988	0	0
8989	0.002314	0.001959
8990	0	0
8991	0	0
8992	0	0
8993	0.00849	0.004238
8994	0.002067	0.001974
8995	0.001695	0.001488
8996	0	0
8997	0	0
8998	0.00356	0.002843
8999	0.003563	0.00095
9000	0	0
9001	0	0
9002	0.003121	0.003931
9003	0	0
9004	0	0
9005	0.006191	0.002385
9006	0	0
9007	0	0
9008	0	0
9009	0	0
9010	0.003324	0.002941
9011	0	0
9012	0.002494	0.001668
9013	0	0
9014	0	0
9015	0	0
9016	0	0
9017	0.003106	0.001437
9018	0.004311	0.002735
9019	0	0
9020	0	0
9021	0.002498	0.001463
9022	0.002867	0.0028
9023	0	0
9024	0	0
9025	0.002362	0.002208
9026	0.002147	0.002573
9027	0	0
9028	0	0
9029	0	0
9030	0	0
9031	0	0
9032	0.006941	0.002622
9033	0	0
9034	0	0
9035	0.005156	0.004814
9036	0	0
9037	0	0
9038	0.002686	0.002076
9039	0.004293	0.00332
9040	0	0
9041	0	0
9042	0	0
9043	0	0
9044	0.006991	0.002771
9045	0	0
9046	0	0
9047	0.004671	0.001369
9048	0.002761	0.001225
9049	0.000763	0.000402
9050	0.001198	0.001374
9051	0	0
9052	0	0
9053	0.002085	0.001441
9054	0	0
9055	0.004	0.002717
9056	0	0
9057	0	0
9058	0	0
9059	0	0
9060	0	0
9061	0	0
9062	0.01004	0.00489
9063	0	0
9064	0.003114	0.002409
9065	0	0
9066	0	0
9067	0	0
9068	0.005092	0.002422
9069	0	0
9070	0.003397	0.001266
9071	0	0
9072	0	0
9073	0	0
9074	0	0
9075	0	0
9076	0	0
9077	0.003807	0.001625
9078	0.004518	0.002133
9079	0	0
9080	0	0
9081	0	0
9082	0	0
9083	0.008911	0.003077
9084	0.009083	0.004411
9085	0	0
9086	0	0
9087	0	0
9088	0.009492	0.004745
9089	0	0
9090	0.008767	0.004032
9091	0	0
9092	0	0
9093	0	0
9094	0	0
9095	0.003786	0.002513
9096	0.007449	0.003183
9097	0	0
9098	0.003387	0.001636
9099	0	0
9100	0	0
9101	0.004744	0.002025
9102	0	0
9103	0.008541	0.003551
9104	0.009405	0.00515
9105	0	0
9106	0	0
9107	0	0
9108	0	0
9109	0	0
9110	0.004168	0.002194
9111	0.004197	0.001822
9112	0	0
9113	0.011834	0.005782
9114	0	0
9115	0	0
9116	0.003613	0.001284
9117	0.005585	0.00187
9118	0	0
9119	0.011195	0.004751
9120	0	0
9121	0	0
9122	0.00397	0.00216
9123	0.000462	0.000429
9124	0	0
9125	0	0
9126	0.006484	0.001394
9127	0	0
9128	0.004177	0.00201
9129	0	0
9130	0	0
9131	0.008701	0.00353
9132	0	0
9133	0.001309	0.000564
9134	0	0
9135	0	0
9136	0	0
9137	0.004633	0.00206
9138	0	0
9139	0.003041	0.003437
9140	0	0
9141	0.003581	0.001912
9142	0.001423	0.001095
9143	0.006046	0.004005
9144	0	0
9145	0.001464	0.001704
9146	0	0
9147	0	0
9148	0.007709	0.003598
9149	0.008248	0.003736
9150	0	0
9151	0	0
9152	0.003818	0.000985
9153	0	0
9154	0	0
9155	0	0
9156	0	0
9157	0.001157	0.001499
9158	0	0
9159	0	0
9160	0.006247	0.003573
9161	0	0
9162	0	0
9163	0.002128	0.001636
9164	0.002991	0.001325
9165	0.00436	0.001833
9166	0.004599	0.002187
9167	0.005545	0.003248
9168	0	0
9169	0	0
9170	0	0
9171	0	0
9172	0	0
9173	0.003496	0.002535
9174	0.004925	0.002789
9175	0	0
9176	0.010105	0.005231
9177	0	0
9178	0.001484	0.002369
9179	0.001872	0.0011
9180	0	0
9181	0	0
9182	0.001916	0.001674
9183	0	0
9184	0	0
9185	0.005769	0.004366
9186	0	0
9187	0.009765	0.003604
9188	0	0
9189	0	0
9190	0	0
9191	0.007888	0.003386
9192	0.00425	0.002587
9193	0	0
9194	0	0
9195	0	0
9196	0.001832	0.001302
9197	0	0
9198	0	0
9199	0	0
9200	0	0
9201	0	0
9202	0	0
9203	0	0
9204	0	0
9205	0.005199	0.0015
9206	0	0
9207	0	0
9208	0.002534	0.000832
9209	0.001619	0.001659
9210	0	0
9211	0	0
9212	0	0
9213	0	0
9214	0	0
9215	0	0
9216	0	0
9217	0	0
9218	0	0
9219	0.003796	0.002832
9220	0	0
9221	0	0
9222	0	0
9223	0	0
9224	0.002874	0.001364
9225	0.001051	0.000639
9226	0	0
9227	0	0
9228	0.006637	0.001927
9229	0	0
9230	0.003539	0.001584
9231	0	0
9232	0	0
9233	0.005609	0.002266
9234	0	0
9235	0.003626	0.000805
9236	0	0
9237	0.001237	0.000949
9238	0.002213	0.000994
9239	0	0
9240	0	0
9241	0	0
9242	0	0
9243	0	0
9244	0	0
9245	0	0
9246	0	0
9247	0.002705	0.002165
9248	0	0
9249	0	0
9250	0	0
9251	0	0
9252	0.004066	0.001095
9253	0.001946	0.000936
9254	0	0
9255	0	0
9256	0	0
9257	0	0
9258	0	0
9259	0.007783	0.002307
9260	0	0
9261	0	0
9262	0	0
9263	0	0
9264	0.000731	0.001036
9265	0.000738	0.000898
9266	0.000381	0.000295
9267	0.001266	0.000876
9268	0	0
9269	0	0
9270	0	0
9271	0.01015	0.002474
9272	0	0
9273	0.00986	0.003386
9274	0	0
9275	0	0
9276	0.003309	0.002173
9277	0	0
9278	0	0
9279	0	0
9280	0.006957	0.003504
9281	0	0
9282	0	0
9283	0.009257	0.003539
9284	0	0
9285	0	0
9286	0.002615	0.000879
9287	0.001725	0.001325
9288	0	0
9289	0	0
9290	0	0
9291	0.013493	0.004521
9292	0	0
9293	0	0
9294	0.001471	0.001703
9295	0.001716	0.001642
9296	0	0
9297	0	0
9298	0.003174	0.002398
9299	0	0
9300	0.001569	0.001127
9301	0	0
9302	0	0
9303	0	0
9304	0.00307	0.001512
9305	0.000796	0.000841
9306	0.001258	0.001229
9307	0.000969	0.001007
9308	0	0
9309	0.004516	0.002223
9310	0.004763	0.001686
9311	0.004792	0.001618
9312	0	0
9313	0	0
9314	0	0
9315	0.00382	0.002489
9316	0.007781	0.004523
9317	0	0
9318	0	0
9319	0	0
9320	0	0
9321	0.003815	0.002519
9322	0	0
9323	0	0
9324	0	0
9325	0.004911	0.001495
9326	0	0
9327	0	0
9328	0	0
9329	0.003097	0.002731
9330	0	0
9331	0.004927	0.001554
9332	0	0
9333	0	0
9334	0.006747	0.003207
9335	0	0
9336	0	0
9337	0.004652	0.001302
9338	0	0
9339	0	0
9340	0.002507	0.001938
9341	0	0
9342	0.001264	0.000685
9343	0.001041	0.001309
9344	0	0
9345	0	0
9346	0.007918	0.002794
9347	0	0
9348	0	0
9349	0.006105	0.001513
9350	0	0
9351	0	0
9352	0	0
9353	0	0
9354	0	0
9355	0	0
9356	0	0
9357	0	0
9358	0	0
9359	0	0
9360	0	0
9361	0.006421	0.001806
9362	0	0
9363	0	0
9364	0	0
9365	0	0
9366	0	0
9367	0.007683	0.002898
9368	0	0
9369	0.003908	0.001903
9370	0	0
9371	0	0
9372	0	0
9373	0	0
9374	0	0
9375	0.003251	0.001712
9376	0.000656	0.000319
9377	0	0
9378	0.002393	0.001335
9379	0.000834	0.001172
9380	0.001843	0.001194
9381	0	0
9382	0.001908	0.000792
9383	0	0
9384	0.000658	0.000643
9385	0	0
9386	0.003783	0.001702
9387	0.001417	0.001096
9388	0.002199	0.001599
9389	0	0
9390	0	0
9391	0	0
9392	0	0
9393	0	0
9394	0.000609	0.000335
9395	0	0
9396	0.001209	0.001145
9397	0	0
9398	0	0
9399	0	0
9400	0.002094	0.001137
9401	0	0
9402	0	0
9403	0	0
9404	0	0
9405	0.004605	0.001365
9406	0	0
9407	0	0
9408	0	0
9409	0	0
9410	0	0
9411	0.001477	0.001709
9412	0.001911	0.001842
9413	0	0
9414	0	0
9415	0	0
9416	0	0
9417	0	0
9418	0	0
9419	0	0
9420	0	0
9421	0	0
9422	0	0
9423	0	0
9424	0	0
9425	0	0
9426	0	0
9427	0	0
9428	0.006361	0.002611
9429	0.004867	0.003124
9430	0.003055	0.001832
9431	0	0
9432	0	0
9433	0	0
9434	0	0
9435	0	0
9436	0	0
9437	0	0
9438	0.001669	0.001643
9439	0.001668	0.001933
9440	0	0
9441	0	0
9442	0.00435	0.003112
9443	0.005623	0.004251
9444	0	0
9445	0.000731	0.000505
9446	0	0
9447	0.006046	0.002002
9448	0	0
9449	0	0
9450	0.001325	0.001278
9451	0.00081	0.000358
9452	0.000806	0.000847
9453	0	0
9454	0.003736	0.000879
9455	0	0
9456	0	0
9457	0.004394	0.00139
9458	0	0
9459	0	0
9460	0.013246	0.004776
9461	0	0
9462	0.00471	0.001647
9463	0.005188	0.00223
9464	0.006768	0.0029
9465	0	0
9466	0.004066	0.001341
9467	0.006968	0.002029
9468	0	0
9469	0	0
9470	0	0
9471	0.001389	0.001192
9472	0	0
9473	0	0
9474	3.10E-05	0
9475	0	0
9476	0	0
9477	0.999911	0.999928
9478	0.005427	0.003037
9479	0.004399	0.001826
9480	0.004309	0.001574
9481	0.005315	0.002115
9482	0.006324	0.002825
9483	0.006313	0.002803
9484	0.005218	0.002356
9485	0	0
9486	0.015973	0.005913
9487	0.010294	0.004896
9488	0	0
9489	0.002415	0.001412
9490	0	0
9491	0	0
9492	0.000661	0.000642
9493	0.000743	0.000614
9494	0	0
9495	0.003062	0.001984
9496	0.002468	0.00158
9497	0.002698	0.002048
9498	0.00297	0.001549
9499	0.004284	0.00295
9500	0	0
9501	0.005684	0.003009
9502	0.001482	0.000766
9503	0	0
9504	0.001328	0.000936
9505	0	0
9506	0	0
9507	0.011103	0.006277
9508	0.009587	0.004439
9509	0.00697	0.002581
9510	0.006589	0.002692
9511	0	0
9512	0	0
9513	0	0
9514	0	0
9515	0	0
9516	0.006475	0.003349
9517	0	0
9518	0	0
9519	0	0
9520	0.002365	0.001648
9521	0	0
9522	0	0
9523	0.006522	0.003395
9524	0	0
9525	0.006014	0.006533
9526	0	0
9527	0	0
9528	0	0
9529	0	0
9530	0.010153	0.004256
9531	0	0
9532	0	0
9533	0	0
9534	0	0
9535	0	0
9536	0	0
9537	0	0
9538	0	0
9539	0	0
9540	0.005051	0.001814
9541	0.00491	0.00185
9542	0	0
9543	0.000926	0.000736
9544	0.000846	0.000504
9545	0	0
9546	0.001257	0.000758
9547	0.000475	0.00047
9548	0.001542	0.001888
9549	0	0
9550	0	0
9551	0	0
9552	0.002805	0.001398
9553	0.001396	0.00109
9554	0.00302	0.002898
9555	0	0
9556	0	0
9557	0	0
9558	0	0
9559	0	0
9560	0	0
9561	0	0
9562	0	0
9563	0	0
9564	0.000895	0.000889
9565	0.001805	0.001565
9566	0	0
9567	0	0
9568	0.003599	0.001638
9569	0	0
9570	0	0
9571	0	0
9572	0	0
9573	0	0
9574	0	0
9575	0.003164	0.003012
9576	0	0
9577	0.005173	0.002432
9578	0	0
9579	0	0
9580	0	0
9581	0.004956	0.003034
9582	0	0
9583	0	0
9584	0	0
9585	0	0
9586	0.008473	0.003236
9587	0	0
9588	0.001046	0.001168
9589	0	0
9590	0	0
9591	0.001907	0.001997
9592	0.005935	0.004111
9593	0	0
9594	0	0
9595	0	0
9596	0	0
9597	0	0
9598	0.006073	0.002845
9599	0	0
9600	0	0
9601	0.010894	0.004332
9602	0	0
9603	0	0
9604	0	0
9605	0	0
9606	0	0
9607	0	0
9608	0	0
9609	0.005776	0.004247
9610	0	0
9611	0	0
9612	0.002391	0.002257
9613	0.003173	0.001257
9614	0	0
9615	0.003048	0.001288
9616	0.004318	0.002235
9617	0	0
9618	0	0
9619	0.005952	0.003053
9620	0	0
9621	0.004562	0.0043
9622	0	0
9623	0	0
9624	0.003509	0.001424
9625	0	0
9626	0	0
9627	0.001043	0.001258
9628	0.000826	0.000807
9629	0	0
9630	0.001187	0.000869
9631	0.002202	0.001098
9632	0	0
9633	0.003627	0.001048
9634	0	0
9635	0	0
9636	0	0
9637	0.004685	0.001914
9638	0	0
9639	0	0
9640	0	0
9641	0	0
9642	0.005683	0.002983
9643	0.001088	0.001111
9644	0	0
9645	0.001567	0.001075
9646	0	0
9647	0.005956	0.003068
9648	0	0
9649	0	0
9650	0	0
9651	0	0
9652	0	0
9653	0.005871	0.002384
9654	0	0
9655	0.001408	0.00068
9656	0.002648	0.001102
9657	0	0
9658	0.010786	0.004815
9659	0	0
9660	0	0
9661	0.003917	0.001144
9662	0	0
9663	0.00121	0.000651
9664	0	0
9665	0	0
9666	0	0
9667	0	0
9668	0	0
9669	0	0
9670	0	0
9671	0	0
9672	0	0
9673	0.001745	0.000497
9674	0	0
9675	0	0
9676	0	0
9677	0	0
9678	0	0
9679	0	0
9680	0	0
9681	0	0
9682	0.004895	0.001739
9683	0	0
9684	0	0
9685	0.003564	0.001559
9686	0.004576	0.002008
9687	0	0
9688	0	0
9689	0	0
9690	0.001124	0.000558
9691	0	0
9692	0	0
9693	0	0
9694	0.004482	0.001668
9695	0.002759	0.002684
9696	0	0
9697	0.005164	0.001585
9698	0.006946	0.003064
9699	0	0
9700	0.003363	0.001158
9701	0.004688	0.001999
9702	0	0
9703	0	0
9704	0	0
9705	0	0
9706	0.005055	0.002707
9707	0.005306	0.002605
9708	0.006041	0.002578
9709	0.006616	0.003252
9710	0	0
9711	0	0
9712	0.00403	0.002214
9713	0.001337	0.001159
9714	0.002341	0.002122
9715	0.001737	0.001721
9716	0.002729	0.000846
9717	0	0
9718	0.004272	0.001188
9719	0	0
9720	0.010911	0.003493
9721	0	0
9722	0.003882	0.002155
9723	0.004481	0.002598
9724	0.004453	0.002172
9725	0.006369	0.003503
9726	0	0
9727	0	0
9728	0	0
9729	0	0
9730	0.009826	0.004332
9731	0	0
9732	0	0
9733	0.008846	0.00332
9734	0	0
9735	0	0
9736	0	0
9737	0	0
9738	0.001505	0.000876
9739	0	0
9740	0	0
9741	0.005594	0.002511
9742	0	0
9743	0	0
9744	0.000855	0.000746
9745	0	0
9746	0.001744	0.001791
9747	0.003686	0.001528
9748	0	0
9749	0	0
9750	0.004594	0.001753
9751	0.00798	0.00337
9752	0	0
9753	0.001269	0.000368
9754	0	0
9755	0.00347	0.004023
9756	0.003127	0.001147
9757	0	0
9758	0.007038	0.002539
9759	0	0
9760	0	0
9761	0	0
9762	0.009713	0.003519
9763	0.010375	0.003991
9764	0	0
9765	0	0
9766	0	0
9767	0	0
9768	0	0
9769	0.005216	0.002167
9770	0.004916	0.003141
9771	0.005519	0.00372
9772	0	0
9773	0	0
9774	0.00304	0.001748
9775	0	0
9776	0	0
9777	0.001302	0.001261
9778	0.001887	0.001539
9779	0	0
9780	0	0
9781	0.00408	0.00099
9782	0	0
9783	0.010487	0.005537
9784	0	0
9785	0	0
9786	0.0017	0.000846
9787	0.00184	0.001713
9788	0	0
9789	0.003793	0.003267
9790	0	0
9791	0	0
9792	0	0
9793	0	0
9794	0	0
9795	0.007572	0.004159
9796	0.004461	0.003337
9797	0.005499	0.002629
9798	0.007309	0.002561
9799	0.005937	0.004042
9800	0.003561	0.001945
9801	0.001313	0.001048
9802	0.003379	0.000771
9803	0	0
9804	0.000543	0.000376
9805	0	0
9806	0	0
9807	0	0
9808	0	0
9809	0	0
9810	0.001307	0.00071
9811	0.001514	0.001721
9812	0	0
9813	0.004562	0.001237
9814	0.005982	0.003663
9815	0	0
9816	0	0
9817	0	0
9818	0	0
9819	0.001182	0.001086
9820	0.001898	0.001206
9821	0	0
9822	0	0
9823	0.004454	0.002352
9824	0.006499	0.003416
9825	0	0
9826	0	0
9827	0	0
9828	0.000726	0.000509
9829	0.002098	0.000741
9830	0	0
9831	0	0
9832	0.003973	0.001834
9833	0.004514	0.002071
9834	0	0
9835	0.003403	0.001178
9836	0.002754	0.001834
9837	0.000432	0.000453
9838	0.001517	0.001457
9839	0	0
9840	0.005242	0.00264
9841	0	0
9842	0	0
9843	0	0
9844	0	0
9845	0.006646	0.002706
9846	0.008915	0.003107
9847	0.007572	0.002838
9848	0	0
9849	0	0
9850	0.009438	0.003119
9851	0	0
9852	0	0
9853	0	0
9854	0.006642	0.001619
9855	0	0
9856	0.004827	0.001798
9857	0	0
9858	0.00569	0.001967
9859	0.003333	0.001684
9860	0	0
9861	0.004817	0.002497
9862	0.006396	0.002151
9863	0	0
9864	0	0
9865	0.012411	0.008038
9866	0	0
9867	0	0
9868	0.006242	0.005932
9869	0	0
9870	0	0
9871	0	0
9872	0	0
9873	0	0
9874	0.005715	0.002032
9875	0	0
9876	0	0
9877	0.004924	0.002409
9878	0	0
9879	0.003411	0.001752
9880	0.003922	0.002143
9881	0.004384	0.002169
9882	0	0
9883	0	0
9884	0	0
9885	0.00356	0.001755
9886	0.006208	0.002851
9887	0.005178	0.002706
9888	0	0
9889	0	0
9890	0	0
9891	0.004996	0.001778
9892	0	0
9893	0	0
9894	0	0
9895	0	0
9896	0	0
9897	0	0
9898	0	0
9899	0.004762	0.003007
9900	0	0
9901	0	0
9902	0	0
9903	0.006236	0.003105
9904	0.006455	0.003218
9905	0.003234	0.001285
9906	0.000586	0.000122
9907	0.000978	0.000227
9908	0	0
9909	0.003397	0.001695
9910	0.005892	0.002599
9911	0	0
9912	0.00628	0.007783
9913	0	0
9914	0	0
9915	0.001156	0.00151
9916	0	0
9917	0	0
9918	0.003734	0.002619
9919	0	0
9920	0	0
9921	0.002069	0.001949
9922	0	0
9923	0	0
9924	0.005654	0.001797
9925	0.000426	0.000656
9926	0	0
9927	0.003649	0.001041
9928	0	0
9929	0	0
9930	0.012842	0.007445
9931	0.007095	0.00662
9932	0.001975	0.002354
9933	0	0
9934	0	0
9935	0.003177	0.001612
9936	0.005559	0.002842
9937	0.004827	0.001802
9938	0.003967	0.001823
9939	0.00102	0.000508
9940	0.001537	0.000656
9941	0	0
9942	0.000604	0.000305
9943	0	0
9944	0.001602	0.000582
9945	0.00062	0.000519
9946	0.002703	0.000622
9947	0.000978	0.000323
9948	0.001534	0.000985
9949	0.003516	0.001765
9950	0.004749	0.002108
9951	0.003713	0.000783
9952	0.000419	0.000238
9953	0	0
9954	0	0
9955	0.003072	0.001333
9956	0	0
9957	0.003375	0.000556
9958	0.004107	0.001589
9959	0.005584	0.002535
9960	0	0
9961	0.00673	0.002202
9962	0.001919	0.002291
9963	0.002459	0.000752
9964	0	0
9965	0.002931	0.000993
9966	0.00148	0.002194
9967	0.000821	0.000363
9968	0	0
9969	0.004686	0.00241
9970	0	0
9971	0	0
9972	0	0
9973	0.004818	0.002301
9974	0	0
9975	0.005408	0.001093
9976	0	0
9977	0.002529	0.000599
9978	0.002136	0.000387
9979	0.000388	0.000282
9980	0	0
9981	0.004209	0.003293
9982	0.002443	0.002981
9983	0	0
9984	0.002293	0.003665
9985	0.001374	0.001309
9986	0.005391	0.004627
9987	0.00109	0.000403
9988	0	0
9989	0.001119	0.001111
9990	0.000538	0
9991	0	0
9992	0	0
9993	0.000225	0.000292
9994	0	0
9995	0.00187	0.002126
9996	0.000373	0.000822
9997	0.000586	0.001091
9998	0.00048	0
9999	0	0
10000	0.001165	0.000717
10001	0.000614	0.00058
10002	0	0
10003	0.000592	0.00014
10004	0	0
10005	0	0
10006	0	0
10007	0.001242	0
10008	0	0
10009	0.000529	0.000708
10010	0.000217	0
10011	0	0
10012	0	0
10013	0	0
10014	0.001219	0.000567
10015	0.0007	0
10016	0.00059	0
10017	0	0
10018	0	0
10019	0	0
10020	0.002394	0.000145
10021	0.001305	0.000299
10022	0	0
10023	0	0
10024	0	0
10025	0	0
10026	0.000855	0.001154
10027	0.000597	0.000142
10028	0	0
10029	0	0
10030	0	0
10031	0.000924	0
10032	0	0
10033	0.001241	0.000152
10034	0.000419	0.000156
10035	0.000879	0.000308
10036	0.000611	0
10037	0.001246	0
10038	0.001205	0
10039	0	0
10040	0	0
10041	0	0
10042	0	0
10043	0	0
10044	0	0
10045	0.001635	0.001125
10046	0.001415	0.000947
10047	0	0
10048	0	0
10049	0	0
10050	0	0
10051	0	0
10052	0	0
10053	0	0
10054	0.001106	0
10055	0	0
10056	0.000587	0
10057	0.000873	0
10058	0	0
10059	0	0
10060	0.001948	0.002555
10061	0	0
10062	0	0
10063	0	0
10064	0	0
10065	0.004044	0.000194
10066	0.003793	0.000194
10067	0	0
10068	0.002338	0
10069	0	0
10070	0	0
10071	0.004052	0.000525
10072	0.003502	0.000159
10073	0	0
10074	0	0
10075	0.001956	0.000229
10076	0.002431	0.000953
10077	0.003513	9.50E-05
10078	0.003794	0.000612
10079	0	0
10080	0	0
10081	0.004736	0.000706
10082	0	0
10083	0	0
10084	0.003754	0.001267
10085	0	0
10086	0	0
10087	0	0
10088	0	0
10089	0	0
10090	0	0
10091	0	0
10092	0	0
10093	0.013604	0.00367
10094	0	0
10095	0	0
10096	0.011619	0.003111
10097	0	0
10098	0.001956	0.000631
10099	0	0
10100	0	0
10101	0.010072	0.002739
10102	0.009919	0.00342
10103	0	0
10104	0	0
10105	0.006097	0.001729
10106	0	0
10107	0	0
10108	0.005891	0.001723
10109	0	0
10110	0	0
10111	0.006486	0.001565
10112	0	0
10113	0	0
10114	0.005344	0.001886
10115	0.007452	0.002865
10116	0	0
10117	0.00369	0.001843
10118	0.005621	0.002301
10119	0	0
10120	0	0
10121	0	0
10122	0.005995	0.001907
10123	0.005486	0.002081
10124	0.006904	0.002527
10125	0.004932	0.001888
10126	0.001022	0.000412
10127	0	0
10128	0	0
10129	0.00838	0.001552
10130	0	0
10131	0	0
10132	0	0
10133	0	0
10134	0	0
10135	0	0
10136	0	0
10137	0	0
10138	0.006734	0.002154
10139	0	0
10140	0	0
10141	0	0
10142	0	0
10143	0.000691	0.000184
10144	0.002048	0.002082
10145	0	0
10146	0.002856	0.001173
10147	0	0
10148	0	0
10149	0	0
10150	0.003717	0.000658
10151	0	0
10152	0.000573	0.001019
10153	0	0
10154	0	0
10155	0	0
10156	0	0
10157	0	0
10158	0.005047	0.002413
10159	0	0
10160	0	0
10161	0	0
10162	0	0
10163	0	0
10164	0	0
10165	0	0
10166	0.014579	0.004515
10167	0.012875	0.003046
10168	0	0
10169	0	0
10170	0.000726	0.000642
10171	0	0
10172	0.001043	0.001583
10173	0.002795	0.00128
10174	0.001192	0.000705
10175	0	0
10176	0.000588	0.000507
10177	0.001656	0.001257
10178	0	0
10179	0.007845	0.001835
10180	0.009116	0.002987
10181	0	0
10182	0.001329	0.000477
10183	0	0
10184	0	0
10185	0	0
10186	0	0
10187	0.011515	0.004994
10188	0	0
10189	0.005175	0.001939
10190	0	0
10191	0.004586	0.001354
10192	0	0
10193	0	0
10194	0	0
10195	0	0
10196	0	0
10197	0.002152	0.001006
10198	0	0
10199	0	0
10200	0	0
10201	0.002166	0.000981
10202	0	0
10203	0.001552	0.001142
10204	0.003777	0.001373
10205	0	0
10206	0	0
10207	0	0
10208	0.016347	0.00536
10209	0.01427	0.005566
10210	0.010912	0.004247
10211	0	0
10212	0.017068	0.007282
10213	0	0
10214	0	0
10215	0	0
10216	0.006936	0.002431
10217	0	0
10218	0	0
10219	0	0
10220	0	0
10221	0.005592	0.001737
10222	0.00507	0.002951
10223	0	0
10224	0.012372	0.007434
10225	0.006612	0.003182
10226	0	0
10227	0.008406	0.004903
10228	0.006652	0.004218
10229	0	0
10230	0.002592	0.002846
10231	0.001974	0.000757
10232	0	0
10233	0.001197	0.001269
10234	0	0
10235	0.004462	0.001391
10236	0	0
10237	0.005479	0.0018
10238	0.007397	0.000919
10239	0	0
10240	0	0
10241	0	0
10242	0.016902	0.005176
10243	0.017472	0.00538
10244	0	0
10245	0.019235	0.008469
10246	0.014557	0.005892
10247	0	0
10248	0.005684	0.001892
10249	0.008268	0.003091
10250	0	0
10251	0.006433	0.00151
10252	0.005817	0.001486
10253	0.005652	0.001301
10254	0.001541	0.000409
10255	0	0
10256	0.006427	0.00255
10257	0	0
10258	0.012277	0.003462
10259	0	0
10260	0.000813	0.000435
10261	0	0
10262	0	0
10263	0	0
10264	0.007512	0.002595
10265	0.003754	0.00116
10266	0.002377	0.001982
10267	0	0
10268	0	0
10269	0	0
10270	0.010957	0.003408
10271	0	0
10272	0	0
10273	0.013201	0.004919
10274	0.011459	0.004666
10275	0.007367	0.003214
10276	0.006773	0.002229
10277	0	0
10278	0	0
10279	0	0
10280	0	0
10281	0	0
10282	0.014646	0.004183
10283	0	0
10284	0	0
10285	0	0
10286	0	0
10287	0.005875	0.002036
10288	0.002689	0.00179
10289	0	0
10290	0.002208	0.001244
10291	0	0
10292	0	0
10293	0	0
10294	0.012706	0.004141
10295	0	0
10296	0	0
10297	0	0
10298	0	0
10299	0	0
10300	0	0
10301	0	0
10302	0	0
10303	0	0
10304	0.005889	0.001075
10305	0	0
10306	0	0
10307	0	0
10308	0	0
10309	0.009375	0.00513
10310	0.007395	0.005088
10311	0	0
10312	0	0
10313	0	0
10314	0	0
10315	0.004242	0.002004
10316	0	0
10317	0	0
10318	0.005165	0.001371
10319	0	0
10320	0.001548	0.002246
10321	0.00253	0.001479
10322	0.00506	0.001198
10323	0	0
10324	0.003977	0.001001
10325	0.000624	0.000595
10326	0.002741	0.00115
10327	0	0
10328	0	0
10329	0.009263	0.004767
10330	0	0
10331	0	0
10332	0	0
10333	0.008979	0.003327
10334	0	0
10335	0.010936	0.004115
10336	0.011184	0.002813
10337	0	0
10338	0.004751	0.001884
10339	0.00519	0.001824
10340	0	0
10341	0	0
10342	0.005175	0.001124
10343	0	0
10344	0	0
10345	0.00519	0.000944
10346	0	0
10347	0	0
10348	0.004153	0.001912
10349	0	0
10350	0	0
10351	0.012969	0.004213
10352	0	0
10353	0.001306	0.000456
10354	0	0
10355	0	0
10356	0	0
10357	0.01099	0.003858
10358	0	0
10359	0	0
10360	0.001039	0.000581
10361	0.005432	0.000794
10362	0	0
10363	0.007984	0.002373
10364	0.00114	0.000877
10365	0.001199	0.001465
10366	0	0
10367	0	0
10368	0.007915	0.002743
10369	0	0
10370	0.003246	0.00097
10371	0.000827	0.000195
10372	0	0
10373	0.001308	0.000604
10374	0.003105	0.001457
10375	0.001003	0.000335
10376	0	0
10377	0	0
10378	0.006506	0.0018
10379	0	0
10380	0	0
10381	0	0
10382	0	0
10383	0	0
10384	0	0
10385	0	0
10386	0.000797	0.000961
10387	0.000841	0.000393
10388	0	0
10389	0.005535	0.001202
10390	0.004317	0.001655
10391	0	0
10392	0.001297	0.001193
10393	0	0
10394	0	0
10395	0.003565	0.003756
10396	0.000548	0.000285
10397	0	0
10398	0	0
10399	0	0
10400	0	0
10401	0.00291	0.004568
10402	0	0
10403	0	0
10404	0.000476	0
10405	0.000347	0
10406	0.000211	0
10407	0.000712	0
10408	0.000492	0
10409	0	0
10410	0.000197	0
10411	0	0
10412	0.000525	0
10413	0	0
10414	0.0009	0
10415	0.000354	0
10416	0.000274	0
10417	0.001557	0
10418	0	0
10419	0	0
10420	0	0
10421	0	0
10422	0	0
10423	0	0
10424	0	0
10425	0	0
10426	0	0
10427	0.000546	0
10428	0	0
10429	0	0
10430	0.000739	0
10431	0.000657	0
10432	0	0
10433	0.000948	0
10434	0.001749	0
10435	0.001621	0
10436	0	0
10437	0.00114	0
10438	0	0
10439	0	0
10440	0.001516	0
10441	0	0
10442	0	0
10443	0.001318	0
10444	0.001262	0
10445	0	0
10446	0	0
10447	0	0
10448	0.001207	0
10449	0.001868	0
10450	0	0
10451	0.000991	0
10452	0.000782	0
10453	0	0
10454	0.002205	0
10455	0	0
10456	0	0
10457	0.001593	0
10458	0	0
10459	0	0
10460	0.000896	0
10461	0	0
10462	0.00126	0
10463	0.00217	0
10464	0.00211	0
10465	0	0
10466	0	0
10467	0	0
10468	0	0
10469	0	0
10470	0	0
10471	0.000952	0
10472	0.002303	0
10473	0	0
10474	0	0
10475	0	0
10476	0	0
10477	0.004941	0
10478	0	0
10479	0	0
10480	0.00162	0.000152
10481	0.002531	0.001481
10482	0.00301	0.000431
10483	0	0
10484	0	0
10485	0	0
10486	0.00183	0.000195
10487	0	0
10488	0	0
10489	0	0
10490	0.004157	0.001593
10491	0	0
10492	0.002773	0.001694
10493	0.003268	0.004367
10494	0	0
10495	0.002276	0.001501
10496	0	0
10497	0	0
10498	0.002624	0.00147
10499	0	0
10500	0.001423	0.000654
10501	0	0
10502	0	0
10503	0.002535	0.001272
10504	0.003149	0.001778
10505	0.00399	0.001877
10506	0	0
10507	0	0
10508	0	0
10509	0	0
10510	0.004427	0.002408
10511	0	0
10512	0.004066	0.002164
10513	0	0
10514	0	0
10515	0	0
10516	0.001764	0.001354
10517	0.003241	0.003567
10518	0	0
10519	0.004568	0.002659
10520	0	0
10521	0.000888	0.000942
10522	0.000721	0.000416
10523	0	0
10524	0	0
10525	0.002667	0.001209
10526	0	0
10527	0	0
10528	0.001832	0.000649
10529	0	0
10530	0.000526	0.000493
10531	0.001782	0.000689
10532	0	0
10533	0.002223	0.00065
10534	0	0
10535	0.002975	0.001223
10536	0	0
10537	0.003919	0.004872
10538	0	0
10539	0.003911	0.001159
10540	0	0
10541	0	0
10542	0	0
10543	0	0
10544	0	0
10545	0	0
10546	0.005281	0.002467
10547	0	0
10548	0	0
10549	0.004435	0.001208
10550	0	0
10551	0.002687	0.001608
10552	0	0
10553	0	0
10554	0.009935	0.004508
10555	0	0
10556	0	0
10557	0	0
10558	0.006047	0.002355
10559	0	0
10560	0	0
10561	0.00334	0.001478
10562	0	0
10563	0.001856	0.001248
10564	0.002032	0.001998
10565	0	0
10566	0	0
10567	0.003115	0.001493
10568	0	0
10569	0.001033	0.001206
10570	0	0
10571	0	0
10572	0.000415	0.000259
10573	0.002376	0.001577
10574	0	0
10575	0	0
10576	0.003042	0.001747
10577	0	0
10578	0	0
10579	0.003449	0.001462
10580	0	0
10581	0	0
10582	0.004997	0.001984
10583	0	0
10584	0.003761	0.001605
10585	0	0
10586	0.002483	0.002413
10587	0	0
10588	0.0034	0.001372
10589	0.001741	0.001296
10590	0.00172	0.000537
10591	0.003986	0.002669
10592	0	0
10593	0	0
10594	0.004599	0.00266
10595	0.004665	0.002964
10596	0	0
10597	0.002738	0.002037
10598	0	0
10599	0.00183	0.001461
10600	0	0
10601	0.00442	0.001238
10602	0	0
10603	0	0
10604	0.004284	0.001052
10605	0	0
10606	0.007463	0.004851
10607	0	0
10608	0	0
10609	0.004446	0.002018
10610	0	0
10611	0	0
10612	0	0
10613	0	0
10614	0	0
10615	0.008832	0.004027
10616	0	0
10617	0	0
10618	0	0
10619	0	0
10620	0	0
10621	0	0
10622	0	0
10623	0	0
10624	0	0
10625	0	0
10626	0.005338	0.001871
10627	0	0
10628	0	0
10629	0	0
10630	0.008223	0.004778
10631	0	0
10632	0.008296	0.004309
10633	0.006805	0.003898
10634	0	0
10635	0.003838	0.003587
10636	0	0
10637	0	0
10638	0	0
10639	0	0
10640	0.003993	0.001804
10641	0	0
10642	0.003477	0.001995
10643	0.003436	0.002333
10644	0.001269	0.001536
10645	0.001463	0.001059
10646	0.00093	0.00082
10647	0	0
10648	0	0
10649	0.008101	0.002254
10650	0	0
10651	0.002908	0.001691
10652	0.002807	0.001235
10653	0.001294	0.00091
10654	0	0
10655	0	0
10656	0	0
10657	0.005398	0.001758
10658	0	0
10659	0	0
10660	0.001902	0.002363
10661	0	0
10662	0.000478	0.000379
10663	0.001278	0.000594
10664	0	0
10665	0.01129	0.005584
10666	0.006804	0.002572
10667	0.005483	0.004167
10668	0.004688	0.004217
10669	0	0
10670	0	0
10671	0.001344	0.000684
10672	0	0
10673	0	0
10674	0.002606	0.002872
10675	0.001318	0.000384
10676	0	0
10677	0.000895	0.000448
10678	0	0
10679	0	0
10680	0.001846	0.002481
10681	0	0
10682	0	0
10683	0.001416	0.001314
10684	0	0
10685	0.00054	0.000594
10686	0.008076	0.005161
10687	0.001262	0.000267
10688	0.001619	0.000669
10689	0.000579	0.001023
10690	0.001211	0.000646
10691	0	0
10692	0	0
10693	0.008346	0.002356
10694	0	0
10695	0.001891	0.00223
10696	0	0
10697	0	0
10698	0	0
10699	0.011565	0.00643
10700	0	0
10701	0	0
10702	0.002776	0.002744
10703	0	0
10704	0.000973	0.001039
10705	0.001791	0.001235
10706	0	0
10707	0.00559	0.003957
10708	0	0
10709	0	0
10710	0	0
10711	0.002979	0.00168
10712	0	0
10713	0.008842	0.004328
10714	0	0
10715	0	0
10716	0	0
10717	0	0
10718	0	0
10719	0	0
10720	0	0
10721	0	0
10722	0.003338	0.002744
10723	0	0
10724	0.001147	0.000427
10725	0.000811	0.000805
10726	0.002123	0.002849
10727	0	0
10728	0	0
10729	0.004501	0.003855
10730	0	0
10731	0.000672	0.000807
10732	0	0
10733	0	0
10734	0.005046	0.002782
10735	0	0
10736	0	0
10737	0.00299	0.002324
10738	0.002923	0.001355
10739	0	0
10740	0	0
10741	0	0
10742	0.003777	0.001626
10743	0	0
10744	0	0
10745	0	0
10746	0	0
10747	0.008944	0.00438
10748	0	0
10749	0	0
10750	0	0
10751	0	0
10752	0	0
10753	0.010537	0.004458
10754	0	0
10755	0	0
10756	0.003969	0.002366
10757	0	0
10758	0	0
10759	0	0
10760	0	0
10761	0.002745	0.001795
10762	0.002245	0.002172
10763	0	0
10764	0.003996	0.00184
10765	0	0
10766	0	0
10767	0	0
10768	0	0
10769	0	0
10770	0.005543	0.001905
10771	0	0
10772	0	0
10773	0.002979	0.001218
10774	0	0
10775	0.003687	0.003889
10776	0.008396	0.007714
10777	0	0
10778	0	0
10779	0	0
10780	0	0
10781	0	0
10782	0	0
10783	0	0
10784	0	0
10785	0.003541	0.001533
10786	0.004134	0.00148
10787	0	0
10788	0.002492	0.001817
10789	0	0
10790	0.002831	0.000413
10791	0.004141	0.001932
10792	0	0
10793	0	0
10794	0.004121	0.002502
10795	0	0
10796	0	0
10797	0	0
10798	0	0
10799	0	0
10800	0.003455	0.002501
10801	0.001514	0.000521
10802	0	0
10803	0	0
10804	0	0
10805	0.002752	0.002344
10806	0.00081	0.000556
10807	0	0
10808	0	0
10809	0.004835	0.003525
10810	0.007395	0.003465
10811	0.006749	0.004736
10812	0	0
10813	0	0
10814	0	0
10815	0	0
10816	0	0
10817	0	0
10818	0	0
10819	0	0
10820	0	0
10821	0	0
10822	0	0
10823	0	0
10824	0.003388	0.001011
10825	0	0
10826	0	0
10827	0.003437	0.00181
10828	0.00415	0.004166
10829	0.00391	0.003375
10830	0.001578	0.000871
10831	0	0
10832	0	0
10833	0.004238	0.003543
10834	0	0
10835	0	0
10836	0	0
10837	0	0
10838	0	0
10839	0	0
10840	0	0
10841	0	0
10842	0	0
10843	0	0
10844	0	0
10845	0	0
10846	0	0
10847	0	0
10848	0	0
10849	0	0
10850	0	0
10851	0.003266	0.003713
10852	0	0
10853	0	0
10854	0.007969	0.003229
10855	0	0
10856	0	0
10857	0.00361	0.001827
10858	0.003991	0.002489
10859	0	0
10860	0.002662	0.001444
10861	0.003558	0.002823
10862	0	0
10863	0.002511	0.001366
10864	0	0
10865	0	0
10866	0.002855	0.002201
10867	0	0
10868	0	0
10869	0.007257	0.004944
10870	0	0
10871	0	0
10872	0	0
10873	0.006016	0.003359
10874	0	0
10875	0.007181	0.003509
10876	0	0
10877	0	0
10878	0.004907	0.002068
10879	0	0
10880	0.004286	0.003032
10881	0.003819	0.001313
10882	0.004583	0.002905
10883	0.00473	0.003825
10884	0.005384	0.004393
10885	0.00533	0.002208
10886	0	0
10887	0	0
10888	0	0
10889	0	0
10890	0	0
10891	0	0
10892	0	0
10893	0.004219	0.002788
10894	0	0
10895	0	0
10896	0	0
10897	0	0
10898	0	0
10899	0	0
10900	0	0
10901	0	0
10902	0	0
10903	0	0
10904	0	0
10905	0.008469	0.005304
10906	0	0
10907	0.002445	0.001497
10908	0.003171	0.001579
10909	0.004017	0.001264
10910	0	0
10911	0.002199	0.003864
10912	0	0
10913	0.002081	0.001132
10914	0.002876	0.001807
10915	0.002132	0.002045
10916	0.00525	0.004493
10917	0	0
10918	0	0
10919	0	0
10920	0	0
10921	0	0
10922	0	0
10923	0	0
10924	0	0
10925	0.010752	0.00519
10926	0.008143	0.003333
10927	0.004983	0.003082
10928	0.005031	0.002057
10929	0	0
10930	0	0
10931	0.008849	0.004067
10932	0	0
10933	0	0
10934	0.003427	0.002112
10935	0	0
10936	0	0
10937	0	0
10938	0	0
10939	0	0
10940	0	0
10941	0.006215	0.002745
10942	0	0
10943	0	0
10944	0	0
10945	0	0
10946	0	0
10947	0	0
10948	0	0
10949	0	0
10950	0	0
10951	0	0
10952	0	0
10953	0.005927	0.003042
10954	0	0
10955	0	0
10956	0.007078	0.002959
10957	0	0
10958	0	0
10959	0.004309	0.002827
10960	0	0
10961	0	0
10962	0.004386	0.001674
10963	0	0
10964	0	0
10965	0	0
10966	0.005999	0.001628
10967	0	0
10968	0	0
10969	0	0
10970	0.005789	0.002548
10971	0.003692	0.003327
10972	0	0
10973	0	0
10974	0.004848	0.000851
10975	0	0
10976	0	0
10977	0.010267	0.004599
10978	0	0
10979	0	0
10980	0	0
10981	0	0
10982	0	0
10983	0.006072	0.003675
10984	0	0
10985	0	0
10986	0	0
10987	0	0
10988	0	0
10989	0.00328	0.001877
10990	0	0
10991	0	0
10992	0.002702	0.000426
10993	0.001025	0.001117
10994	0.001856	0.002331
10995	0	0
10996	0	0
10997	0	0
10998	0.002169	0.000823
10999	0	0
11000	0	0
11001	0	0
11002	0	0
11003	0	0
11004	0.002446	0.002391
11005	0	0
11006	0	0
11007	0	0
11008	0	0
11009	0.003149	0.002804
11010	0.007283	0.004885
11011	0	0
11012	0.00326	0.001183
11013	0	0
11014	0	0
11015	0	0
11016	0.002071	0.001748
11017	0.001845	0.001775
11018	0.001823	0.001671
11019	0	0
11020	0	0
11021	0	0
11022	0	0
11023	0	0
11024	0	0
11025	0.004472	0.001477
11026	0	0
11027	0.003432	0.00212
11028	0	0
11029	0	0
11030	0	0
11031	0.00833	0.009748
11032	0	0
11033	0	0
11034	0	0
11035	0	0
11036	0	0
11037	0	0
11038	0	0
11039	0	0
11040	0.003145	0.001288
11041	0	0
11042	0.006948	0.003514
11043	0	0
11044	0	0
11045	0	0
11046	0.006547	0.003538
11047	0	0
11048	0.005673	0.003674
11049	0	0
11050	0.007813	0.002453
11051	0	0
11052	0.003286	0.001955
11053	0	0
11054	0	0
11055	0.004558	0.001561
11056	0	0
11057	0	0
11058	0.003314	0.001321
11059	0	0
11060	0.010734	0.004335
11061	0	0
11062	0	0
11063	0	0
11064	0.006358	0.004306
11065	0	0
11066	0	0
11067	0	0
11068	0	0
11069	0	0
11070	0.003388	0.00273
11071	0	0
11072	0.00689	0.002739
11073	0	0
11074	0	0
11075	0.006425	0.002335
11076	0.006963	0.002908
11077	0	0
11078	0	0
11079	0.002651	0.002094
11080	0.003991	0.003145
11081	0	0
11082	0.002048	0.001789
11083	0	0
11084	0	0
11085	0	0
11086	0	0
11087	0.003362	0.001565
11088	0.003317	0.001855
11089	0	0
11090	0	0
11091	0	0
11092	0	0
11093	0.003604	0.002501
11094	0	0
11095	0	0
11096	0	0
11097	0	0
11098	0	0
11099	0.019068	0.019803
11100	0	0
11101	0	0
11102	0	0
11103	0.003994	0.001904
11104	0	0
11105	0	0
11106	0.002861	0.000898
11107	0	0
11108	0	0
11109	0.003811	0.001712
11110	0	0
11111	0.002219	0.001395
11112	0.003137	0.002465
11113	0.003618	0.002157
11114	0.005117	0.003623
11115	0	0
11116	0.002945	0.002216
11117	0	0
11118	0.002261	0.00082
11119	0	0
11120	0.008177	0.002375
11121	0.007804	0.004289
11122	0	0
11123	0.009059	0.00358
11124	0.006636	0.002289
11125	0	0
11126	0.001636	0.000618
11127	0	0
11128	0	0
11129	0	0
11130	0	0
11131	0	0
11132	0	0
11133	0	0
11134	0	0
11135	0	0
11136	0.003109	0.001841
11137	0.005672	0.004317
11138	0	0
11139	0.004186	0.003711
11140	0	0
11141	0	0
11142	0	0
11143	0	0
11144	0	0
11145	0	0
11146	0	0
11147	0.007971	0.004408
11148	0.005357	0.004267
11149	0.000985	0.000117
11150	0.002014	0.001615
11151	0	0
11152	0.001996	0.001077
11153	0	0
11154	0.001912	0.001099
11155	0	0
11156	0	0
11157	0.002439	0.00165
11158	0	0
11159	0	0
11160	0	0
11161	0	0
11162	0	0
11163	0.001245	0.000759
11164	0	0
11165	0.001388	0.001074
11166	0.000619	0.000245
11167	0	0
11168	0.000815	0.000676
11169	0.002496	0.003419
11170	0	0
11171	0	0
11172	0	0
11173	0	0
11174	0	0
11175	0	0
11176	0.003066	0.001763
11177	0	0
11178	0	0
11179	0	0
11180	0.002183	0.002083
11181	0	0
11182	0	0
11183	0	0
11184	0.004508	0.004058
11185	0	0
11186	0	0
11187	0.00219	0.001159
11188	0.001329	0.000581
11189	0	0
11190	0	0
11191	0	0
11192	0.003848	0.002464
11193	0	0
11194	0	0
11195	0.000863	0.000926
11196	0.001552	0.001068
11197	0	0
11198	0	0
11199	0	0
11200	0	0
11201	0.003733	0.002453
11202	0	0
11203	0	0
11204	0.004374	0.003814
11205	0.005435	0.002115
11206	0	0
11207	0	0
11208	0.008688	0.002787
11209	0	0
11210	0.003269	0.001563
11211	0.004033	0.002501
11212	0	0
11213	0.006919	0.005298
11214	0	0
11215	0	0
11216	0	0
11217	0	0
11218	0	0
11219	0	0
11220	0.008385	0.004055
11221	0	0
11222	0.001506	0.000464
11223	0.001282	0.000468
11224	0	0
11225	0.000887	0.000615
11226	0.002751	0.003249
11227	0	0
11228	0.003005	0.000804
11229	0	0
11230	0	0
11231	0	0
11232	0.006472	0.002736
11233	0.008953	0.005969
11234	0	0
11235	0	0
11236	0	0
11237	0	0
11238	0.005556	0.002734
11239	0	0
11240	0	0
11241	0.002425	0.000846
11242	0	0
11243	0	0
11244	0.004196	0.00201
11245	0	0
11246	0.004422	0.004006
11247	0	0
11248	0	0
11249	0	0
11250	0.003978	0.001871
11251	0	0
11252	0	0
11253	0.003634	0.001541
11254	0.003463	0.002597
11255	0.004119	0.002346
11256	0	0
11257	0	0
11258	0	0
11259	0	0
11260	0.003526	0.001662
11261	0	0
11262	0	0
11263	0	0
11264	0	0
11265	0	0
11266	0	0
11267	0	0
11268	0	0
11269	0	0
11270	0	0
11271	0.00788	0.003477
11272	0	0
11273	0.001686	0.001226
11274	0.001918	0.002142
11275	0	0
11276	0.002815	0.002355
11277	0	0
11278	0	0
11279	0	0
11280	0.004656	0.002995
11281	0	0
11282	0	0
11283	0	0
11284	0	0
11285	0	0
11286	0.003306	0.001021
11287	0.004205	0.00228
11288	0	0
11289	0.009002	0.004948
11290	0	0
11291	0	0
11292	0.004444	0.001143
11293	0	0
11294	0	0
11295	0.003219	0.002767
11296	0	0
11297	0	0
11298	0	0
11299	0.002978	0.00291
11300	0	0
11301	0.005607	0.00354
11302	0	0
11303	0	0
11304	0	0
11305	0.002445	0.002706
11306	0.002759	0.00312
11307	0	0
11308	0	0
11309	0	0
11310	0	0
11311	0	0
11312	0.001643	0.001559
11313	0	0
11314	0	0
11315	0	0
11316	0.003989	0.002365
11317	0	0
11318	0.003031	0.001589
11319	0	0
11320	0	0
11321	0	0
11322	0	0
11323	0	0
11324	0.005115	0.001278
11325	0	0
11326	0	0
11327	0.007994	0.004124
11328	0.001954	0.001191
11329	0	0
11330	0.002525	0.002651
11331	0	0
11332	0	0
11333	0	0
11334	0	0
11335	0	0
11336	0	0
11337	0	0
11338	0	0
11339	0.003847	0.001449
11340	0.006036	0.00305
11341	0	0
11342	0	0
11343	0.004338	0.001649
11344	0	0
11345	0.001819	0.000783
11346	0.000844	0.000213
11347	0	0
11348	0	0
11349	0.003978	0.001865
11350	0	0
11351	0.001834	0.001875
11352	0	0
11353	0.003103	0.00152
11354	0.003858	0.003024
11355	0	0
11356	0	0
11357	0	0
11358	0	0
11359	0	0
11360	0	0
11361	0.003902	0.00161
11362	0	0
11363	0.001297	0.001985
11364	0	0
11365	0.003433	0.001081
11366	0.005186	0.003446
11367	0.004767	0.002968
11368	0.005094	0.003815
11369	0	0
11370	0.002388	0.001031
11371	0	0
11372	0.00168	0.001208
11373	0.001261	0.000541
11374	0	0
11375	0	0
11376	0	0
11377	0.000781	0.000446
11378	0	0
11379	0.003814	0.000861
11380	0	0
11381	0	0
11382	0	0
11383	0.003535	0.001701
11384	0	0
11385	0.004582	0.003489
11386	0.003656	0.0037
11387	0.004202	0.002144
11388	0	0
11389	0	0
11390	0.001622	0.00126
11391	0.001522	0.001065
11392	0	0
11393	0	0
11394	0.004868	0.002771
11395	0	0
11396	0	0
11397	0	0
11398	0	0
11399	0.003393	0.002312
11400	0.006227	0.002929
11401	0	0
11402	0.00206	0.001382
11403	0.001033	0.00119
11404	0	0
11405	0	0
11406	0.006223	0.002537
11407	0	0
11408	0	0
11409	0	0
11410	0.006797	0.003293
11411	0	0
11412	0	0
11413	0	0
11414	0.001186	0.000522
11415	0	0
11416	0	0
11417	0	0
11418	0	0
11419	0.003232	0.001842
11420	0.001342	0.00171
11421	0.002035	0.001267
11422	0	0
11423	0.000797	0.001042
11424	0	0
11425	0	0
11426	0.003408	0.003716
11427	0	0
11428	0	0
11429	0	0
11430	0	0
11431	0	0
11432	0	0
11433	0.003259	0.001458
11434	0	0
11435	0.002351	0.00176
11436	0	0
11437	0.004144	0.00234
11438	0.000728	0.000873
11439	0.00111	0.000463
11440	0.001148	0.001014
11441	0.001453	0.001575
11442	0	0
11443	0	0
11444	0	0
11445	0.00324	0.001801
11446	0	0
11447	0.000683	0.000656
11448	0.0011	0.00056
11449	0	0
11450	0	0
11451	0.002667	0.001601
11452	0.003764	0.003022
11453	0.001118	0.000969
11454	0	0
11455	0	0
11456	0.00163	0.001088
11457	0	0
11458	0	0
11459	0.001477	0.001417
11460	0.001383	0.000925
11461	0	0
11462	0	0
11463	6.30E-05	0
11464	0	0
11465	0	0
11466	2.30E-05	0
11467	0	0
11468	0	0
11469	0	0
11470	0	0
11471	0	0
11472	0.004406	0.002508
11473	0	0
11474	0.001195	0.000813
11475	0.000953	0.00043
11476	0	0
11477	0.000464	7.90E-05
11478	0.001111	0.000733
11479	0	0
11480	0.003003	0.001063
11481	0	0
11482	0.0017	0.000969
11483	0.000606	0.000605
11484	0.002508	0.002421
11485	0.001787	0.000857
11486	0	0
11487	0.002208	0.00154
11488	0	0
11489	0	0
11490	0.003021	0.001309
11491	0	0
11492	0	0
11493	0.00353	0.002711
11494	0	0
11495	0	0
11496	0.005128	0.003453
11497	0	0
11498	0	0
11499	0	0
11500	0	0
11501	0	0
11502	0.00361	0.001532
11503	0	0
11504	0	0
11505	0.003988	0.001405
11506	0.005009	0.002811
11507	0	0
11508	0.004443	0.003104
11509	0	0
11510	0	0
11511	0	0
11512	0	0
11513	0	0
11514	0	0
11515	0	0
11516	0	0
11517	0.006514	0.003786
11518	0.00111	0.000773
11519	0	0
11520	0	0
11521	0	0
11522	0	0
11523	0	0
11524	0	0
11525	0	0
11526	0	0
11527	0	0
11528	0	0
11529	0.003059	0.001128
11530	0	0
11531	0.001752	0.001054
11532	0	0
11533	0	0
11534	0.00915	0.005424
11535	0	0
11536	0	0
11537	0	0
11538	0	0
11539	0	0
11540	0.007124	0.00204
11541	0.006966	0.003412
11542	0	0
11543	0	0
11544	0.006982	0.003835
11545	0.006379	0.003081
11546	0.002134	0.001568
11547	0.002184	0.001293
11548	0	0
11549	0	0
11550	0.00327	0.002652
11551	0	0
11552	0.00359	0.001838
11553	0	0
11554	0	0
11555	0	0
11556	0.009238	0.002362
11557	0	0
11558	0.002875	0.001037
11559	0.001411	0.001649
11560	0	0
11561	0.000624	0.000404
11562	0.002387	0.003489
11563	0	0
11564	0	0
11565	0.002801	0.001434
11566	0	0
11567	0	0
11568	0.002752	0.001911
11569	0.003702	0.001735
11570	0	0
11571	0.002063	0.000801
11572	0	0
11573	0	0
11574	0	0
11575	0	0
11576	0	0
11577	0.00214	0.001726
11578	0	0
11579	0.006064	0.00347
11580	0	0
11581	0	0
11582	0	0
11583	0.004622	0.002336
11584	0	0
11585	0.00528	0.004033
11586	0.001569	0.001928
11587	0	0
11588	0	0
11589	0.007361	0.004197
11590	0	0
11591	0	0
11592	0.001178	0.001385
11593	0	0
11594	0	0
11595	0	0
11596	0	0
11597	0	0
11598	0	0
11599	0	0
11600	0.001972	0.001341
11601	0	0
11602	0	0
11603	0	0
11604	0.005957	0.003358
11605	0	0
11606	0	0
11607	0	0
11608	0	0
11609	0.004233	0.001469
11610	0	0
11611	0.003095	0.003363
11612	0	0
11613	0.002601	0.001733
11614	0	0
11615	0	0
11616	0.003067	0.001678
11617	0.002917	0.002589
11618	0.002283	0.003079
11619	0	0
11620	0	0
11621	0.003282	0.001379
11622	0	0
11623	0	0
11624	0.004349	0.001702
11625	0	0
11626	0.006573	0.003639
11627	0.005774	0.002775
11628	0	0
11629	0	0
11630	0	0
11631	0.003684	0.001991
11632	0	0
11633	0	0
11634	0.002697	0.00307
11635	0	0
11636	0	0
11637	0	0
11638	0	0
11639	0	0
11640	0.003555	0.001578
11641	0	0
11642	0.002068	0.001665
11643	0	0
11644	0	0
11645	0	0
11646	0.006165	0.003354
11647	0	0
11648	0.001166	0.000938
11649	0.001721	0.000591
11650	0	0
11651	0.000785	0.00059
11652	0.001482	0.000593
11653	0	0
11654	0	0
11655	0	0
11656	0	0
11657	0.00208	0.002048
11658	0	0
11659	0	0
11660	0	0
11661	0.003413	0.001572
11662	0.00519	0.002596
11663	0	0
11664	0.005509	0.003072
11665	0	0
11666	0	0
11667	0.004147	0.001732
11668	0	0
11669	0	0
11670	0	0
11671	0	0
11672	0	0
11673	0	0
11674	0	0
11675	0	0
11676	0	0
11677	0	0
11678	0.004581	0.003237
11679	0.000898	0.000923
11680	0	0
11681	0	0
11682	0.001745	0.001296
11683	0	0
11684	0.002499	0.001274
11685	0.00414	0.003111
11686	0	0
11687	0	0
11688	0	0
11689	0	0
11690	0.003709	0.002226
11691	0.00365	0.003514
11692	0	0
11693	0.002884	0.002885
11694	0	0
11695	0	0
11696	0.002497	0.001766
11697	0.003684	0.001488
11698	0	0
11699	0	0
11700	0.002958	0.002314
11701	0.004109	0.00192
11702	0	0
11703	0.006397	0.003634
11704	0	0
11705	0	0
11706	0.003302	0.001206
11707	0	0
11708	0	0
11709	0.004153	0.001593
11710	0	0
11711	0.00301	0.00191
11712	0	0
11713	0	0
11714	0	0
11715	0	0
11716	0	0
11717	1.40E-05	0
11718	0	0
11719	0.999703	0.999807
11720	0	0
11721	0.002774	0.001126
11722	0.004169	0.003005
11723	0	0
11724	0	0
11725	0	0
11726	0.003663	0.001182
11727	0	0
11728	0	0
11729	0.006846	0.002654
11730	0	0
11731	0	0
11732	0.00397	0.001716
11733	0.005132	0.001923
11734	0	0
11735	0	0
11736	0.003964	0.002203
11737	0	0
11738	0.003677	0.001974
11739	0.004865	0.001555
11740	0	0
11741	0.005734	0.003615
11742	0.00206	0.001246
11743	0	0
11744	0	0
11745	0.007806	0.003539
11746	0	0
11747	0.003114	0.002102
11748	0	0
11749	0	0
11750	0	0
11751	0	0
11752	0	0
11753	0.003616	0.002118
11754	0	0
11755	0	0
11756	0	0
11757	0	0
11758	0	0
11759	0.004924	0.00191
11760	0	0
11761	0	0
11762	0.001559	0.001487
11763	0	0
11764	0	0
11765	0	0
11766	0.00479	0.005782
11767	0	0
11768	0	0
11769	0	0
11770	0.003396	0.002025
11771	0	0
11772	0	0
11773	0	0
11774	0	0
11775	0.001218	0.00046
11776	0.008202	0.00575
11777	0	0
11778	0.003772	0.003166
11779	0	0
11780	0	0
11781	0.003424	0.001223
11782	0	0
11783	0	0
11784	0.003731	0.00085
11785	0	0
11786	0	0
11787	0.003074	0.000937
11788	0	0
11789	0	0
11790	0.006053	0.002701
11791	0	0
11792	0.008849	0.002851
11793	0	0
11794	0.007003	0.003815
11795	0	0
11796	0	0
11797	0	0
11798	0.000886	0.000594
11799	0.001415	0.001037
11800	0	0
11801	0	0
11802	0.002901	0.001127
11803	0.004623	0.002931
11804	0	0
11805	0	0
11806	0	0
11807	0	0
11808	0	0
11809	0.004026	0.002125
11810	0	0
11811	0.008552	0.004523
11812	0	0
11813	0	0
11814	0.005241	0.002628
11815	0	0
11816	0	0
11817	0	0
11818	0	0
11819	0	0
11820	0.004552	0.001581
11821	0	0
11822	0	0
11823	0.003308	0.000921
11824	0	0
11825	0.00211	0.001267
11826	0	0
11827	0.005723	0.002462
11828	0.006057	0.003769
11829	0.004774	0.002959
11830	0.004607	0.002132
11831	0.003726	0.001527
11832	0.00092	0.000697
11833	0	0
11834	0.002647	0.001192
11835	0.001254	0.000867
11836	0	0
11837	0	0
11838	0.004672	0.001976
11839	0.005917	0.002983
11840	0	0
11841	0.010245	0.004585
11842	0	0
11843	0.002088	0.002204
11844	0	0
11845	0	0
11846	0	0
11847	0.002272	0.001173
11848	0	0
11849	0	0
11850	0.007557	0.003646
11851	0	0
11852	0.002762	0.002186
11853	0	0
11854	0.004863	0.002398
11855	0	0
11856	0	0
11857	0	0
11858	0	0
11859	0.009457	0.00328
11860	0	0
11861	0.002313	0.001076
11862	0	0
11863	0	0
11864	0.007493	0.003074
11865	0.00779	0.004001
11866	0	0
11867	0	0
11868	0	0
11869	0	0
11870	0	0
11871	0	0
11872	0	0
11873	0	0
11874	0	0
11875	0.004517	0.001486
11876	0	0
11877	0.002857	0.001088
11878	0.003248	0.001851
11879	0	0
11880	0	0
11881	0	0
11882	0	0
11883	0.010245	0.002841
11884	0	0
11885	0	0
11886	0.004333	0.001611
11887	0.001056	0.000966
11888	0.000827	0.000617
11889	0.001068	0.000841
11890	0	0
11891	0.001669	0.001637
11892	0	0
11893	0	0
11894	0	0
11895	0.003646	0.0013
11896	0	0
11897	0.008652	0.003325
11898	0	0
11899	0.003273	0.001904
11900	0.000947	0.00043
11901	0.000769	0.000909
11902	0.003198	0.000574
11903	0	0
11904	0.003291	0.000829
11905	0	0
11906	0.001019	0.000287
11907	0.001455	0.000631
11908	0	0
11909	0	0
11910	0	0
11911	0	0
11912	0	0
11913	0	0
11914	0.003356	0.003243
11915	0.001092	0.000669
11916	0.002016	0.001108
11917	0	0
11918	0.004959	0.003585
11919	0	0
11920	0	0
11921	0.004621	0.004062
11922	0.00115	0.000967
11923	0	0
11924	0.003365	0.001122
11925	0	0
11926	0	0
11927	0	0
11928	0	0
11929	0.004127	0.001624
11930	0	0
11931	0.002549	0.000636
11932	0	0
11933	0	0
11934	0	0
11935	0.003053	0.002136
11936	0	0
11937	0.009068	0.003601
11938	0	0
11939	0	0
11940	0.006978	0.002865
11941	0	0
11942	0	0
11943	0.003923	0.00095
11944	0.006345	0.002001
11945	0	0
11946	0	0
11947	0	0
11948	0.00093	0.000547
11949	0.000882	0.0005
11950	0	0
11951	0	0
11952	0.003597	0.001376
11953	0	0
11954	0	0
11955	0	0
11956	0	0
11957	0	0
11958	0.003781	0.001325
11959	0	0
11960	0	0
11961	0.003596	0.00112
11962	0	0
11963	0.000461	0.000285
11964	0.002892	0.00131
11965	0	0
11966	0	0
11967	0	0
11968	0	0
11969	0.002167	0.001471
11970	0	0
11971	0	0
11972	0	0
11973	0.00502	0.002381
11974	0	0
11975	0.002905	0.000994
11976	0	0
11977	0	0
11978	0.004154	0.00239
11979	0	0
11980	0	0
11981	0	0
11982	0.006191	0.003909
11983	0	0
11984	0.008202	0.003867
11985	0	0
11986	0	0
11987	0	0
11988	0.004662	0.001142
11989	0	0
11990	0.002304	0.001028
11991	0.003352	0.00273
11992	0.004243	0.002205
11993	0	0
11994	0	0
11995	0	0
11996	0	0
11997	0	0
11998	0	0
11999	0	0
12000	0	0
12001	0	0
12002	0	0
12003	0	0
12004	0	0
12005	0.003937	0.002828
12006	0.002086	0.001505
12007	0.001977	0.001282
12008	0.001344	0.001077
12009	0.003049	0.002969
12010	0	0
12011	0.0028	0.001308
12012	0	0
12013	0	0
12014	0	0
12015	0.005419	0.003268
12016	0	0
12017	0	0
12018	0	0
12019	0	0
12020	0	0
12021	0	0
12022	0	0
12023	0	0
12024	0	0
12025	0	0
12026	0	0
12027	0.003508	0.002016
12028	0.003383	0.001604
12029	0	0
12030	0	0
12031	0	0
12032	0	0
12033	0	0
12034	0	0
12035	0	0
12036	0.003495	0.000689
12037	0	0
12038	0	0
12039	0	0
12040	0	0
12041	0	0
12042	0	0
12043	0	0
12044	0.007235	0.002055
12045	0	0
12046	0	0
12047	0.00362	0.001111
12048	0.004388	0.002008
12049	0	0
12050	0	0
12051	0	0
12052	0	0
12053	0	0
12054	0.000971	0.000515
12055	0	0
12056	0.000912	0.001305
12057	0	0
12058	0	0
12059	0	0
12060	0	0
12061	0	0
12062	0	0
12063	0	0
12064	0	0
12065	0	0
12066	0.007256	0.002696
12067	0	0
12068	0	0
12069	0.003095	0.00046
12070	0.001481	0.001033
12071	0.001409	0.000968
12072	0.003503	0.000565
12073	0	0
12074	0	0
12075	0.004005	0.002848
12076	0	0
12077	0	0
12078	0	0
12079	0	0
12080	0	0
12081	0.006622	0.002803
12082	0	0
12083	0.00411	0.002201
12084	0	0
12085	0	0
12086	0	0
12087	0	0
12088	0	0
12089	0	0
12090	0.002767	0.001922
12091	0.003982	0.002155
12092	0	0
12093	0.006436	0.003368
12094	0	0
12095	0	0
12096	0.011225	0.004777
12097	0	0
12098	0	0
12099	0.007589	0.002452
12100	0	0
12101	0.003686	0.001225
12102	0	0
12103	0	0
12104	0	0
12105	0.007922	0.00429
12106	0	0
12107	0	0
12108	0	0
12109	0	0
12110	0	0
12111	0	0
12112	0	0
12113	0.004399	0.002813
12114	0	0
12115	0	0
12116	0	0
12117	0.001943	0.00047
12118	0	0
12119	0	0
12120	0.0016	0.001003
12121	0.001741	0.000438
12122	0	0
12123	0	0
12124	0	0
12125	0.002374	0.003217
12126	0.000388	0.001324
12127	0.001054	0.000111
12128	0.000561	0.000462
12129	0.001113	0
12130	0.001099	0.000221
12131	0.00131	0.000113
12132	0	0
12133	0	0
12134	0.001372	0.000605
12135	0	0
12136	0.00184	0
12137	0.001033	0.000122
12138	0.001309	0
12139	0.003363	0.001729
12140	0	0
12141	0	0
12142	0	0
12143	0.001007	0
12144	0	0
12145	0.000247	0
12146	0	0
12147	0.001041	0
12148	0.000687	0.000132
12149	0.00086	0.003528
12150	0.000645	0
12151	0	0
12152	0	0
12153	0	0
12154	0	0
12155	0	0
12156	0	0
12157	0	0
12158	0	0
12159	0	0
12160	0	0
12161	0.000492	0.000241
12162	0	0
12163	0	0
12164	0.000545	0.002416
12165	0	0
12166	0.000663	0
12167	0.000845	0.000116
12168	0.000784	0.002492
12169	0.000327	0
12170	0.000988	0.00139
12171	0	0
12172	0	0
12173	0.000236	0
12174	0	0
12175	0.000501	0.001911
12176	0.000556	0.000689
12177	0	0
12178	0	0
12179	0	0
12180	0	0
12181	0	0
12182	0	0
12183	0.000812	0.000111
12184	0	0
12185	0.000472	0.000351
12186	0.000379	0.001059
12187	0	0
12188	0.000736	0
12189	0.001809	0.000795
12190	0	0
12191	0	0
12192	0.001285	0.000623
12193	0	0
12194	0	0
12195	0	0
12196	0	0
12197	0	0
12198	0.001672	0.00098
12199	0.001242	0.000106
12200	0	0
12201	0.000523	0.000109
12202	0.000778	0.000652
12203	0.000913	0.000109
12204	0	0
12205	0	0
12206	0	0
12207	0.000604	0.000958
12208	0	0
12209	0.000852	0.000313
12210	0	0
12211	0	0
12212	0	0
12213	0.001188	0.000327
12214	0	0
12215	0.000897	0.000454
12216	0	0
12217	0	0
12218	0	0
12219	0	0
12220	0	0
12221	0.000959	0.000104
12222	0	0
12223	0	0
12224	0	0
12225	0.000725	0
12226	0.002423	0.000849
12227	0	0
12228	0.000659	0
12229	0	0
12230	0	0
12231	0	0
12232	0.000826	0.000103
12233	0	0
12234	0	0
12235	0.000424	0.000106
12236	0.001138	0.001096
12237	0	0
12238	0	0
12239	0	0
12240	0	0
12241	0	0
12242	0	0
12243	0.000405	0
12244	0.00041	0
12245	0.000249	0.000104
12246	0	0
12247	0.00092	0.0003
12248	0	0
12249	0	0
12250	0	0
12251	0	0
12252	0	0
12253	0	0
12254	0	0
12255	0.00041	0.000102
12256	0.000261	0.000325
12257	0.001372	0.001973
12258	0	0
12259	0.000522	0.000108
12260	0.001083	0.000108
12261	0.000216	0.000108
12262	0	0
12263	0.001589	0.00075
12264	0	0
12265	0	0
12266	0	0
12267	0	0
12268	0.001456	0
12269	0.000799	0.000423
12270	0.000752	0
12271	0.000997	0.000419
12272	0	0
12273	0	0
12274	0	0
12275	0.000312	0
12276	0.000675	0.000114
12277	0	0
12278	0.000173	0
12279	0	0
12280	0	0
12281	0	0
12282	0	0
12283	0.001252	0.001672
12284	0	0
12285	0.000866	0.000235
12286	0	0
12287	0.000425	0
12288	0	0
12289	0	0
12290	0	0
12291	0.000879	0
12292	0.001052	0
12293	0.000283	0
12294	0.000444	0.000383
12295	0.000648	0
12296	0	0
12297	0.000528	0
12298	0.001234	0
12299	0	0
12300	0.001036	0.000772
12301	0.00073	0.000404
12302	0	0
12303	0	0
12304	0	0
12305	0	0
12306	0	0
12307	0	0
12308	0	0
12309	0	0
12310	0	0
12311	0.000497	0.00093
12312	0.001247	0.000133
12313	0.000897	0
12314	0.000779	0.000283
12315	0.000299	0
12316	0.000125	0.001605
12317	0.000126	0.000906
12318	0.001259	0.001257
12319	0	0
12320	0	0
12321	0	0
12322	0	0
12323	0.000953	0
12324	0	0
12325	0	0
12326	0	0
12327	0	0
12328	0	0
12329	0.001575	0
12330	0	0
12331	0	0
12332	0	0
12333	0	0
12334	0.000228	0
12335	0.00091	0
12336	0	0
12337	0	0
12338	0.001408	0
12339	0	0
12340	0	0
12341	0	0
12342	0	0
12343	0	0
12344	0.000861	0
12345	0.001218	0
12346	0	0
12347	0	0
12348	0	0
12349	0	0
12350	0	0
12351	0.003172	0.000371
12352	0	0
12353	0	0
12354	0.002512	0.000998
12355	0	0
12356	0.003266	0.001808
12357	0	0
12358	0	0
12359	0	0
12360	0	0
12361	0	0
12362	0	0
12363	0	0
12364	0	0
12365	0.008736	0.003174
12366	0	0
12367	0	0
12368	0	0
12369	0	0
12370	0	0
12371	0	0
12372	0.999877	0.99986
12373	0	0
12374	0	0
12375	0.004919	0.003339
12376	0.00807	0.003635
12377	0	0
12378	0	0
12379	0	0
12380	0.007183	0.003392
12381	0	0
12382	0	0
12383	0.00355	0.001404
12384	0.006208	0.002151
12385	0	0
12386	0	0
12387	0	0
12388	0	0
12389	0	0
12390	0	0
12391	0	0
12392	0.004591	0.004903
12393	0	0
12394	0	0
12395	0.010092	0.00339
12396	0.008206	0.005174
12397	0	0
12398	0	0
12399	0	0
12400	0	0
12401	0	0
12402	0	0
12403	0	0
12404	0.00704	0.002587
12405	0	0
12406	0.001895	0.000724
12407	0.003059	0.000663
12408	0.003281	0.001734
12409	0	0
12410	0	0
12411	0	0
12412	0	0
12413	0	0
12414	0.007465	0.003422
12415	0	0
12416	0	0
12417	0	0
12418	0	0
12419	0	0
12420	0	0
12421	0	0
12422	0	0
12423	0	0
12424	0	0
12425	0	0
12426	0	0
12427	0.00535	0.003037
12428	0	0
12429	0	0
12430	0.004561	0.002328
12431	0	0
12432	0	0
12433	0	0
12434	0	0
12435	0	0
12436	0	0
12437	0	0
12438	0.004895	0.002119
12439	0.006153	0.00317
12440	0	0
12441	0.002292	0.000959
12442	0.001265	0.001408
12443	0.001519	0.0004
12444	0	0
12445	0	0
12446	0	0
12447	0	0
12448	0.004352	0.001231
12449	0	0
12450	0	0
12451	0	0
12452	0.004702	0.001047
12453	0.004161	0.002177
12454	0.000564	0.001083
12455	0.002542	0.001014
12456	0	0
12457	0.003912	0.003119
12458	0	0
12459	0	0
12460	0.003392	0.002672
12461	0	0
12462	0	0
12463	0	0
12464	0	0
12465	0	0
12466	0.007061	0.002271
12467	0.006099	0.003133
12468	0.005976	0.003732
12469	0	0
12470	0.00374	0.000822
12471	0.004725	0.001619
12472	0	0
12473	0.003093	0.001633
12474	0	0
12475	0	0
12476	0.002017	0.001645
12477	0.002744	0.001904
12478	0	0
12479	0.003766	0.00085
12480	0	0
12481	0.009266	0.00313
12482	0.00861	0.004839
12483	0	0
12484	0	0
12485	0	0
12486	0	0
12487	0	0
12488	0	0
12489	0	0
12490	0	0
12491	0	0
12492	0	0
12493	0	0
12494	0.005031	0.002012
12495	0	0
12496	0.003223	0.001125
12497	0.004429	0.003214
12498	0	0
12499	0	0
12500	0.004437	0.00185
12501	0.00139	0.00223
12502	0.001277	0.000768
12503	0.001078	0.001125
12504	0	0
12505	0	0
12506	0.00764	0.001954
12507	0	0
12508	0.000577	5.50E-05
12509	0	0
12510	0	0
12511	0	0
12512	0	0
12513	0	0
12514	0.001677	0.001805
12515	0	0
12516	0	0
12517	0.000969	0.000439
12518	0.002716	0.000623
12519	0.003267	0.000746
12520	0	0
12521	0.002754	0.001356
12522	0.004918	0.002092
12523	0	0
12524	0.002909	0.000777
12525	0	0
12526	0.007419	0.004125
12527	0	0
12528	0.00223	0.001286
12529	0	0
12530	0	0
12531	0	0
12532	0.003376	0.001623
12533	0.000633	0.000433
12534	0	0
12535	0	0
12536	0	0
12537	0	0
12538	0.004184	0.001845
12539	0.002338	0.001843
12540	0	0
12541	0.001442	0.000496
12542	0	0
12543	0	0
12544	0	0
12545	0	0
12546	0	0
12547	0	0
12548	0	0
12549	0	0
12550	0	0
12551	0	0
12552	0	0
12553	0	0
12554	0	0
12555	0	0
12556	0	0
12557	0	0
12558	0	0
12559	0	0
12560	0	0
12561	0.002381	0.001775
12562	0	0
12563	0.002719	0.001681
12564	0	0
12565	0.008884	0.003467
12566	0	0
12567	0	0
12568	0	0
12569	0.007993	0.002321
12570	0	0
12571	0	0
12572	0.005217	0.005307
12573	0	0
12574	0.003253	0.001157
12575	0.004808	0.003662
12576	0	0
12577	0	0
12578	0	0
12579	0	0
12580	0	0
12581	0.004864	0.002559
12582	0	0
12583	0.001316	0.001238
12584	0	0
12585	0	0
12586	0.005266	0.001786
12587	0	0
12588	0	0
12589	0.003872	0.001409
12590	0.006565	0.003664
12591	0	0
12592	0.009021	0.003709
12593	0	0
12594	0	0
12595	0	0
12596	0.00405	0.001777
12597	0	0
12598	0	0
12599	0.004135	0.00114
12600	0	0
12601	0.002842	0.001166
12602	0.003903	0.001655
12603	0	0
12604	0	0
12605	0.00393	0.001715
12606	0	0
12607	0	0
12608	0	0
12609	0.004274	0.00321
12610	0.000932	0.000365
12611	0.001402	0.000603
12612	0	0
12613	0.001192	0.001
12614	0	0
12615	0	0
12616	0.003564	0.001146
12617	0.002913	0.001247
12618	0.002309	0.001238
12619	0.002123	0.001039
12620	0.00369	0.001516
12621	0	0
12622	0.001072	0.0013
12623	0.001303	0.000672
12624	0.002147	0.002126
12625	0	0
12626	0	0
12627	0	0
12628	0.002808	0.001046
12629	0.000641	0.000904
12630	0.001327	0.001663
12631	0.004703	0.002428
12632	0	0
12633	0	0
12634	0	0
12635	0.003507	0.000986
12636	0	0
12637	0	0
12638	0.002666	0.001449
12639	0	0
12640	0.001577	0.000464
12641	0	0
12642	0	0
12643	0.005522	0.001422
12644	0.005099	0.001926
12645	0	0
12646	0.007686	0.002891
12647	0	0
12648	0	0
12649	0	0
12650	0.00257	0.000907
12651	0.001269	0.001386
12652	0.001306	0.000527
12653	0.000561	0.000433
12654	0	0
12655	0.003628	0.00254
12656	0	0
12657	0.002797	0.001408
12658	0	0
12659	0.002199	0.000543
12660	0	0
12661	0	0
12662	0	0
12663	0	0
12664	0.005679	0.003345
12665	0	0
12666	0	0
12667	0.002137	0.001326
12668	0	0
12669	0	0
12670	0	0
12671	0	0
12672	0	0
12673	0	0
12674	0	0
12675	0	0
12676	0	0
12677	0.003537	0.001389
12678	0.003538	0.001381
12679	0	0
12680	0	0
12681	0.003024	0.001331
12682	0	0
12683	0	0
12684	0.001633	0.001705
12685	0.002326	0.00053
12686	0.002891	0.002053
12687	0	0
12688	0.005506	0.003161
12689	0.006134	0.003676
12690	0	0
12691	0	0
12692	0	0
12693	0	0
12694	0.004201	0.001222
12695	0	0
12696	0.002607	0.001049
12697	0	0
12698	0.007105	0.001719
12699	0	0
12700	0	0
12701	0.003012	0.001657
12702	0	0
12703	0	0
12704	0.003434	0.00098
12705	0	0
12706	0.006657	0.002297
12707	0.006731	0.002358
12708	0	0
12709	0	0
12710	0.008632	0.0039
12711	0	0
12712	0	0
12713	0.003517	0.000866
12714	0.004998	0.002797
12715	0	0
12716	0	0
12717	0	0
12718	0	0
12719	0.003707	0.00105
12720	0	0
12721	0	0
12722	0.003896	0.001459
12723	0	0
12724	0	0
12725	0.002932	0.000963
12726	0	0
12727	0.008665	0.003189
12728	0.006291	0.002711
12729	0	0
12730	0.00082	0.000936
12731	0.0018	0.000458
12732	0.00252	0.001981
12733	0	0
12734	0	0
12735	0	0
12736	0.00287	0.002722
12737	0	0
12738	0.002635	0.000933
12739	0	0
12740	0	0
12741	0	0
12742	0	0
12743	0	0
12744	0	0
12745	0	0
12746	0.008433	0.003278
12747	0	0
12748	0.002697	0.000475
12749	0.003265	0.001118
12750	0	0
12751	0	0
12752	0	0
12753	0	0
12754	0	0
12755	0.003079	0.001471
12756	0.001179	0.001312
12757	0.001486	0.001149
12758	0.002045	0.001167
12759	0	0
12760	0	0
12761	0.004791	0.002797
12762	0	0
12763	0.000519	0.000591
12764	0.002146	0.002249
12765	0	0
12766	0.001514	0.000774
12767	0.001811	0.002828
12768	0	0
12769	0.001784	0.002686
12770	0	0
12771	0.002244	0.001627
12772	0.001083	0.001469
12773	0.001013	0.000693
12774	0	0
12775	0.001146	0.001544
12776	0.00115	0.000642
12777	0	0
12778	0.000804	0.000702
12779	0.001092	0.00116
12780	0	0
12781	0	0
12782	0.003535	0.001042
12783	0.004326	0.001419
12784	0	0
12785	0.00301	0.002065
12786	0	0
12787	0.002211	0.001034
12788	0	0
12789	0	0
12790	0.006568	0.002131
12791	0.006492	0.004096
12792	0	0
12793	0.009242	0.005536
12794	0.004971	0.00204
12795	4.90E-05	0.000121
12796	0	0
12797	3.70E-05	0
12798	0	0
12799	0	0
12800	6.00E-06	0
12801	0	0
12802	0	0
12803	0.00035	0.000211
12804	0.001864	0.000542
12805	0.001948	0.000926
12806	0.000488	0.000716
12807	0	0
12808	0.002585	0.000957
12809	0.000495	0.00074
12810	0	0
12811	0.003184	0.000701
12812	0	0
12813	0	0
12814	0.001567	0.000887
12815	0	0
12816	0	0
12817	0	0
12818	0.00215	0.002359
12819	0	0
12820	0.001891	0.001083
12821	0	0
12822	0	0
12823	0.001687	0.001092
12824	0	0
12825	0.002154	0.000732
12826	0.001802	0.00186
12827	0	0
12828	0	0
12829	0	0
12830	0	0
12831	0	0
12832	0	0
12833	0	0
12834	0	0
12835	0.003022	0.002103
12836	0	0
12837	0	0
12838	0.003925	0.00265
12839	0	0
12840	0	0
12841	0	0
12842	0.003678	0.00154
12843	0.004746	0.003408
12844	0	0
12845	0	0
12846	0	0
12847	0.002055	0.000953
12848	0	0
12849	0	0
12850	0	0
12851	0.004321	0.001009
12852	0	0
12853	0	0
12854	0.01035	0.004208
12855	0	0
12856	0.003173	0.001444
12857	0	0
12858	0	0
12859	0	0
12860	0	0
12861	0	0
12862	0	0
12863	0.002536	0.002464
12864	0.002121	0.002
12865	0	0
12866	0.003161	0.001624
12867	0	0
12868	0.000995	0.000322
12869	0.001562	0.002077
12870	0	0
12871	0.001088	0.000643
12872	0	0
12873	0.002271	0.001805
12874	0	0
12875	0.003476	0.001091
12876	0	0
12877	0.006126	0.00357
12878	0.000889	0.000734
12879	0.002084	0.001454
12880	0.003806	0.001306
12881	0.004437	0.001896
12882	0	0
12883	0	0
12884	0.004435	0.000789
12885	0	0
12886	0	0
12887	0.010964	0.006024
12888	0	0
12889	0.000887	0.000823
12890	0	0
12891	0	0
12892	0.007549	0.004912
12893	0.006924	0.003176
12894	0	0
12895	0.005009	0.003744
12896	0	0
12897	0	0
12898	0.003062	0.001008
12899	0.001196	0.001152
12900	0	0
12901	0.003462	0.002384
12902	0.003987	0.001551
12903	0.00612	0.002584
12904	0	0
12905	0.003075	0.001199
12906	0	0
12907	0	0
12908	0.008661	0.003028
12909	0	0
12910	0	0
12911	0	0
12912	0	0
12913	0.004283	0.002385
12914	0	0
12915	0	0
12916	0	0
12917	0	0
12918	0	0
12919	0.003659	0.000658
12920	0	0
12921	0	0
12922	0.002983	0.00095
12923	0.000582	0.000678
12924	0	0
12925	0.001772	0.001044
12926	0	0
12927	0	0
12928	0	0
12929	0	0
12930	0	0
12931	0	0
12932	0	0
12933	0	0
12934	0	0
12935	0	0
12936	0	0
12937	0	0
12938	0.00408	0.001481
12939	0	0
12940	0.003495	0.00182
12941	0	0
12942	0	0
12943	0	0
12944	0.004717	0.004912
12945	0.005289	0.002447
12946	0	0
12947	0.006911	0.005243
12948	0	0
12949	0	0
12950	0	0
12951	0	0
12952	0.001631	0.002347
12953	0	0
12954	0.004181	0.001852
12955	0	0
12956	0	0
12957	0.003494	0.001786
12958	0	0
12959	0	0
12960	0	0
12961	0	0
12962	0.002232	0.002295
12963	0	0
12964	0	0
12965	0.003746	0.001873
12966	0	0
12967	0	0
12968	0	0
12969	0	0
12970	0	0
12971	0	0
12972	0	0
12973	0	0
12974	0.002403	0.000501
12975	0	0
12976	0	0
12977	0.003377	0.001571
12978	0	0
12979	0.000695	0.000728
12980	0.001553	0.001129
12981	0	0
12982	0	0
12983	0.010239	0.003755
12984	0	0
12985	0	0
12986	0.00865	0.003823
12987	0	0
12988	0	0
12989	0.002966	0.002381
12990	0	0
12991	0.000955	0.002034
12992	0	0
12993	0	0
12994	0.001946	0.001377
12995	0	0
12996	0	0
12997	0.001799	0.001614
12998	0	0
12999	0	0
13000	0.000878	0.000607
13001	0.001813	0.001913
13002	0	0
13003	0	0
13004	0	0
13005	0	0
13006	0.004049	0.001396
13007	0	0
13008	0	0
13009	0.003118	0.002027
13010	0	0
13011	0	0
13012	0	0
13013	0	0
13014	0	0
13015	0.004765	0.00285
13016	0.005072	0.003544
13017	0	0
13018	0.001099	0.000321
13019	0.001145	0.000527
13020	0.002155	0.001185
13021	0	0
13022	0.006468	0.004484
13023	0	0
13024	0	0
13025	0	0
13026	0	0
13027	0	0
13028	0	0
13029	0	0
13030	0.005702	0.003342
13031	0.001255	0.001316
13032	0	0
13033	0	0
13034	0.007482	0.006396
13035	0	0
13036	0	0
13037	0	0
13038	0	0
13039	0.009965	0.0044
13040	0	0
13041	0	0
13042	0.001039	0.000645
13043	0	0
13044	0	0
13045	0	0
13046	0.00328	0.002712
13047	0	0
13048	0.000967	0.000805
13049	0	0
13050	0	0
13051	0.001644	0.001058
13052	0.00266	0.001969
13053	0	0
13054	0	0
13055	0	0
13056	0	0
13057	0	0
13058	0	0
13059	0	0
13060	0	0
13061	0	0
13062	0	0
13063	0.001482	0.001576
13064	0.002591	0.00058
13065	0	0
13066	0.006295	0.004518
13067	0	0
13068	0	0
13069	0.003445	0.002816
13070	0	0
13071	0	0
13072	0	0
13073	0.008241	0.00384
13074	0	0
13075	0	0
13076	0.004884	0.00519
13077	0	0
13078	0	0
13079	0	0
13080	0	0
13081	0.004951	0.00596
13082	0	0
13083	0	0
13084	0	0
13085	0.001953	0.002193
13086	0	0
13087	0	0
13088	0	0
13089	0.004179	0.001567
13090	0	0
13091	0.003804	0.000899
13092	0	0
13093	0.001173	0.000379
13094	0.001285	0.002116
13095	0.00175	0.001063
13096	0.000583	0.000674
13097	0.00172	0.001369
13098	0	0
13099	0.001381	0.00136
13100	0	0
13101	0	0
13102	0.000903	0.000374
13103	0.000966	0.000615
13104	0	0
13105	0	0
13106	0.00343	0.002295
13107	0	0
13108	0.008123	0.004329
13109	0.007399	0.002903
13110	0	0
13111	0.009352	0.003714
13112	0.008671	0.004173
13113	0	0
13114	0	0
13115	0.003906	0.001889
13116	0	0
13117	0	0
13118	0.005101	0.002214
13119	0	0
13120	0	0
13121	0.004212	0.003441
13122	0	0
13123	0.003861	0.002457
13124	0.004005	0.001899
13125	0	0
13126	0	0
13127	0	0
13128	0	0
13129	0	0
13130	0	0
13131	0	0
13132	0	0
13133	0.008942	0.00263
13134	0	0
13135	0.002725	0.003679
13136	0	0
13137	0	0
13138	0.001292	0.000816
13139	0	0
13140	0	0
13141	0	0
13142	0	0
13143	0.003997	0.001816
13144	0	0
13145	0.002038	0.001217
13146	0	0
13147	0	0
13148	0	0
13149	0	0
13150	0	0
13151	0.003769	0.003135
13152	0	0
13153	0	0
13154	0.00328	0.000735
13155	0	0
13156	0	0
13157	0	0
13158	0	0
13159	0	0
13160	0	0
13161	0.003565	0.001434
13162	0	0
13163	0.005224	0.002906
13164	0	0
13165	0	0
13166	0	0
13167	0	0
13168	0	0
13169	0.003029	0.00203
13170	0	0
13171	0.001641	0.000218
13172	0.001588	0.001153
13173	0	0
13174	0.003024	0.001646
13175	0.003619	0.000812
13176	0	0
13177	0.001528	0.001221
13178	0.000989	0.001383
13179	0	0
13180	0.001988	0.002126
13181	0	0
13182	0.002722	0.002555
13183	0	0
13184	0.002781	0.002311
13185	0	0
13186	0	0
13187	0	0
13188	0	0
13189	0	0
13190	0	0
13191	0.002579	0.001117
13192	0	0
13193	0.003728	0.001939
13194	0.000948	0.001268
13195	0.001934	0.000686
13196	0.003656	0.002567
13197	0	0
13198	0.001801	0.002442
13199	0	0
13200	0	0
13201	0.002654	0.00307
13202	0	0
13203	0	0
13204	0.001725	0.00102
13205	0.003255	0.001202
13206	0	0
13207	0.003586	0.002586
13208	0.002027	0.001658
13209	0	0
13210	0.001173	0.000943
13211	0	0
13212	0	0
13213	0	0
13214	0.007693	0.002761
13215	0.006634	0.001282
13216	0	0
13217	0	0
13218	0	0
13219	0	0
13220	0	0
13221	0	0
13222	0	0
13223	0	0
13224	0.002853	0.000378
13225	0.002162	0.001841
13226	0	0
13227	0	0
13228	0	0
13229	0.003161	0.000974
13230	0	0
13231	0	0
13232	0	0
13233	0	0
13234	0	0
13235	0	0
13236	0	0
13237	0	0
13238	0.003648	0.001492
13239	0	0
13240	0.001693	0.001312
13241	0.001876	0.000469
13242	0	0
13243	0.002441	0.001505
13244	0	0
13245	0	0
13246	0.005891	0.002232
13247	0.004599	0.004132
13248	0	0
13249	0.006497	0.002903
13250	0	0
13251	0	0
13252	0	0
13253	0	0
13254	0.002403	0.001652
13255	0.004259	0.002851
13256	0	0
13257	0	0
13258	0	0
13259	0.001636	0.00062
13260	0.002077	0.001713
13261	0	0
13262	0	0
13263	0	0
13264	0	0
13265	0.004368	0.001478
13266	0	0
13267	0.001174	0.000581
13268	0.001018	0.001162
13269	0	0
13270	0	0
13271	0.002492	0.001363
13272	0	0
13273	0	0
13274	0.003096	0.001944
13275	0	0
13276	0	0
13277	0.002528	0.001031
13278	0	0
13279	0.000634	0.000254
13280	0.001467	0.000142
13281	0.002596	0.001699
13282	0	0
13283	0	0
13284	0	0
13285	0	0
13286	0.004854	0.002388
13287	0	0
13288	0.001625	0.001207
13289	0.002827	0.002818
13290	0	0
13291	0	0
13292	0.003317	0.001951
13293	0	0
13294	0	0
13295	0	0
13296	0	0
13297	0	0
13298	0	0
13299	0	0
13300	0	0
13301	0	0
13302	0	0
13303	0	0
13304	0	0
13305	0	0
13306	0	0
13307	0.004936	0.001473
13308	0	0
13309	0.003036	0.001989
13310	0	0
13311	0	0
13312	0.002247	0.000369
13313	0.003122	0.000938
13314	0	0
13315	0	0
13316	0.004269	0.00185
13317	0.002272	0.001864
13318	0	0
13319	0	0
13320	0	0
13321	0	0
13322	0.002342	0.001344
13323	0	0
13324	0.003595	0.002203
13325	0.002329	0.001047
13326	0.002222	0.000383
13327	0	0
13328	0	0
13329	0	0
13330	0	0
13331	0	0
13332	0	0
13333	0.002832	0.002682
13334	0	0
13335	0	0
13336	0.005604	0.002447
13337	0.006422	0.002219
13338	0	0
13339	0.006337	0.001652
13340	0.005394	0.002026
13341	0	0
13342	0	0
13343	0	0
13344	0	0
13345	0.003321	0.002675
13346	0	0
13347	0	0
13348	0	0
13349	0.002358	0.001182
13350	0	0
13351	0	0
13352	0.003854	0.001597
13353	0	0
13354	0.002988	0.000351
13355	0.003024	0.001181
13356	0.004125	0.001752
13357	0	0
13358	0.001338	0.000856
13359	0.000964	0.001586
13360	0.000971	0.000585
13361	0.001482	0.000849
13362	0	0
13363	0.00272	0.000887
13364	0	0
13365	0	0
13366	0.001994	0.002072
13367	0.000803	0.000676
13368	0.001384	0.001332
13369	0.001781	0.001155
13370	0	0
13371	0	0
13372	0	0
13373	0.003243	0.001347
13374	0	0
13375	0	0
13376	0.005524	0.002673
13377	0	0
13378	0	0
13379	0	0
13380	0	0
13381	0	0
13382	0	0
13383	0	0
13384	0	0
13385	0.007652	0.002075
13386	0.004534	0.003035
13387	0	0
13388	0	0
13389	0	0
13390	0	0
13391	0	0
13392	0.002291	0.000501
13393	0.001	0.000355
13394	0	0
13395	0	0
13396	0	0
13397	0	0
13398	0	0
13399	0.001534	0.001268
13400	0	0
13401	0.00322	0.000791
13402	0	0
13403	0.001853	0.000937
13404	0.002686	0.000623
13405	0	0
13406	0.00187	0.001086
13407	0	0
13408	0	0
13409	0	0
13410	0	0
13411	0	0
13412	0.003152	0.001347
13413	0	0
13414	0.000725	0.001085
13415	0.000812	0.000554
13416	0	0
13417	0.00075	0.000727
13418	0.000965	0.000429
13419	0	0
13420	0	0
13421	0.003825	0.002015
13422	0	0
13423	0	0
13424	0.003086	0.001285
13425	0	0
13426	0	0
13427	0	0
13428	0	0
13429	0	0
13430	0	0
13431	0	0
13432	0	0
13433	0.003704	0.001269
13434	0	0
13435	0	0
13436	0	0
13437	0.005784	0.002157
13438	0	0
13439	0.004788	0.002076
13440	0	0
13441	0	0
13442	0	0
13443	0.003474	0.000551
13444	0.005027	0.001809
13445	0	0
13446	0	0
13447	0	0
13448	0	0
13449	0	0
13450	0.00803	0.003511
13451	0	0
13452	0	0
13453	0	0
13454	0.006646	0.002987
13455	0	0
13456	0	0
13457	0	0
13458	0	0
13459	0	0
13460	0.003612	0.001082
13461	0.002909	0.001193
13462	0.001056	0.00088
13463	0.003547	0.00313
13464	0	0
13465	0	0
13466	0.00226	0.001331
13467	0	0
13468	0	0
13469	0.004826	0.001486
13470	0	0
13471	0.002436	0.001484
13472	0	0
13473	0	0
13474	0.002951	0.001383
13475	0.003858	0.00101
13476	0	0
13477	0.002207	0.001815
13478	0	0
13479	0	0
13480	0.000548	0
13481	0.001021	0.000139
13482	0	0
13483	0	0
13484	0.002973	0.000257
13485	0	0
13486	0	0
13487	0	0
13488	0.00728	0.003381
13489	0.006413	0.002225
13490	0.005001	0.003219
13491	0	0
13492	0	0
13493	0.007706	0.002776
13494	0	0
13495	0	0
13496	0	0
13497	0	0
13498	0.000956	0.000508
13499	0.000811	0.001106
13500	0.001587	0.000627
13501	0.001579	0.00157
13502	0.002585	0.001928
13503	0	0
13504	0.006053	0.002745
13505	0	0
13506	0	0
13507	0.003567	0.0008
13508	0	0
13509	0	0
13510	0	0
13511	0	0
13512	0	0
13513	0.001916	0.000696
13514	0	0
13515	0	0
13516	0	0
13517	0	0
13518	0	0
13519	0	0
13520	0.002971	0.001634
13521	0	0
13522	0	0
13523	0.002816	0.001193
13524	0	0
13525	0.000655	0.000571
13526	0	0
13527	0	0
13528	0	0
13529	0	0
13530	0	0
13531	0.003043	0.003399
13532	0	0
13533	0	0
13534	0	0
13535	0	0
13536	0	0
13537	0	0
13538	0.004296	0.002334
13539	0	0
13540	0.002554	0.001395
13541	0	0
13542	0	0
13543	0.003681	0.001501
13544	0	0
13545	0	0
13546	0	0
13547	0	0
13548	0	0
13549	0	0
13550	0	0
13551	0	0
13552	0.001501	0.002245
13553	0	0
13554	0	0
13555	0.005742	0.004241
13556	0.00201	0.001503
13557	0	0
13558	0.001762	0.001609
13559	0	0
13560	0	0
13561	0	0
13562	0.007454	0.003503
13563	0	0
13564	0.002654	0.001372
13565	0	0
13566	0.006814	0.002289
13567	0	0
13568	0.002481	0.000881
13569	0.003727	0.00131
13570	0	0
13571	0	0
13572	0.003505	0.001333
13573	0	0
13574	0.005347	0.003931
13575	0	0
13576	0	0
13577	0.003517	0.001494
13578	0	0
13579	0.002866	0.001685
13580	0	0
13581	0.003356	0.001126
13582	0	0
13583	0	0
13584	0	0
13585	0.008163	0.002903
13586	0	0
13587	0	0
13588	0	0
13589	0.0061	0.003253
13590	0.00121	0.00192
13591	0	0
13592	0	0
13593	0	0
13594	0	0
13595	0.001863	0.00134
13596	0	0
13597	0.002287	0.002425
13598	0	0
13599	0	0
13600	0.005227	0.002159
13601	0	0
13602	0.003037	0.00129
13603	0	0
13604	0.002165	0.001331
13605	0	0
13606	0	0
13607	0	0
13608	0.003394	0.002267
13609	0	0
13610	0.001395	0.001386
13611	0	0
13612	0	0
13613	2.80E-05	0
13614	0	0
13615	0	0
13616	1.10E-05	0
13617	0.998778	0.999495
13618	0	0
13619	0.007347	0.002617
13620	0.007028	0.003487
13621	0	0
13622	0.005801	0.003931
13623	0	0
13624	0	0
13625	0	0
13626	0	0
13627	0	0
13628	0.007158	0.003386
13629	0	0
13630	0	0
13631	0	0
13632	0	0
13633	0.001031	0.000507
13634	0.001252	0.001583
13635	0.002262	0.000484
13636	0	0
13637	0	0
13638	0	0
13639	0	0
13640	0	0
13641	0.009603	0.005102
13642	0	0
13643	0.002773	0.001885
13644	0	0
13645	0.003592	0.001709
13646	0.009796	0.008017
13647	0	0
13648	0	0
13649	0	0
13650	0	0
13651	0	0
13652	0	0
13653	0	0
13654	0	0
13655	0.008251	0.004071
13656	0.008034	0.004323
13657	0	0
13658	0	0
13659	0.003825	0.001464
13660	0	0
13661	0	0
13662	0	0
13663	0	0
13664	0.004116	0.00301
13665	0.003654	0.002513
13666	0	0
13667	0	0
13668	0	0
13669	0.002588	0.004837
13670	0	0
13671	0	0
13672	0	0
13673	0	0
13674	0.004352	0.001683
13675	0	0
13676	0	0
13677	0	0
13678	0	0
13679	0	0
13680	0	0
13681	0	0
13682	0	0
13683	0	0
13684	0	0
13685	0.008765	0.004125
13686	0	0
13687	0	0
13688	0.004016	0.002702
13689	0	0
13690	0	0
13691	0	0
13692	0	0
13693	0	0
13694	0	0
13695	0	0
13696	0	0
13697	0.003257	0.001459
13698	0.003597	0.00112
13699	0	0
13700	0	0
13701	0	0
13702	0	0
13703	0.001685	0.001187
13704	0	0
13705	0	0
13706	0.006062	0.002436
13707	0.001354	0.000852
13708	0.002318	0.002671
13709	0	0
13710	0	0
13711	0.002891	0.002901
13712	0	0
13713	0	0
13714	0.001194	0.000937
13715	0.00154	0.001141
13716	0	0
13717	0	0
13718	0.00144	0.000482
13719	0	0
13720	0	0
13721	0.006614	0.003698
13722	0	0
13723	0.00268	0.000313
13724	0.003733	0.002949
13725	0	0
13726	0.003014	0.00208
13727	0	0
13728	0	0
13729	0.00046	8.00E-05
13730	0.001906	0.00116
13731	0	0
13732	0.004045	0.001359
13733	0.00342	0.003087
13734	0.005109	0.002312
13735	0	0
13736	0.006829	0.005201
13737	0	0
13738	0	0
13739	0.004115	0.003477
13740	0.005557	0.003967
13741	0	0
13742	0	0
13743	0.005027	0.001087
13744	0	0
13745	0	0
13746	0	0
13747	0	0
13748	0	0
13749	0	0
13750	0	0
13751	0.004111	0.001301
13752	0.004481	0.00107
13753	0.004845	0.002332
13754	0	0
13755	0	0
13756	0	0
13757	0	0
13758	0	0
13759	0.004125	0.002474
13760	0	0
13761	0	0
13762	0.004372	0.003701
13763	0	0
13764	0	0
13765	0	0
13766	0	0
13767	0	0
13768	0.006294	0.004962
13769	0.007351	0.006476
13770	0	0
13771	0	0
13772	0	0
13773	0	0
13774	0	0
13775	0	0
13776	0	0
13777	0	0
13778	0	0
13779	0	0
13780	0	0
13781	0.004721	0.003518
13782	0	0
13783	0	0
13784	0	0
13785	0	0
13786	0	0
13787	0.004652	0.003315
13788	0	0
13789	0.0101	0.007881
13790	0	0
13791	0	0
13792	0	0
13793	0.00878	0.003733
13794	0	0
13795	0	0
13796	0	0
13797	0	0
13798	0	0
13799	0.004577	0.00133
13800	0	0
13801	0	0
13802	0	0
13803	0	0
13804	0.002101	0.001823
13805	0	0
13806	0	0
13807	0	0
13808	0.009818	0.00578
13809	0	0
13810	0.003593	0.003979
13811	0	0
13812	0.002393	0.002516
13813	0.002413	0.002339
13814	0.002273	0.001842
13815	0	0
13816	0	0
13817	0	0
13818	0.004904	0.004893
13819	0.006346	0.003362
13820	0.006526	0.003039
13821	0	0
13822	0	0
13823	0.002959	0.002487
13824	0	0
13825	0.000861	0.00031
13826	0.000695	8.20E-05
13827	0	0
13828	0	0
13829	0.002529	0.002675
13830	0.004552	0.000906
13831	0	0
13832	0.009536	0.004341
13833	0	0
13834	0	0
13835	0	0
13836	0	0
13837	0.002517	0.00211
13838	0	0
13839	0	0
13840	0	0
13841	0.001949	0.001308
13842	0	0
13843	0.001231	0.001093
13844	0	0
13845	0	0
13846	0	0
13847	0.00716	0.004076
13848	0	0
13849	0	0
13850	0	0
13851	0	0
13852	0.005651	0.003464
13853	0	0
13854	0	0
13855	0	0
13856	0.008777	0.00376
13857	0	0
13858	0	0
13859	0	0
13860	0	0
13861	0	0
13862	0	0
13863	0	0
13864	0	0
13865	0	0
13866	0	0
13867	0	0
13868	0.003607	0.001699
13869	0.004729	0.002554
13870	0	0
13871	0	0
13872	0	0
13873	0	0
13874	0.003014	0.001612
13875	0	0
13876	0	0
13877	0	0
13878	0	0
13879	0.004268	0.002261
13880	0	0
13881	0	0
13882	0	0
13883	0	0
13884	0	0
13885	0	0
13886	1.20E-05	0
13887	0	0
13888	0	0
13889	0.999641	0.998886
13890	0	0
13891	0	0
13892	0	0
13893	0	0
13894	0.002331	0.00129
13895	0.002659	0.002095
13896	0.002829	0.001488
13897	0.004118	0.001539
13898	0	0
13899	0.002494	0.002067
13900	0.003083	0.00067
13901	0.004054	0.002012
13902	0	0
13903	0.007145	0.004483
13904	0	0
13905	0	0
13906	0	0
13907	0	0
13908	0	0
13909	0	0
13910	0.003193	0.002062
13911	0	0
13912	0	0
13913	0.003396	0.002089
13914	0	0
13915	0.001174	0.000388
13916	0.001671	0.001354
13917	0	0
13918	0.003006	0.001055
13919	0.002974	0.000155
13920	0	0
13921	0.006539	0.002196
13922	0	0
13923	0	0
13924	0	0
13925	0	0
13926	0.006653	0.002074
13927	0	0
13928	0.002254	0.001975
13929	0	0
13930	0	0
13931	0.003639	0.002315
13932	0	0
13933	0	0
13934	0	0
13935	0	0
13936	0	0
13937	0	0
13938	0	0
13939	0	0
13940	0.003974	0.003913
13941	0	0
13942	0	0
13943	0	0
13944	0	0
13945	0	0
13946	0.00333	0.00262
13947	0	0
13948	0	0
13949	0	0
13950	0	0
13951	0.00718	0.002655
13952	0	0
13953	0.002356	0.000578
13954	0	0
13955	0.006611	0.003713
13956	0	0
13957	0.000863	0.001333
13958	0.001458	0.002422
13959	0	0
13960	0	0
13961	0.005293	0.002243
13962	0.004374	0.00298
13963	0	0
13964	0.006601	0.002707
13965	0.005377	0.003711
13966	0	0
13967	0	0
13968	0.002021	0.002435
13969	0	0
13970	0.002183	0.001931
13971	0	0
13972	0	0
13973	0	0
13974	0	0
13975	0	0
13976	0	0
13977	0	0
13978	0	0
13979	0.004305	0.002735
13980	0.005693	0.003065
13981	0	0
13982	0	0
13983	0	0
13984	0	0
13985	0.005996	0.002455
13986	0	0
13987	0	0
13988	0.002884	0.001355
13989	0	0
13990	0	0
13991	0.005955	0.002084
13992	0	0
13993	0	0
13994	0.005823	0.002916
13995	0	0
13996	0.001411	0.001361
13997	0	0
13998	0	0
13999	0	0
14000	0.004508	0.00158
14001	0	0
14002	0	0
14003	0	0
14004	0	0
14005	0.005433	0.001556
14006	0.001352	0.000718
14007	0	0
14008	0	0
14009	0.003105	0.001233
14010	0	0
14011	0.001445	0.000197
14012	0	0
14013	0	0
14014	0	0
14015	0	0
14016	0.002102	0.001231
14017	0	0
14018	0.002504	0.000747
14019	0	0
14020	0.002486	0.001008
14021	0.003227	0.00136
14022	0	0
14023	0	0
14024	0	0
14025	0.006358	0.00269
14026	0	0
14027	0	0
14028	0	0
14029	0	0
14030	0	0
14031	0	0
14032	0	0
14033	0.003057	0.00086
14034	0.003204	0.000957
14035	0.003479	0.002434
14036	0	0
14037	0	0
14038	0	0
14039	0	0
14040	0.003376	0.001164
14041	0	0
14042	0	0
14043	0	0
14044	0	0
14045	0	0
14046	0	0
14047	0	0
14048	0.002965	0.000417
14049	0	0
14050	0.005094	0.003128
14051	0	0
14052	0	0
14053	0	0
14054	0	0
14055	0	0
14056	0.005243	0.00229
14057	0	0
14058	0	0
14059	0	0
14060	0.002848	0.001186
14061	0	0
14062	0	0
14063	0.00286	0.001204
14064	0	0
14065	0	0
14066	0	0
14067	0	0
14068	0.003573	0.001953
14069	0	0
14070	0	0
14071	0	0
14072	0	0
14073	0	0
14074	0	0
14075	0	0
14076	0	0
14077	0	0
14078	0	0
14079	0	0
14080	0.000596	0.000534
14081	0.002566	0.001681
14082	0	0
14083	0	0
14084	0.002161	0.001025
14085	0	0
14086	0	0
14087	0.001568	0.001973
14088	0.002336	0.00107
14089	0	0
14090	0	0
14091	0	0
14092	0	0
14093	0.002723	0.000947
14094	0.004548	0.000784
14095	0.003763	0.004238
14096	0	0
14097	0	0
14098	0.002735	0
14099	0.004903	0.001743
14100	0	0
14101	0	0
14102	0.006958	0.002836
14103	0	0
14104	0.007876	0.001953
14105	0	0
14106	0.009375	0.005105
14107	0.006532	0.003006
14108	0.004855	0.002199
14109	0	0
14110	0.008464	0.003719
14111	0.007098	0.001587
14112	0	0
14113	0.008889	0.00344
14114	0.006064	0.004857
14115	0	0
14116	0	0
14117	0	0
14118	0	0
14119	0	0
14120	0.002763	0.001231
14121	0	0
14122	0	0
14123	0.003121	0.000992
14124	0	0
14125	0	0
14126	0.006356	0.002861
14127	0	0
14128	0	0
14129	0	0
14130	0	0
14131	0	0
14132	0.0066	0.001244
14133	0	0
14134	0	0
14135	0.002794	0.000767
14136	0	0
14137	0	0
14138	0.006228	0.002269
14139	0	0
14140	0	0
14141	0.002795	0.000926
14142	0	0
14143	0	0
14144	0	0
14145	0	0
14146	0.00306	0.000771
14147	0	0
14148	0	0
14149	0	0
14150	0	0
14151	0.007781	0.002865
14152	0	0
14153	0.002197	0.002106
14154	0.003537	0.002674
14155	0	0
14156	0	0
14157	0	0
14158	0	0
14159	0	0
14160	0.003029	0.003134
14161	0	0
14162	0.002536	0.001061
14163	0	0
14164	0	0
14165	0	0
14166	0.003919	0.000546
14167	0	0
14168	0.004883	0.002516
14169	0	0
14170	0	0
14171	0	0
14172	0.0037	0.00138
14173	0.003543	0.00292
14174	0	0
14175	0	0
14176	0	0
14177	0	0
14178	0.003601	0.001906
14179	0	0
14180	0.002498	0.001378
14181	0	0
14182	0.002163	0.001729
14183	0	0
14184	0	0
14185	0	0
14186	0	0
14187	0	0
14188	0	0
14189	0	0
14190	0	0
14191	0	0
14192	0	0
14193	0	0
14194	0	0
14195	0	0
14196	0	0
14197	0.001909	0.000347
14198	0.001186	0.000758
14199	0.001171	0.000997
14200	0.003	0.002097
14201	0	0
14202	0	0
14203	0	0
14204	0	0
14205	0	0
14206	0	0
14207	0.002098	0.003014
14208	0.002524	0.000928
14209	0	0
14210	0	0
14211	0	0
14212	0.003358	0.003609
14213	0	0
14214	0	0
14215	0.003816	0.001637
14216	0	0
14217	0	0
14218	0.00385	0.002452
14219	0	0
14220	0	0
14221	0.003105	0.001406
14222	0	0
14223	0	0
14224	0	0
14225	0	0
14226	0.00348	0.003901
14227	0	0
14228	0	0
14229	0	0
14230	0	0
14231	0.003792	0.001586
14232	0	0
14233	0	0
14234	0.002599	0.001722
14235	0	0
14236	0	0
14237	0.003412	0.000711
14238	0	0
14239	0	0
14240	0	0
14241	0	0
14242	0	0
14243	0.003958	0.00179
14244	0	0
14245	0	0
14246	0	0
14247	0	0
14248	0	0
14249	0.003675	0.002713
14250	0	0
14251	0	0
14252	0	0
14253	0	0
14254	0	0
14255	0	0
14256	0.003583	0.002079
14257	0	0
14258	0.001253	0.001464
14259	0.001405	0.000564
14260	0	0
14261	0.003203	0.000568
14262	0	0
14263	0	0
14264	0.00872	0.004444
14265	0	0
14266	0	0
14267	0	0
14268	0.002267	0.00024
14269	0	0
14270	0	0
14271	0.003361	0.000929
14272	0	0
14273	0	0
14274	0	0
14275	0	0
14276	0	0
14277	0	0
14278	0.00724	0.003418
14279	0.002291	0.0017
14280	0	0
14281	0	0
14282	0	0
14283	0	0
14284	0	0
14285	0.005775	0.004124
14286	0	0
14287	0.007425	0.001914
14288	0	0
14289	0	0
14290	0.007411	0.00394
14291	0.007392	0.003289
14292	0	0
14293	0	0
14294	0.004221	0.001128
14295	0	0
14296	0	0
14297	0	0
14298	0.004158	0.001075
14299	0.005165	0.002951
14300	0	0
14301	0.002459	0.000919
14302	0.004584	0.004302
14303	0	0
14304	0	0
14305	0.002807	0.002275
14306	0	0
14307	0.003668	0.00115
14308	0.005238	0.00403
14309	0	0
14310	0	0
14311	0.007321	0.003232
14312	0	0
14313	0	0
14314	0	0
14315	0	0
14316	0.004624	0.00275
14317	0	0
14318	0.003027	0.001313
14319	0.002083	0.000999
14320	0	0
14321	0	0
14322	0	0
14323	0.00184	0.00058
14324	0.002788	0.001849
14325	0.002605	0.001665
14326	0.004179	0.00039
14327	0	0
14328	0	0
14329	0	0
14330	0	0
14331	0	0
14332	0	0
14333	0	0
14334	0	0
14335	0	0
14336	0	0
14337	0	0
14338	0	0
14339	0	0
14340	0	0
14341	0	0
14342	0	0
14343	0	0
14344	0	0
14345	0.004652	0.000849
14346	0	0
14347	0	0
14348	0.004963	0.002114
14349	0	0
14350	0	0
14351	0.003383	0.000717
14352	0	0
14353	0.012941	0.005355
14354	0.006264	0.002453
14355	0.006494	0.003485
14356	0	0
14357	0	0
14358	0	0
14359	0	0
14360	0	0
14361	0	0
14362	0	0
14363	0	0
14364	0.003536	0.003459
14365	0	0
14366	0	0
14367	0	0
14368	0	0
14369	0	0
14370	0	0
14371	0.003848	0.001235
14372	0	0
14373	0	0
14374	0.008135	0.002712
14375	0	0
14376	0	0
14377	0	0
14378	0.005663	0.002761
14379	0	0
14380	0	0
14381	0	0
14382	0.004528	0.000628
14383	0	0
14384	0.003567	0.003794
14385	0	0
14386	0.003737	0.001154
14387	0	0
14388	0	0
14389	0	0
14390	0	0
14391	0	0
14392	0	0
14393	0	0
14394	0	0
14395	0.004225	0.002087
14396	0	0
14397	0	0
14398	0	0
14399	0	0
14400	0	0
14401	0	0
14402	0	0
14403	0.003638	0.003684
14404	0	0
14405	0	0
14406	0	0
14407	0	0
14408	0	0
14409	0	0
14410	0.0032	0.00277
14411	0	0
14412	0	0
14413	0	0
14414	0.006124	0.001971
14415	0	0
14416	0	0
14417	0	0
14418	0	0
14419	0	0
14420	0	0
14421	0	0
14422	0.005923	0.002439
14423	0.002424	0.001634
14424	0	0
14425	0	0
14426	0	0
14427	0	0
14428	0	0
14429	0	0
14430	0	0
14431	0.003902	0.00098
14432	0.002684	0.001823
14433	0	0
14434	0	0
14435	0.004978	0.003431
14436	0	0
14437	0	0
14438	0.00099	0.000908
14439	0.001141	0.000709
14440	0	0
14441	0.003106	0.002903
14442	0	0
14443	0	0
14444	0.004056	0.001192
14445	0	0
14446	0	0
14447	0.007538	0.003429
14448	0	0
14449	0	0
14450	0	0
14451	0.005656	0.002766
14452	0	0
14453	0.001957	0.000887
14454	0	0
14455	0	0
14456	0	0
14457	0.003946	0.001326
14458	0	0
14459	0.002083	0.001699
14460	0	0
14461	0.002263	0.001004
14462	0.001469	0.001122
14463	0.002902	0.000982
14464	0	0
14465	0.001202	0.000212
14466	0.002317	0.001138
14467	0	0
14468	0.002951	0.000963
14469	0	0
14470	0.003138	0.003169
14471	0	0
14472	0	0
14473	0	0
14474	0	0
14475	0	0
14476	0.000578	0.001347
14477	0	0
14478	0	0
14479	0	0
14480	0	0
14481	0	0
14482	0	0
14483	0	0
14484	0.00504	0.001512
14485	0	0
14486	0	0
14487	0.004672	0.001406
14488	0.005395	0.003747
14489	0	0
14490	0	0
14491	0	0
14492	0	0
14493	0	0
14494	0.008048	0.002909
14495	0	0
14496	0	0
14497	0	0
14498	0.004059	0.001022
14499	0	0
14500	0	0
14501	0	0
14502	0.004096	0.001295
14503	0.010551	0.008134
14504	0	0
14505	0	0
14506	0	0
14507	0	0
14508	0	0
14509	0	0
14510	0	0
14511	0	0
14512	0.006823	0.001814
14513	0	0
14514	0.004	0.002516
14515	0.003863	0.001357
14516	0	0
14517	0	0
14518	0	0
14519	0	0
14520	0	0
14521	0	0
14522	0	0
14523	0.00566	0.001706
14524	0	0
14525	0.003052	0.000799
14526	0	0
14527	0	0
14528	0	0
14529	0	0
14530	0.012654	0.00349
14531	0	0
14532	0	0
14533	0	0
14534	0	0
14535	0	0
14536	0	0
14537	0	0
14538	0	0
14539	0	0
14540	0.005297	0.002623
14541	0.005588	0.002207
14542	0	0
14543	0	0
14544	0.001998	0.001596
14545	0	0
14546	0	0
14547	0.003624	0.001558
14548	0	0
14549	0	0
14550	0.003422	0.001002
14551	0	0
14552	0	0
14553	0	0
14554	0	0
14555	0	0
14556	0	0
14557	0	0
14558	0	0
14559	0	0
14560	0.00246	0.001149
14561	0	0
14562	0	0
14563	0	0
14564	0	0
14565	0	0
14566	0	0
14567	0	0
14568	0	0
14569	0.0033	0.002183
14570	0	0
14571	0.003732	0.002025
14572	0	0
14573	0	0
14574	0	0
14575	0	0
14576	0	0
14577	0.004336	0.001269
14578	0	0
14579	0	0
14580	0	0
14581	0.005291	0.003116
14582	0	0
14583	0	0
14584	0.005194	0.002562
14585	0	0
14586	0	0
14587	0	0
14588	0	0
14589	0	0
14590	0	0
14591	0	0
14592	0	0
14593	0	0
14594	0.004471	0.000335
14595	0	0
14596	0	0
14597	0	0
14598	0.004515	0.002647
14599	0	0
14600	0.000597	0.000789
14601	0.000399	0.000132
14602	0	0
14603	0.000765	0.000665
14604	0	0
14605	0	0
14606	0.000308	0.000146
14607	0.001428	0.000684
14608	0	0
14609	0.002893	0.002912
14610	0.003494	0.001912
14611	0	0
14612	0.001243	0.000597
14613	0	0
14614	0	0
14615	0.000747	0.001308
14616	0	0
14617	0	0
14618	0	0
14619	0	0
14620	0	0
14621	0	0
14622	0	0
14623	0	0
14624	0	0
14625	0	0
14626	0	0
14627	0	0
14628	0	0
14629	0	0
14630	0	0
14631	0	0
14632	0	0
14633	0	0
14634	0.005245	0.000499
14635	0.006064	0.004293
14636	0	0
14637	0	0
14638	0.004627	0.001802
14639	0	0
14640	0	0
14641	0	0
14642	0	0
14643	0	0
14644	0	0
14645	0	0
14646	0	0
14647	0	0
14648	0	0
14649	0.005081	0.002702
14650	0	0
14651	0	0
14652	0	0
14653	0	0
14654	0	0
14655	0.002052	0.000921
14656	0	0
14657	0	0
14658	0	0
14659	0	0
14660	0	0
14661	0	0
14662	0	0
14663	0.002188	0.000266
14664	0	0
14665	0	0
14666	0.005224	0.002806
14667	0	0
14668	0	0
14669	0	0
14670	0.004014	0.00199
14671	0	0
14672	0	0
14673	0.005167	0.00139
14674	0.00645	0.001401
14675	0	0
14676	0.002004	0.000866
14677	0.002857	0.001449
14678	0	0
14679	0.007121	0.005566
14680	0	0
14681	0.001886	0.000733
14682	0	0
14683	0	0
14684	0	0
14685	0.000906	0.001005
14686	0.001177	0.000744
14687	0	0
14688	0	0
14689	0.002232	0.001032
14690	0	0
14691	0	0
14692	0	0
14693	0	0
14694	0	0
14695	0	0
14696	0	0
14697	0	0
14698	0.001997	0.003036
14699	0	0
14700	0	0
14701	0	0
14702	0	0
14703	0	0
14704	0.001677	0.001536
14705	0.00071	0.000405
14706	0	0
14707	0.003466	0.000398
14708	0	0
14709	0.001613	0
14710	0.001234	0.001479
14711	0	0
14712	0	0
14713	0	0
14714	0	0
14715	0	0
14716	0	0
14717	0	0
14718	0	0
14719	0.001312	0.00055
14720	0	0
14721	0.000935	0.000682
14722	0.001163	0.001926
14723	0.001183	0.001467
14724	0.000504	0.000311
14725	0.000856	0.000318
14726	0	0
14727	0.001069	0.000212
14728	0.001618	0.001816
14729	0.001833	0.000652
14730	0	0
14731	0	0
14732	0	0
14733	0	0
14734	0.005281	0.002527
14735	0	0
14736	0	0
14737	0	0
14738	0	0
14739	0.000576	0.00025
14740	0	0
14741	0	0
14742	0	0
14743	0	0
14744	0	0
14745	0	0
14746	0	0
14747	0	0
14748	0.003086	0
14749	0.002375	0
14750	0	0
14751	0	0
14752	0	0
14753	0	0
14754	0	0
14755	0	0
14756	0	0
14757	0.004625	0
14758	0	0
14759	0	0
14760	1.90E-05	0
14761	0	0
14762	0	0
14763	0	0
14764	0	0
14765	0	0
14766	0	0
14767	0.004376	0.002356
14768	0	0
14769	0	0
14770	0	0
14771	0	0
14772	0	0
14773	0	0
14774	0	0
14775	0.010229	0.006158
14776	0	0
14777	0	0
14778	0.004245	0.002372
14779	0	0
14780	0	0
14781	0	0
14782	0	0
14783	0.004518	0.000982
14784	0.005716	0.003718
14785	0	0
14786	0	0
14787	0	0
14788	0	0
14789	0	0
14790	0	0
14791	0	0
14792	0	0
14793	0	0
14794	0	0
14795	0.004527	0.00198
14796	0	0
14797	0	0
14798	0.004469	0.001377
14799	0.005368	0.003618
14800	0	0
14801	0	0
14802	0.004821	0.001122
14803	0	0
14804	0.000988	0.000258
14805	0	0
14806	0	0
14807	0	0
14808	0.009295	0.003087
14809	0	0
14810	0	0
14811	0	0
14812	0	0
14813	0	0
14814	0	0
14815	0	0
14816	0	0
14817	0	0
14818	0	0
14819	0.005467	0.003663
14820	0	0
14821	0	0
14822	0	0
14823	0	0
14824	0	0
14825	0	0
14826	0.005042	0.00197
14827	0	0
14828	0.013579	0.004088
14829	0	0
14830	0	0
14831	0.002717	0.001382
14832	0	0
14833	0	0
14834	0.002878	0.001124
14835	0.000633	0.000235
14836	0	0
14837	0.0015	0.00142
14838	0.00057	0.000231
14839	0	0
14840	0	0
14841	0	0
14842	0	0
14843	0.007881	0.002834
14844	0.008383	0.007023
14845	0	0
14846	0.000669	0.001847
14847	0.001204	0.001435
14848	0	0
14849	0.00418	0.002543
14850	0	0
14851	0	0
14852	0	0
14853	0.006781	0.002484
14854	0	0
14855	0	0
14856	0.015221	0.00423
14857	0.008843	0.004603
14858	0.001111	0.000594
14859	0.001099	0.000301
14860	0	0
14861	0.001008	0.001108
14862	0	0
14863	0	0
14864	0.002871	0.001735
14865	0.002377	0.001614
14866	0	0
14867	0	0
14868	0.006713	0.003801
14869	0.002828	0.002753
14870	0	0
14871	0.00441	0.002368
14872	0	0
14873	0	0
14874	0.012801	0.004528
14875	0	0
14876	0	0
14877	0	0
14878	0	0
14879	0	0
14880	0.005105	0.002229
14881	0	0
14882	0	0
14883	0	0
14884	0	0
14885	0	0
14886	0	0
14887	0	0
14888	0.001176	0.000544
14889	0.000746	0.001102
14890	0	0
14891	0	0
14892	0.006485	0.002602
14893	0	0
14894	0.005443	0.001697
14895	0.006213	0.002694
14896	0	0
14897	0	0
14898	0.009263	0.003298
14899	0	0
14900	0.002485	0.001079
14901	0	0
14902	0	0
14903	0	0
14904	0.002898	0.001098
14905	0.004037	0.003682
14906	0	0
14907	0	0
14908	0	0
14909	0.0076	0.002678
14910	0	0
14911	0	0
14912	0.003889	0.001222
14913	0	0
14914	0	0
14915	0	0
14916	0	0
14917	0	0
14918	0.001409	0.001004
14919	0	0
14920	0	0
14921	0.001344	0.001152
14922	0	0
14923	0	0
14924	0.004988	0.002462
14925	0	0
14926	0	0
14927	0	0
14928	0	0
14929	0	0
14930	0.002306	0.003643
14931	0	0
14932	0	0
14933	0.006406	0.004217
14934	0.006617	0.004115
14935	0.004257	0.003621
14936	0.003903	0.00254
14937	0	0
14938	0	0
14939	0.00274	0.002331
14940	0	0
14941	0	0
14942	0	0
14943	0.005144	0.00101
14944	0	0
14945	0.002728	0.003421
14946	0	0
14947	0	0
14948	0	0
14949	0	0
14950	0	0
14951	0	0
14952	0.004762	0.001737
14953	0	0
14954	0	0
14955	0	0
14956	0.005433	0.001399
14957	0	0
14958	0.001181	0.000621
14959	0	0
14960	0.000689	0.000415
14961	0	0
14962	0	0
14963	0.001793	0.001907
14964	0.001405	0.000887
14965	0	0
14966	0	0
14967	0	0
14968	0.004299	0.001769
14969	0.005975	0.003279
14970	0	0
14971	0.001845	0.00091
14972	0.000844	0.000434
14973	0.001322	0.00116
14974	0	0
14975	0.002642	0.001984
14976	0.001015	0.000811
14977	0	0
14978	0	0
14979	0.005165	0.001626
14980	0	0
14981	0	0
14982	0.006642	0.003252
14983	0	0
14984	0	0
14985	0.004733	0.003956
14986	0	0
14987	0.004623	0.001933
14988	0	0
14989	0	0
14990	0	0
14991	0.009954	0.00486
14992	0.005737	0.003552
14993	0	0
14994	0	0
14995	0	0
14996	0.000981	0.001263
14997	0	0
14998	0	0
14999	0	0
15000	0	0
15001	0.003202	0.002808
15002	0.001844	0.001578
15003	0.003934	0.00266
15004	0	0
15005	0.001446	0.001704
15006	0	0
15007	0	0
15008	0.004413	0.002181
15009	0	0
15010	0	0
15011	0	0
15012	0.005745	0.002954
15013	0	0
15014	0.003539	0.001052
15015	0.004553	0.002356
15016	0	0
15017	0.012733	0.00513
15018	0.00958	0.004909
15019	0.009308	0.005327
15020	0	0
15021	0.003841	0.000717
15022	0	0
15023	0.007066	0.002543
15024	0.003021	0.002233
15025	0	0
15026	0	0
15027	0.003795	0.003886
15028	0	0
15029	0.007276	0.004923
15030	0.00855	0.004567
15031	0	0
15032	0	0
15033	0.008542	0.004101
15034	0	0
15035	0	0
15036	0	0
15037	0	0
15038	0	0
15039	0.005553	0.001612
15040	0	0
15041	0.000897	0.00154
15042	0.000511	0.001204
15043	0.001319	0.001735
15044	0	0
15045	0.000976	0.000511
15046	0	0
15047	0.001002	0.000796
15048	0.001218	0.001368
15049	0	0
15050	0	0
15051	0.006938	0.003375
15052	0	0
15053	0.003955	0.001251
15054	0	0
15055	0.003299	0.001737
15056	0.004621	0.002851
15057	0	0
15058	0	0
15059	0.001172	0.000907
15060	0.002261	0.001411
15061	0	0
15062	0.004533	0.001939
15063	0	0
15064	0	0
15065	0.004643	0.001875
15066	0.004831	0.003347
15067	0.00612	0.00251
15068	0	0
15069	0.007713	0.004071
15070	0	0
15071	0.012279	0.005349
15072	0	0
15073	0	0
15074	0.005832	0.002199
15075	0	0
15076	0	0
15077	0.001143	0.000733
15078	0	0
15079	0	0
15080	0	0
15081	0	0
15082	0	0
15083	0.006364	0.003777
15084	0.000922	0.000852
15085	0	0
15086	0	0
15087	0	0
15088	0	0
15089	0	0
15090	0.013769	0.010027
15091	0	0
15092	0.002315	0.001843
15093	0.002293	0.001974
15094	0	0
15095	0	0
15096	0.003875	0.00116
15097	0.004944	0.002612
15098	0	0
15099	0.003096	0.002812
15100	0	0
15101	0	0
15102	0.013822	0.009001
15103	0	0
15104	0	0
15105	0.006631	0.002607
15106	0.002723	0.002033
15107	0	0
15108	0.004433	0.002243
15109	0.003518	0.003011
15110	0.002352	0.003079
15111	0	0
15112	0	0
15113	0	0
15114	0	0
15115	0.007356	0.003206
15116	0	0
15117	0.004488	0.002496
15118	0	0
15119	0.00136	0.000825
15120	0	0
15121	0	0
15122	0	0
15123	0	0
15124	0	0
15125	0.001829	0.000456
15126	0	0
15127	0	0
15128	0.006255	0.002044
15129	0.008706	0.003929
15130	0	0
15131	0	0
15132	0.005579	0.002014
15133	0	0
15134	0.000793	0.00018
15135	0.001614	0.001392
15136	0	0
15137	0.004459	0.002448
15138	0	0
15139	0.003079	0.001722
15140	0.002223	0.001734
15141	0.002715	0.001654
15142	0	0
15143	0	0
15144	0.013668	0.007319
15145	0	0
15146	0	0
15147	0	0
15148	0.003327	0.003244
15149	0.003393	0.002025
15150	0.001261	0.001242
15151	0	0
15152	0.001072	0.000568
15153	0.002091	0.002849
15154	0	0
15155	0	0
15156	0	0
15157	0	0
15158	0	0
15159	0.004589	0.002185
15160	0	0
15161	0.003304	0.001089
15162	0	0
15163	0	0
15164	0.004075	0.001226
15165	0.005872	0.003022
15166	0	0
15167	0.008203	0.004704
15168	0.001519	0.001585
15169	0	0
15170	0.003056	0.003069
15171	0.004431	0.004416
15172	0.003286	0.003982
15173	0.002932	0.002467
15174	0	0
15175	0	0
15176	0	0
15177	0	0
15178	0	0
15179	0.001112	0.000702
15180	0.002058	0.001032
15181	0	0
15182	0	0
15183	0.003396	0.001474
15184	0.004865	0.002923
15185	0	0
15186	0	0
15187	0	0
15188	0	0
15189	0	0
15190	0	0
15191	0.006819	0.002486
15192	0.007118	0.003984
15193	0	0
15194	0	0
15195	0.005417	0.005002
15196	0	0
15197	0.007135	0.005941
15198	0	0
15199	0	0
15200	0.003114	0.003769
15201	0	0
15202	0	0
15203	0	0
15204	0.005191	0.003205
15205	0	0
15206	0	0
15207	0	0
15208	0	0
15209	0.004911	0.002305
15210	0	0
15211	0	0
15212	0	0
15213	8.80E-05	0
15214	0.00105	0.000814
15215	0.000822	0.000757
15216	5.00E-06	0
15217	2.20E-05	0
15218	0	0
15219	0	0
15220	0	0
15221	0.000713	0.00049
15222	0	0
15223	0	0
15224	0	0
15225	0.008921	0.004168
15226	0	0
15227	0.000904	0.001316
15228	0.002172	0.000313
15229	0.004913	0.002001
15230	0	0
15231	0	0
15232	0	0
15233	0.003841	0.001179
15234	0.001303	0.000575
15235	0	0
15236	0	0
15237	0.002332	0.001977
15238	0	0
15239	0.006246	0.003897
15240	0.001127	0.000193
15241	0	0
15242	0.000747	0.000744
15243	0.001119	0.001424
15244	0	0
15245	0.000734	0.000885
15246	0.001693	0.002244
15247	0	0
15248	0.002442	0.001757
15249	0	0
15250	0	0
15251	0.002803	0.001526
15252	0	0
15253	0	0
15254	0.000665	3.90E-05
15255	0.001742	0.000309
15256	0	0
15257	0.000271	4.00E-05
15258	0	0
15259	0	0
15260	0	0
15261	0.000995	0.000946
15262	0.005697	0.004447
15263	0	0
15264	0	0
15265	0	0
15266	0	0
15267	0	0
15268	0	0
15269	0	0
15270	0.00566	0.008738
15271	0	0
15272	0	0
15273	0	0
15274	0	0
15275	0	0
15276	0.002824	0.002019
15277	0	0
15278	0.002759	0.001691
15279	0.002918	0.000476
15280	0	0
15281	0.006792	0.003778
15282	0.007757	0.002681
15283	0.007827	0.005162
15284	0	0
15285	0	0
15286	0	0
15287	0.011026	0.003335
15288	0.008801	0.006581
15289	0.006749	0.003804
15290	0	0
15291	0	0
15292	0	0
15293	0.004257	0.00401
15294	0.007031	0.004903
15295	0	0
15296	0	0
15297	0.003678	0.002498
15298	0	0
15299	0.009022	0.005328
15300	0.006641	0.004144
15301	0.002192	0.002201
15302	0	0
15303	0	0
15304	0	0
15305	0.00721	0.003645
15306	0.008566	0.005566
15307	0	0
15308	0	0
15309	0.004275	0.002781
15310	0.005078	0.003161
15311	0	0
15312	0.00297	0.001203
15313	0.002359	0.002227
15314	0.002576	0.002677
15315	0	0
15316	0	0
15317	0.001656	0.000834
15318	0	0
15319	0	0
15320	0	0
15321	0.000583	0.000135
15322	0	0
15323	9.00E-05	4.60E-05
15324	0	0
15325	0	0
15326	0	0
15327	0	0
15328	0	0
15329	0	0
15330	0.006303	0.002419
15331	0	0
15332	0	0
15333	0	0
15334	0	0
15335	0	0
15336	0.007573	0.003173
15337	0	0
15338	0	0
15339	0.009389	0.005515
15340	0	0
15341	0.003107	0.001187
15342	0.003628	0.002689
15343	0	0
15344	0.008903	0.004589
15345	0.006194	0.003596
15346	0.00241	0.001895
15347	0	0
15348	0	0
15349	0	0
15350	0.000995	0.000623
15351	0	0
15352	0	0
15353	0	0
15354	0	0
15355	0.00135	0.001766
15356	0.000648	0.000245
15357	0.001131	0.000756
15358	0	0
15359	0.00355	0.002067
15360	0	0
15361	0	0
15362	0	0
15363	0	0
15364	0	0
15365	0	0
15366	0	0
15367	0	0
15368	0	0
15369	0	0
15370	0	0
15371	0	0
15372	0.007313	0.003613
15373	0	0
15374	0.000998	0.00035
15375	0.00149	0.000155
15376	0	0
15377	0	0
15378	0.003995	0.001273
15379	0	0
15380	0	0
15381	0	0
15382	0	0
15383	0.011277	0.004953
15384	0	0
15385	0	0
15386	0	0
15387	0	0
15388	0.003651	0.001503
15389	0.005211	0.003682
15390	0	0
15391	0	0
15392	0.00132	0.001157
15393	0	0
15394	0.003487	0.001302
15395	0	0
15396	0	0
15397	0	0
15398	0	0
15399	0.004562	0.001613
15400	0	0
15401	0	0
15402	0	0
15403	0	0
15404	0.008626	0.004619
15405	0.008687	0.002819
15406	0	0
15407	0	0
15408	0	0
15409	0	0
15410	0	0
15411	0	0
15412	0.008426	0.003535
15413	0.009031	0.004929
15414	0	0
15415	0	0
15416	0.005041	0.001533
15417	0	0
15418	0	0
15419	0	0
15420	0	0
15421	0	0
15422	0	0
15423	0.004557	0.001519
15424	0	0
15425	0	0
15426	0	0
15427	0	0
15428	0.001481	0.00142
15429	0	0
15430	0	0
15431	0.003549	0.00379
15432	0	0
15433	0	0
15434	0	0
15435	0.014366	0.007573
15436	0	0
15437	0.001589	0.000668
15438	0.002712	0.00199
15439	0	0
15440	0.003676	0.002529
15441	0.005581	0.004143
15442	0	0
15443	0	0
15444	0.003775	0.002383
15445	0.007619	0.001983
15446	0	0
15447	0.006159	0.004192
15448	0	0
15449	0.007783	0.003673
15450	0.007525	0.004575
15451	0	0
15452	0	0
15453	0.009251	0.004208
15454	0.007023	0.003773
15455	0	0
15456	0.007518	0.005119
15457	0	0
15458	0.009572	0.004487
15459	0	0
15460	0	0
15461	0.000177	0.000187
15462	6.90E-05	0.000181
15463	0	0
15464	0	0
15465	0	0
15466	0.999849	0.99956
15467	0	0
15468	0	0
15469	0	0
15470	0.003705	0.000992
15471	0.003676	0.00349
15472	0	0
15473	0	0
15474	0	0
15475	0	0
15476	0	0
15477	0.004617	0.002179
15478	0	0
15479	0.00371	0.003075
15480	0.00483	0.003348
15481	0	0
15482	0.008642	0.004802
15483	0	0
15484	0	0
15485	0	0
15486	0	0
15487	0	0
15488	0.002413	0.002244
15489	0	0
15490	0	0
15491	0	0
15492	0.00856	0.003432
15493	0	0
15494	0	0
15495	0.009569	0.004098
15496	0	0
15497	0.001192	0.00075
15498	0.002316	0.000634
15499	0	0
15500	0.002432	0.00344
15501	0	0
15502	0	0
15503	0	0
15504	0	0
15505	0	0
15506	0.001878	0.001392
15507	0	0
15508	0	0
15509	0	0
15510	0	0
15511	0.002823	0.001594
15512	0.003363	0.002372
15513	0	0
15514	0.003202	0.002136
15515	0	0
15516	0	0
15517	0	0
15518	0	0
15519	0.011788	0.006038
15520	0	0
15521	0.002382	0.002466
15522	0	0
15523	0	0
15524	0	0
15525	0	0
15526	0	0
15527	0	0
15528	0	0
15529	0	0
15530	0.009242	0.003837
15531	0.008319	0.00463
15532	0	0
15533	0	0
15534	0	0
15535	0	0
15536	0	0
15537	0	0
15538	0	0
15539	0	0
15540	0	0
15541	0.009356	0.003486
15542	0	0
15543	0	0
15544	0	0
15545	0	0
15546	0	0
15547	0	0
15548	0	0
15549	0.003723	0.001764
15550	0	0
15551	0	0
15552	0	0
15553	0.003084	0.001546
15554	0	0
15555	0	0
15556	0	0
15557	0.002139	0.001499
15558	0	0
15559	0	0
15560	0.002917	0.001
15561	0.000833	0.000687
15562	0	0
15563	0.004123	0.001185
15564	0	0
15565	0.003027	0.000767
15566	0.004502	0.002368
15567	0.00573	0.003433
15568	0	0
15569	0	0
15570	0.013014	0.005757
15571	0	0
15572	0.003317	0.002149
15573	0.005005	0.002195
15574	0	0
15575	0.002225	0.001198
15576	0	0
15577	0	0
15578	0.007868	0.002192
15579	0	0
15580	0	0
15581	0	0
15582	0	0
15583	0	0
15584	0	0
15585	0.004527	0.002676
15586	0.005228	0.003254
15587	0	0
15588	0.011097	0.007163
15589	0	0
15590	0	0
15591	0.002222	0.001542
15592	0	0
15593	0.003967	0.001442
15594	0	0
15595	0	0
15596	0.003084	0.001457
15597	0.003443	0.001822
15598	0	0
15599	0	0
15600	0	0
15601	0.009199	0.003362
15602	0	0
15603	0	0
15604	0	0
15605	0	0
15606	0	0
15607	0	0
15608	0	0
15609	0.004172	0.001847
15610	0	0
15611	0.000935	0.000984
15612	0.001008	0.00069
15613	0	0
15614	0.000893	0.000545
15615	0.001113	0.000657
15616	0	0
15617	0.000902	0.000497
15618	0.002488	0.002068
15619	0	0
15620	0	0
15621	0.009813	0.00382
15622	0.007383	0.004003
15623	0.002262	0.001844
15624	0	0
15625	0	0
15626	0	0
15627	0.009667	0.00496
15628	0	0
15629	0.003438	0.001067
15630	0.004774	0.002899
15631	0	0
15632	0	0
15633	0.005512	0.002387
15634	0	0
15635	0.00376	0.001694
15636	0	0
15637	0	0
15638	0	0
15639	0.004376	0.002324
15640	0	0
15641	0	0
15642	0.007955	0.004515
15643	0	0
15644	0	0
15645	0.004327	0.001657
15646	0	0
15647	0	0
15648	0.009488	0.005514
15649	0	0
15650	0.002366	0.00116
15651	0	0
15652	0	0
15653	0	0
15654	0.004369	0.001447
15655	0	0
15656	0	0
15657	0.004812	0.002989
15658	0	0
15659	0	0
15660	0	0
15661	0	0
15662	0	0
15663	0.004199	0.000997
15664	0	0
15665	0	0
15666	0.009366	0.005662
15667	0	0
15668	0	0
15669	0	0
15670	0.006595	0.004219
15671	0	0
15672	0.00397	0.001069
15673	0	0
15674	0.003435	0.001345
15675	0	0
15676	0	0
15677	0	0
15678	0	0
15679	0	0
15680	0	0
15681	0	0
15682	0	0
15683	0	0
15684	0	0
15685	0	0
15686	0	0
15687	0.00249	0.000762
15688	0	0
15689	0	0
15690	0.003539	0.001454
15691	0	0
15692	0	0
15693	0.005049	0.002101
15694	0	0
15695	0.003687	0.001567
15696	0.004355	0.001823
15697	0.005951	0.004691
15698	0	0
15699	0.002631	0.002266
15700	0	0
15701	0	0
15702	0	0
15703	0	0
15704	0	0
15705	0.005168	0.002247
15706	0	0
15707	0	0
15708	0.002215	0.002311
15709	0	0
15710	0	0
15711	0	0
15712	0	0
15713	0.003995	0.001326
15714	0	0
15715	0	0
15716	0	0
15717	0.005626	0.002672
15718	0.0077	0.00359
15719	0.00737	0.003848
15720	0	0
15721	0.003075	0.003459
15722	0.003217	0.000509
15723	0.001431	0.000828
15724	0	0
15725	0	0
15726	0.005985	0.00157
15727	0	0
15728	0	0
15729	0.013903	0.007877
15730	0	0
15731	0.001908	0.000644
15732	0	0
15733	0	0
15734	0.004169	0.00336
15735	0	0
15736	0	0
15737	0.001038	0.000776
15738	0	0
15739	0	0
15740	0	0
15741	0.004052	0.002207
15742	0	0
15743	0	0
15744	0.005533	0.002988
15745	0	0
15746	0	0
15747	0.002395	0.002527
15748	0.003122	0.000901
15749	0	0
15750	0.006316	0.004417
15751	0	0
15752	0	0
15753	0	0
15754	0	0
15755	0.009155	0.005555
15756	0.001538	0.000615
15757	0	0
15758	0	0
15759	0.002293	0.000989
15760	0	0
15761	0.001011	0.000303
15762	0.000753	0.000593
15763	0	0
15764	0.000961	0.001416
15765	0.000456	0.000801
15766	0	0
15767	0	0
15768	0	0
15769	0	0
15770	0	0
15771	0	0
15772	0	0
15773	0.001915	0.00084
15774	0.003263	0.00115
15775	0	0
15776	0	0
15777	0.001761	0.002536
15778	0	0
15779	0.002859	0.001723
15780	0	0
15781	0	0
15782	0	0
15783	0	0
15784	0.010363	0.005264
15785	0.009039	0.004317
15786	0.006227	0.002837
15787	0.005949	0.001583
15788	0	0
15789	0	0
15790	0	0
15791	0	0
15792	0.004319	0.001401
15793	0	0
15794	0	0
15795	0.004541	0.001653
15796	0.002046	0.001436
15797	0.00074	0.000107
15798	0.000706	0.00026
15799	0	0
15800	0	0
15801	0	0
15802	0	0
15803	0.000959	0.000348
15804	0.002136	0.000837
15805	0	0
15806	0.001965	0.002108
15807	0	0
15808	0	0
15809	0.004339	0.002128
15810	0	0
15811	0	0
15812	0.003274	0.002718
15813	0.004316	0.001926
15814	0	0
15815	0	0
15816	0.003809	0.001064
15817	0	0
15818	0.004769	0.00201
15819	0	0
15820	0	0
15821	0.005193	0.001653
15822	0.007792	0.004486
15823	0	0
15824	0	0
15825	0	0
15826	0	0
15827	0	0
15828	0	0
15829	0	0
15830	0	0
15831	0.005169	0.001697
15832	0	0
15833	0	0
15834	0.010146	0.003104
15835	0	0
15836	0	0
15837	0.003892	0.001162
15838	0	0
15839	0	0
15840	0.010121	0.004552
15841	0	0
15842	0	0
15843	0.004675	0.002107
15844	0	0
15845	0	0
15846	0	0
15847	0	0
15848	0	0
15849	0	0
15850	0.004768	0.00089
15851	0	0
15852	0.00336	0.001458
15853	0	0
15854	0.010541	0.008101
15855	0	0
15856	0	0
15857	0	0
15858	0.007975	0.002175
15859	0	0
15860	0	0
15861	0.003278	0.001489
15862	0.003423	0.001849
15863	0.001499	0.001261
15864	0	0
15865	0	0
15866	0	0
15867	0	0
15868	0	0
15869	0	0
15870	0	0
15871	0	0
15872	0	0
15873	0.004602	0.000395
15874	0	0
15875	0	0
15876	0.001961	0.000922
15877	0	0
15878	0	0
15879	0	0
15880	0	0
15881	0.024016	0.024431
15882	0.017671	0.01952
15883	0.01429	0.019029
15884	0.008688	0.008502
15885	0	0
15886	0	0
15887	0.003593	0.003839
15888	0.000778	0
15889	0.00146	0.000556
15890	0	0
15891	0	0
15892	0.002207	0.000679
15893	0.001771	0.000834
15894	0.000584	0.000165
15895	0.001167	0.000164
15896	0	0
15897	0.000949	0.00236
15898	0.000316	0
15899	0	0
15900	0.000562	0.000159
15901	0	0
15902	0	0
15903	0	0
15904	0	0
15905	0.005034	0.001542
15906	0	0
15907	0	0
15908	0.001319	0.000173
15909	0	0
15910	0	0
15911	0	0
15912	0	0
15913	0	0
15914	0	0
15915	0.001232	0
15916	0.001324	0
15917	0	0
15918	0.004792	0.000198
15919	0.002357	0
15920	0.000855	0.000986
15921	0.000998	0
15922	0	0
15923	0	0
15924	0	0
15925	0	0
15926	0	0
15927	0.001118	0
15928	0.001078	0
15929	0	0
15930	0.000313	0
15931	0	0
15932	0.00082	0
15933	0.000899	0
15934	0	0
15935	0	0
15936	0	0
15937	0	0
15938	0	0
15939	0	0
15940	0.00896	0
15941	0.007214	0
15942	0.003711	0
15943	0.0021	0
15944	0.003249	0
15945	0	0
15946	0	0
15947	0	0
15948	0	0
15949	0.000748	0
15950	0.000455	0
15951	0	0
15952	0	0
15953	0	0
15954	0	0
15955	0	0
15956	0.00316	0
15957	0	0
15958	0	0
15959	0.000997	0
15960	0	0
15961	0.000646	0
15962	0	0
15963	0	0
15964	0	0
15965	0	0
15966	0	0
15967	0.000672	0
15968	0.000923	0
15969	0	0
15970	0.002333	0
15971	0.002376	0
15972	0.001995	0
15973	0	0
15974	0	0
15975	0	0
15976	0.002702	0
15977	0	0
15978	0	0
15979	0	0
15980	0	0
15981	0	0
15982	0	0
15983	0.004633	0
15984	0.000969	0
15985	0	0
15986	0.001268	0
15987	0	0
15988	0	0
15989	0	0
15990	0	0
15991	0	0
15992	0	0
15993	0	0
15994	0	0
15995	0.001179	0
15996	0	0
15997	0.001357	0
15998	0	0
15999	0	0
16000	0.003595	0
16001	0	0
16002	0.002489	0
16003	0.002896	0
16004	0	0
16005	0.00647	0
16006	0	0
16007	0	0
16008	0.003075	0
16009	0.003161	0
16010	0.002587	0
16011	0	0
16012	0	0
16013	0	0
16014	0	0
16015	0.004767	0
16016	0	0
16017	0.00271	0
16018	0.002337	0
16019	0	0
16020	0.004727	0
16021	0	0
16022	0.003964	0
16023	0.001391	0
16024	0.003032	0
16025	0.00654	0
16026	0	0
16027	0.018529	0
16028	0.01234	0
16029	0.007693	0
16030	0	0
16031	0	0
16032	0.002441	0
16033	0.000493	0
16034	0.000684	0
16035	0.000694	0
16036	0.000553	0
16037	0	0
16038	0	0
16039	0.000979	0
16040	0	0
16041	0	0
16042	0.001741	0
16043	0	0
16044	0.002735	0
16045	0.002369	0
16046	0.001565	0
16047	0.000759	0
16048	0.000649	0
16049	0.000869	0
16050	0.004231	0
16051	0	0
16052	0	0
16053	0	0
16054	0	0
16055	0	0
16056	0	0
16057	0	0
16058	0	0
16059	0	0
16060	0.001453	0
16061	0.001395	0
16062	0	0
16063	0.004645	0
16064	0.001755	0
16065	0.000571	0
16066	0	0
16067	0	0
16068	0.003412	0
16069	0	0
16070	0	0
16071	0	0
16072	0	0
16073	0	0
16074	0	0
16075	0.004086	0
16076	0	0
16077	0	0
16078	0	0
16079	0	0
16080	0	0
16081	0	0
16082	0	0
16083	0	0
16084	0.006169	0
16085	0	0
16086	0.007859	0
16087	0	0
16088	0.004506	0
16089	0.001142	0
16090	0.002026	0
16091	0	0
16092	0.003068	0
16093	0.005452	0
16094	0.00554	0
16095	0	0
16096	0.001135	0
16097	0.001047	0
16098	0	0
16099	0	0
16100	0	0
16101	0.002727	0
16102	0.005001	0
16103	0	0
16104	0	0
16105	0.002913	0
16106	0.002697	0
16107	0	0
16108	0	0
16109	0	0
16110	0.00477	0
16111	0	0
16112	0	0
16113	0	0
16114	0	0
16115	0	0
16116	0	0
16117	0.0028	0
16118	0.000817	0
16119	0	0
16120	0	0
16121	0.004747	0
16122	0	0
16123	0.002764	0
16124	0.001863	0
16125	0.001175	0
16126	0.001362	0
16127	0	0
16128	0	0
16129	0.001058	0
16130	0.001063	0
16131	0.002838	0
16132	0	0
16133	0	0
16134	0	0
16135	0	0
16136	0.005621	0
16137	0	0
16138	0	0
16139	0	0
16140	0.005978	0
16141	0	0
16142	0	0
16143	0.004983	0
16144	0.005959	0
16145	0.001113	0
16146	0	0
16147	0	0
16148	0	0
16149	0	0
16150	0	0
16151	0	0
16152	0.006018	0
16153	0.00185	0
16154	0.00333	0
16155	0	0
16156	0.00158	0
16157	0.002608	0
16158	0	0
16159	0	0
16160	0	0
16161	0.003791	0
16162	0	0
16163	0	0
16164	0	0
16165	0	0
16166	0	0
16167	0	0
16168	0	0
16169	0	0
16170	0	0
16171	0	0
16172	0.006659	0
16173	0	0
16174	0	0
16175	0	0
16176	0	0
16177	0	0
16178	0.004884	0
16179	0	0
16180	0	0
16181	0	0
16182	0	0
16183	0	0
16184	0	0
16185	0	0
16186	0	0
16187	0	0
16188	0	0
16189	0.000394	0
16190	0	0
16191	0	0
16192	0	0
16193	0	0
16194	0	0
16195	0.003257	0
16196	0.002654	0
16197	0	0
16198	0.003162	0
16199	0.006505	0
16200	0	0
16201	0	0
16202	0	0
16203	0	0
16204	0.002073	0
16205	0	0
16206	0	0
16207	0	0
16208	0.001829	0
16209	0.0043	0
16210	0	0
16211	0	0
16212	0	0
16213	0.002721	0
16214	0	0
16215	0	0
16216	0	0
16217	0.004772	0
16218	0	0
16219	0	0
16220	0	0
16221	0	0
16222	0	0
16223	0	0
16224	0.010882	0
16225	0	0
16226	0	0
16227	0	0
16228	0	0
16229	0.006124	0
16230	0	0
16231	0.004195	0
16232	0	0
16233	0	0
16234	0	0
16235	0	0
16236	0	0
16237	0	0
16238	0.00387	0
16239	0	0
16240	0	0
16241	0	0
16242	0	0
16243	0.002732	0
16244	0.004647	0
16245	0	0
16246	0	0
16247	0	0
16248	0	0
16249	0.00367	0
16250	0	0
16251	0	0
16252	0	0
16253	0	0
16254	0	0
16255	4.40E-05	0
16256	0	0
16257	0	0
16258	0	0
16259	0	0
16260	0	0
16261	0	0
16262	0	0
16263	0.008192	0
16264	0	0
16265	0	0
16266	0	0
16267	0	0
16268	0	0
16269	0	0
16270	0	0
16271	0.005032	0
16272	0	0
16273	0.000942	0
16274	0.001917	0
16275	0	0
16276	0.003968	0
16277	0	0
16278	0	0
16279	0	0
16280	0	0
16281	0	0
16282	0	0
16283	0	0
16284	0	0
16285	0	0
16286	0	0
16287	0	0
16288	0.0114	0
16289	0	0
16290	0	0
16291	0	0
16292	0	0
16293	0	0
16294	0	0
16295	0	0
16296	0	0
16297	0.0102	0
16298	0.007619	0
16299	0	0
16300	0	0
16301	0	0
16302	0	0
16303	0.000751	0
16304	0.001739	0
16305	0	0
16306	0	0
16307	0	0
16308	0.005547	0
16309	0	0
16310	0.002191	0
16311	0.001902	0
16312	0	0
16313	0	0
16314	0	0
16315	0.003411	0
16316	0	0
16317	0	0
16318	0	0
16319	0.001741	0
16320	0	0
16321	0	0
16322	0	0
16323	0.003839	0.00191
16324	0.00328	0.001324
16325	0.004774	0.001318
16326	0	0
16327	0	0
16328	0	0
16329	0.001653	0.002048
16330	0.001775	0
16331	0	0
16332	0	0
16333	0	0
16334	0.002486	0
16335	0	0
16336	0.002254	0.000535
16337	0	0
16338	0	0
16339	0	0
16340	0	0
16341	0.003344	0.002397
16342	0.003214	0.000343
16343	0	0
16344	0	0
16345	0	0
16346	0.001195	0
16347	0.001989	0.001288
16348	0	0
16349	0	0
16350	0	0
16351	0	0
16352	0.003507	0.001459
16353	0	0
16354	0	0
16355	0	0
16356	0.00674	0.002379
16357	0.006693	0.003778
16358	0	0
16359	0.006697	0.00311
16360	0	0
16361	0.002043	0.002454
16362	0.002487	0.003791
16363	0	0
16364	0	0
16365	0	0
16366	0	0
16367	0	0
16368	0.001418	0
16369	0.000585	0.001596
16370	0.00064	0.00184
16371	0	0
16372	0.001954	0.000622
16373	0.001037	0.000946
16374	0	0
16375	0	0
16376	0	0
16377	0	0
16378	0	0
16379	0	0
16380	0	0
16381	0.005069	0.001419
16382	0	0
16383	0	0
16384	0.000895	0.000593
16385	0	0
16386	0.00242	0
16387	0	0
16388	0.001379	0.000866
16389	0.000536	0.001328
16390	0.000931	0
16391	0.003175	0.002622
16392	0.00075	0.000308
16393	0	0
16394	0	0
16395	0	0
16396	7.90E-05	0.000962
16397	0	0
16398	0	0
16399	0	0
16400	0	0
16401	0	0
16402	0	0
16403	0	0
16404	0	0
16405	0	0
16406	0.002598	0
16407	0	0
16408	0	0
16409	0.005392	0.002286
16410	0	0
16411	0	0
16412	0.001772	0.00113
16413	0.002002	0.000631
16414	0.000713	0.000887
16415	0	0
16416	0	0
16417	0	0
16418	0.001792	0.0025
16419	0	0
16420	0	0
16421	0	0
16422	0.002621	0.001466
16423	0	0
16424	0.002761	0.002095
16425	0	0
16426	0	0
16427	0	0
16428	0.00345	0.002044
16429	0	0
16430	0	0
16431	0	0
16432	0	0
16433	0	0
16434	0.000776	0.00074
16435	0	0
16436	0.001041	0.000762
16437	0.000984	0
16438	0.001246	0.002009
16439	0	0
16440	0.001676	0.000626
16441	0	0
16442	0	0
16443	0.002229	0.000235
16444	0	0
16445	0.005267	0.001046
16446	0	0
16447	0	0
16448	0.002964	0.001101
16449	0	0
16450	0.00191	0.001043
16451	0	0
16452	0.00303	0.001589
16453	0	0
16454	0	0
16455	0.002247	0.00167
16456	0.000914	0.000741
16457	0.002051	0.000867
16458	0	0
16459	0	0
16460	0	0
16461	0	0
16462	0.00147	0.000327
16463	0	0
16464	0	0
16465	0	0
16466	0	0
16467	0	0
16468	0.002236	0.000223
16469	0.002395	0.001094
16470	0.001458	0.001489
16471	0.001022	0.000239
16472	0.000911	0.001245
16473	0.000491	0.000492
16474	0.000924	0.000879
16475	0.000675	0.000244
16476	0	0
16477	0.002046	0.000717
16478	0	0
16479	0.001401	0
16480	0	0
16481	0	0
16482	0	0
16483	0.000702	0.001693
16484	0.000752	0.001211
16485	0.000685	0
16486	0	0
16487	0	0
16488	0	0
16489	0.001048	0.000119
16490	0.001885	0.001082
16491	0.000873	0.000734
16492	0	0
16493	0.001285	0.000753
16494	0	0
16495	0	0
16496	0.00185	0.001061
16497	0	0
16498	0	0
16499	0	0
16500	0.001547	0
16501	0	0
16502	0.001203	0.002055
16503	0.001096	0.000808
16504	0.000964	0.001292
16505	0.000673	0.000148
16506	0.001419	0
16507	0	0
16508	0	0
16509	0.002549	0.001196
16510	0	0
16511	0	0
16512	0.001225	0.001848
16513	0.001717	0
16514	0	0
16515	0	0
16516	0.000968	0.001102
16517	0.000826	0
16518	0.000478	0.000173
16519	0.000809	0.000335
16520	0	0
16521	0	0
16522	0.000772	0.001357
16523	0	0
16524	0	0
16525	0	0
16526	0.001031	0
16527	0	0
16528	0	0
16529	0.002721	0.000308
16530	0	0
16531	0	0
16532	0	0
16533	0.001771	0.000163
16534	0	0
16535	0.000674	0.00017
16536	0	0
16537	0	0
16538	0	0
16539	0	0
16540	0	0
16541	0	0
16542	0	0
16543	0.002035	0.000976
16544	0.000669	0
16545	0.002116	0
16546	0	0
16547	0	0
16548	0	0
16549	0	0
16550	0.001416	0
16551	0.001851	0.000196
16552	0	0
16553	0	0
16554	0	0
16555	0.001008	0
16556	0	0
16557	0	0
16558	0.000324	0
16559	0	0
16560	0	0
16561	0	0
16562	0.001151	0
16563	0	0
16564	0	0
16565	0	0
16566	0.000678	0
16567	0	0
16568	0	0
16569	0	0
