Position	Norm_profile
1	
2	
3	
4	
5	
6	
7	
8	
9	
10	
11	
12	
13	
14	
15	
16	
17	
18	0.065607
19	0.042292
20	0.017351
21	-0.282491
22	-0.774276
23	-0.095429
24	0.92013
25	0.124166
26	-0.758551
27	0.375209
28	0.04663
29	0.605106
30	-0.104646
31	-0.506424
32	0.807893
33	0.248332
34	-0.268936
35	0.105189
36	-0.047714
37	0.227186
38	0.197907
39	1.009052
40	0.484193
41	0.481482
42	0.820906
43	0.248332
44	-1.153822
45	0.231524
46	0.301469
47	0.157241
48	-0.4907
49	0.818195
50	0.386053
51	0.001627
52	0.225559
53	-0.420755
54	-0.4072
55	0.177303
56	3.510808
57	-0.001627
58	0.225559
59	0.458709
60	0.281407
61	0.205497
62	0.360027
63	0.236403
64	0.241826
65	0.114406
66	0.600226
67	0
68	0
69	0.012471
70	0
71	0
72	0
73	
74	0.203329
75	-0.236403
76	-1.394563
77	0.70433
78	-0.249416
79	-0.255923
80	0.030364
81	0.176218
82	0.449492
83	0.22827
84	2.059313
85	-0.599684
86	0.419128
87	0.822532
88	0.159952
89	0.120913
90	0.382258
91	-0.959169
92	0.112237
93	1.179848
94	0.140432
95	0.622999
96	-0.040124
97	-1.369622
98	0.428888
99	0.266767
100	0.27002
101	0.507508
102	0.897899
103	0.022773
104	0.050968
105	0.410995
106	0.52757
107	0.008133
108	-0.585044
109	0.637639
110	-0.319362
111	0.854523
112	0.195196
113	0.06127
114	0.185978
115	0.608902
116	1.295881
117	-0.002169
118	0.214173
119	0.181098
120	-0.010302
121	0.107358
122	-0.006507
123	0.690233
124	0.246705
125	-0.226644
126	0.34593
127	0.068861
128	0.033617
129	0.222306
130	0.577996
131	0.125793
132	-0.505882
133	0.250501
134	0.241283
135	0.447865
136	0.373583
137	1.665126
138	0.268936
139	-0.069403
140	-1.13864
141	-0.147481
142	0.249959
143	-0.806808
144	0.334543
145	0.570405
146	0.42943
147	0.213088
148	0.997124
149	0.278696
150	-0.325868
151	0.212004
152	0.28466
153	0.790542
154	0.225559
155	0.269478
156	2.180768
157	0.217968
158	0.227728
159	0.222848
160	-0.392018
161	0.13013
162	-0.277069
163	0.178387
164	0.699993
165	-0.053679
166	0.278696
167	-0.286287
168	0.142601
169	1.089299
170	0.066692
171	0.628963
172	0.131757
173	0.169169
174	-0.438105
175	0.580164
176	-1.216719
177	0.130673
178	1.179848
179	0.076994
180	0.168627
181	-0.158325
182	-1.332209
183	1.527947
184	-0.390933
185	0.040124
186	0.190316
187	-0.540041
188	0.498291
189	0.22827
190	-0.524859
191	0.258092
192	0.158325
193	0.6577
194	0.568236
195	0.075909
196	0.121997
197	1.558853
198	0.479313
199	-0.02711
200	0.272189
201	0.192484
202	1.158702
203	-0.855065
204	0.062896
205	0.314482
206	0.015724
207	-0.143143
208	-0.046088
209	0.049883
210	1.890685
211	2.510973
212	0.03199
213	0.001084
214	3.126381
215	2.044131
216	-0.016266
217	0.017893
218	2.297885
219	1.343054
220	0.055848
221	0.595346
222	-0.10302
223	0.155072
224	0.01952
225	-0.571489
226	0.001084
227	2.496876
228	0.485278
229	0.339423
230	-0.175134
231	0.897357
232	2.08317
233	0.157783
234	2.798345
235	1.145147
236	0.059643
237	0.761262
238	0.30418
239	0.121455
240	1.19503
241	-0.837172
242	0.44895
243	0.371956
244	-0.515099
245	
246	
247	
248	
249	
250	
251	
252	
253	
254	
255	
256	
257	
258	
259	
260	
261	
262	
263	
264	
265	
266	
267	
268	
269	
270	
271	
272	
273	
274	
275	
276	
277	
278	
279	
280	
281	
282	
283	
284	
285	
286	
287	
288	
289	
290	
291	
292	
293	
294	
295	
296	
297	
298	
299	
300	
301	
302	
303	
304	
305	
306	
307	
308	
309	
310	
311	
312	
313	
314	
315	
316	
317	
318	
319	
320	
321	
322	
323	
324	
325	
326	
327	
328	
329	
330	
331	
332	
333	
334	
335	
336	
337	
338	
339	
340	
341	
342	
343	
344	
345	
346	
347	
348	
349	
350	
351	
352	
353	
354	
355	
356	
357	
358	
359	
360	
361	
362	
363	
364	
365	
366	
367	
368	
369	
370	
371	
372	
373	
374	
375	
376	
377	
378	
379	
380	
381	
382	
383	
384	
385	
386	
387	
388	
389	
390	
391	
392	
393	
394	
395	
396	
397	
398	
399	
400	
401	
402	
403	
404	
405	
406	
407	
408	
409	
410	
411	
412	
413	
414	
415	
416	
417	
418	
419	
420	
421	
422	
423	
424	
425	
426	
427	
428	
429	
430	
431	
432	
433	
434	
435	
436	
437	
438	
439	
440	
441	
442	
443	
444	
445	
446	
447	
448	
449	
450	
451	
452	
453	
454	
455	
456	
457	
458	
459	
460	
461	
462	
463	
464	
465	
466	
467	
468	
469	
470	
471	
472	
473	
474	
475	
476	
477	
478	
479	
480	
481	
482	
483	
484	
485	
486	
487	
488	
489	
490	
491	
492	
493	
494	
495	
496	
497	
498	
499	
500	
501	
502	
503	
504	
505	
506	
507	
508	
509	
510	
511	
512	
513	
514	
515	
516	
517	
518	
519	
520	
521	
522	
523	
524	
525	
526	
527	
528	
529	
530	
531	
532	
533	
534	
535	
536	
537	
538	
539	
540	
541	
542	
543	
544	
545	
546	
547	
548	
549	
550	
551	
552	
553	
554	
555	
556	
557	
558	
559	
560	
561	
562	
563	
564	
565	
566	
567	
568	
569	
570	
571	
572	
573	
574	
575	
576	
577	
578	
579	
580	
581	
582	
583	
584	
585	
586	
587	
588	
589	
590	
591	
592	
593	
594	
595	
596	
597	
598	
599	
600	
601	
602	
603	
604	
605	
606	
607	
608	
609	
610	
611	
612	
613	
614	
615	
616	
617	
618	
619	
620	
621	
622	
623	
624	
625	
626	
627	
628	
629	
630	
631	
632	
633	
634	
635	
636	
637	
638	
639	
640	
641	
642	
643	
644	
645	
646	
647	
648	
649	
650	
651	
652	
653	
654	
655	
656	
657	
658	
659	
660	
661	
662	
663	
664	
665	
666	-0.126335
667	2.194865
668	1.191235
669	1.996416
670	0.487989
671	3.932105
672	0.024399
673	-0.402862
674	1.22919
675	-0.026026
676	-1.571866
677	0.170254
678	0.843678
679	-0.157241
680	3.102524
681	2.117329
682	-0.06127
683	-0.357858
684	0.725477
685	-0.107358
686	0.047172
687	0.401235
688	0.062896
689	0.752045
690	1.114241
691	-0.092718
692	-1.093637
693	0.165374
694	0.267309
695	-0.058559
696	1.049176
697	0.053137
698	-0.047714
699	-0.002169
700	-0.220679
701	0.068861
702	0.930432
703	-0.062896
704	-0.073198
705	0.488531
706	-0.208209
707	0.253212
708	0.570405
709	0.029279
710	0.753129
711	2.682854
712	0.165916
713	-0.977062
714	-0.094887
715	-0.070487
716	0.778613
717	0.357858
718	0.021146
719	-0.243452
720	0.808435
721	0.731983
722	0.264056
723	0.127962
724	-0.306349
725	0.213088
726	0.425635
727	1.105023
728	0.18164
729	1.286664
730	0.075367
731	0.220137
732	0.010302
733	0.44407
734	-0.204955
735	0.04663
736	0.178929
737	0.265683
738	0.140432
739	0.761262
740	0.14965
741	0.035786
742	0.49558
743	0.311228
744	0
745	0
746	0
747	0
748	0
749	0
750	
751	0.103562
752	-0.229897
753	0.02711
754	0.00976
755	0.35569
756	-0.005964
757	0.008675
758	0.95212
759	0.792168
760	0.021146
761	0.088922
762	0.203329
763	-0.267852
764	0.153445
765	1.160329
766	-1.256842
767	-0.197907
768	-0.043377
769	-0.191942
770	0.473891
771	0.310144
772	0.04663
773	0.222848
774	0.124166
775	0.181098
776	0.22339
777	-1.086046
778	0.304722
779	0.830123
780	0.581249
781	0.133926
782	0.052594
783	0.09814
784	0.060185
785	0.373583
786	-0.221764
787	-0.096513
788	0.752587
789	1.117494
790	0.048257
791	-0.301469
792	-0.108984
793	-0.040124
794	3.871378
795	-0.047172
796	-0.352979
797	0.17676
798	0.203329
799	0.264056
800	0.140432
801	0.022773
802	0.421297
803	0.461421
804	-0.375751
805	0.323699
806	-0.258092
807	-0.047172
808	-0.180014
809	0.243994
810	-0.080247
811	-0.100851
812	0.013555
813	-0.268936
814	0.086754
815	-0.466843
816	0.045546
817	0.557392
818	-0.028737
819	0.055305
820	-0.180556
821	0.268394
822	0.198449
823	0.025484
824	1.51385
825	0.730899
826	-0.00488
827	0.031448
828	0.281407
829	0.196822
830	2.725146
831	3.677267
832	0.710295
833	-0.09326
834	0.445154
835	0.026568
836	-0.254839
837	0.04175
838	1.280699
839	-0.131757
840	-0.022773
841	0.049883
842	-0.069945
843	0.443528
844	0.035244
845	0.040666
846	0.047714
847	0.257007
848	0.27002
849	0.798133
850	0.111153
851	-0.087838
852	0.080789
853	0.193569
854	0.77048
855	0.039039
856	-0.050968
857	-0.039039
858	-0.212004
859	1.028572
860	0.012471
861	0.808435
862	0.045003
863	0.128504
864	0.981942
865	-0.033617
866	0.140432
867	0.501544
868	0.192484
869	0.648483
870	-0.464132
871	-0.111153
872	-0.220137
873	-0.320988
874	-0.077536
875	0.307975
876	0.51293
877	-0.071029
878	-0.291709
879	0.64035
880	0.319904
881	-0.284118
882	-0.042835
883	1.955208
884	1.368537
885	1.598977
886	0.081331
887	-0.360569
888	0.878922
889	-0.004338
890	-0.11766
891	0.163205
892	-0.091091
893	0.293335
894	-0.06127
895	0.354605
896	0.054763
897	0.178387
898	0.342677
899	-0.006507
900	0.308517
901	0.296047
902	0.504255
903	1.673259
904	-0.330748
905	0.011386
906	0.413164
907	0.067234
908	0.002169
909	0.522148
910	0.020604
911	0.685353
912	0.885971
913	-0.03687
914	-0.11278
915	0.243994
916	0.00488
917	0.276527
918	-0.114948
919	-0.165916
920	-0.363823
921	0.915792
922	0.251585
923	0.030364
924	-0.028737
925	0.712464
926	0.033617
927	-0.225559
928	0.095429
929	0.015724
930	0.690233
931	-0.034159
932	0.435937
933	0.241826
934	0.359485
935	0.144228
936	0.227186
937	0.329664
938	0.040666
939	-0.1079
940	0.055305
941	0.104104
942	-0.084043
943	0.099224
944	0.506424
945	0.04663
946	0.469011
947	0.708668
948	1.168462
949	1.724769
950	-0.101393
951	0.29442
952	-0.085127
953	1.134303
954	-0.195738
955	0.158325
956	0.193027
957	0.077536
958	0.307975
959	0.534077
960	0.708126
961	4.648906
962	0.273274
963	-0.030364
964	0.194653
965	0.338339
966	0.002169
967	0.032533
968	1.353898
969	0.092176
970	0.060727
971	0.007049
972	-0.645772
973	0.157241
974	0.637096
975	0.082416
976	0.063981
977	0.005964
978	0.050426
979	0.101935
980	1.041043
981	0.04663
982	-0.015182
983	0.237488
984	-0.145854
985	1.358778
986	0.00488
987	0.011929
988	0.136095
989	0.287371
990	0.170254
991	0.158325
992	0.152903
993	0.033075
994	-0.087296
995	0.055305
996	0.040666
997	0.026026
998	-0.010302
999	-0.052594
1000	0.928805
1001	0.396355
1002	0.184351
1003	-0.059643
1004	-0.104104
1005	0.091091
1006	0.405573
1007	0.06127
1008	0.115491
1009	-0.254839
1010	-0.024399
1011	0.00488
1012	0.075909
1013	0.024399
1014	-0.00488
1015	-0.049341
1016	1.889059
1017	0.035244
1018	-0.011386
1019	0.12525
1020	0.023315
1021	1.833211
1022	0.043377
1023	-0.354063
1024	-0.045546
1025	-0.137721
1026	0.032533
1027	-0.248874
1028	-0.214715
1029	0.814941
1030	0.107358
1031	-0.095971
1032	0.015182
1033	0.493953
1034	1.481859
1035	1.359862
1036	-0.000542
1037	-0.047172
1038	0.026568
1039	0.059101
1040	2.143897
1041	-0.100851
1042	0.658243
1043	0.13501
1044	1.372333
1045	0.050426
1046	-0.126335
1047	-0.11766
1048	-0.493953
1049	0.064523
1050	-0.04663
1051	0.053679
1052	0.367618
1053	0.033617
1054	0.136637
1055	1.654824
1056	0.095429
1057	0.460878
1058	0.209293
1059	0.184351
1060	0.016266
1061	0.046088
1062	0.05151
1063	0.005422
1064	-0.04663
1065	0.081331
1066	0.239657
1067	0.09814
1068	-0.01952
1069	0.085127
1070	0.106273
1071	0.889766
1072	0.048799
1073	-0.08838
1074	-0.007591
1075	0.049341
1076	1.30781
1077	1.371791
1078	-0.136637
1079	0.28466
1080	0.026026
1081	2.077206
1082	0.042292
1083	0.105731
1084	-0.187062
1085	0.355147
1086	0.193027
1087	-0.145854
1088	-0.195738
1089	0.491242
1090	0.029822
1091	0.908744
1092	0.333459
1093	0.015182
1094	0.338881
1095	0.746081
1096	0.029279
1097	0.435394
1098	-0.149108
1099	0.067776
1100	0.123082
1101	2.896485
1102	0.069945
1103	0.025484
1104	-0.086211
1105	0.258634
1106	-0.25755
1107	2.028407
1108	0.426719
1109	0.043919
1110	-0.142059
1111	0.54709
1112	0.037955
1113	-0.580164
1114	0.781324
1115	0.975978
1116	0.068318
1117	0.095429
1118	-0.046088
1119	1.588675
1120	0.361654
1121	0.069403
1122	0.065065
1123	-0.036328
1124	-0.025484
1125	-0.003253
1126	0.052052
1127	-0.005964
1128	0.065607
1129	0.875127
1130	0.319362
1131	0.145312
1132	0.530823
1133	-0.407742
1134	-0.827954
1135	-0.141517
1136	0.079705
1137	0.029279
1138	-0.495038
1139	-0.008675
1140	0.063439
1141	0.096513
1142	0.049883
1143	0.305806
1144	0.756383
1145	-0.024942
1146	0.063981
1147	0.409368
1148	-0.111153
1149	0.400693
1150	0.005964
1151	0.743912
1152	-0.310144
1153	-0.43919
1154	-0.138263
1155	0.182725
1156	0.286829
1157	1.132134
1158	1.79851
1159	0.022231
1160	0.024399
1161	-0.123624
1162	0.052594
1163	0.426177
1164	1.124001
1165	0.427261
1166	0.069403
1167	-0.245621
1168	-0.128504
1169	-0.074825
1170	-0.068318
1171	-0.007049
1172	-0.084043
1173	-0.247248
1174	1.372333
1175	0.127419
1176	0.168627
1177	-0.192484
1178	0.094887
1179	0.344303
1180	-0.072114
1181	0.263514
1182	0.071029
1183	0.093802
1184	0.437563
1185	-0.068861
1186	-0.03199
1187	1.549093
1188	0.048799
1189	0.882717
1190	0.280865
1191	-0.232066
1192	0.004338
1193	1.818029
1194	-0.052594
1195	1.895023
1196	0.065065
1197	0.025484
1198	0.007049
1199	0.029279
1200	0.272732
1201	0.007049
1202	-0.077536
1203	-0.109526
1204	-0.079705
1205	0.748249
1206	0.277611
1207	0.388764
1208	0.967844
1209	0.086211
1210	1.338716
1211	-0.444612
1212	0.749876
1213	0.101935
1214	0.056932
1215	1.091468
1216	-0.212546
1217	0.151819
1218	-0.020062
1219	1.328956
1220	-0.015182
1221	-0.06615
1222	0.005964
1223	-0.324784
1224	-0.538956
1225	-0.333459
1226	0.015724
1227	0.282491
1228	0.059101
1229	0.977062
1230	0.44895
1231	-0.151277
1232	-0.09326
1233	0.187062
1234	-0.092718
1235	2.776114
1236	0.060185
1237	0.029822
1238	-0.105189
1239	0.133384
1240	-0.016809
1241	0.24291
1242	-0.257007
1243	0.644687
1244	0.105189
1245	1.779532
1246	1.698201
1247	-0.266767
1248	-0.118202
1249	1.688441
1250	0.451661
1251	0.042292
1252	0.187062
1253	-0.181098
1254	-0.268394
1255	1.505716
1256	0.138263
1257	1.219972
1258	-0.057474
1259	0.679931
1260	-0.081331
1261	0.041208
1262	0.089465
1263	-0.086754
1264	0.108984
1265	0.113322
1266	0.026568
1267	0.633843
1268	-0.490158
1269	1.089842
1270	1.041043
1271	0.016266
1272	0.02711
1273	0.232608
1274	0.099767
1275	0.105189
1276	-0.016809
1277	0.031448
1278	-0.315566
1279	0.177845
1280	0.056932
1281	0.797591
1282	0.016266
1283	-0.001627
1284	0.368703
1285	-0.178387
1286	-0.123624
1287	0.013555
1288	0.213631
1289	0.068318
1290	0.272189
1291	0.879464
1292	-0.03199
1293	0.313939
1294	0.033617
1295	0.040124
1296	-0.015182
1297	-0.042292
1298	0.774818
1299	0.059643
1300	-0.050968
1301	0.241283
1302	-0.177845
1303	-0.167543
1304	-0.06127
1305	-0.001627
1306	0.020604
1307	0.218511
1308	1.561564
1309	0.015182
1310	0.466843
1311	0.3828
1312	0.687522
1313	-0.005422
1314	0.313397
1315	0.008675
1316	0.492326
1317	-0.00976
1318	0.030906
1319	-0.002711
1320	-0.086211
1321	0.041208
1322	-0.40232
1323	0.157783
1324	0.874042
1325	1.688983
1326	-0.066692
1327	0.201702
1328	-0.11766
1329	0.469011
1330	0.26243
1331	0.033075
1332	-0.053679
1333	0.123082
1334	0.079163
1335	0.581791
1336	0.09326
1337	0.361654
1338	-0.086211
1339	0.224475
1340	-0.179471
1341	-0.030906
1342	0.297131
1343	0.012471
1344	1.180391
1345	0.237488
1346	0.009218
1347	0.234235
1348	0.156699
1349	0.300926
1350	-0.04663
1351	-0.067776
1352	0.06127
1353	0.007591
1354	-0.000542
1355	-0.134468
1356	-0.022773
1357	0.000542
1358	0.033075
1359	0.694571
1360	0.063439
1361	-0.018435
1362	0.055848
1363	0.0835
1364	0.26243
1365	0.005964
1366	-0.012471
1367	-0.080789
1368	0.875669
1369	0.778071
1370	0.719512
1371	0.782951
1372	-0.40232
1373	2.584172
1374	0.168627
1375	0.383885
1376	0.530823
1377	0.03687
1378	0.136095
1379	-0.021688
1380	0.208209
1381	0.052052
1382	0.003253
1383	0.008675
1384	-0.084043
1385	0.346472
1386	2.434522
1387	-0.000542
1388	0.342677
1389	0.009218
1390	-0.008675
1391	1.257384
1392	-0.008133
1393	0.470096
1394	-0.055305
1395	0.155072
1396	0.208751
1397	0.599684
1398	1.797425
1399	0.04175
1400	0.639808
1401	0.129046
1402	-0.029279
1403	0.042292
1404	0.024399
1405	0.34105
1406	1.837549
1407	1.226478
1408	0.050426
1409	-0.134468
1410	0.120913
1411	0.09326
1412	0.023857
1413	0.858318
1414	-0.120913
1415	0.32641
1416	0.039039
1417	-0.004338
1418	0.169169
1419	0.307975
1420	0.470638
1421	0.167001
1422	0.398524
1423	0.013555
1424	1.367995
1425	1.325703
1426	0.552512
1427	-0.008675
1428	0.393644
1429	0.220137
1430	-0.010844
1431	-0.063439
1432	0.028195
1433	0
1434	0
1435	0
1436	0
1437	-0.049341
1438	
1439	0.047714
1440	0.015724
1441	-0.015182
1442	0.007591
1443	0.886513
1444	-0.040124
1445	0.478771
1446	-0.119286
1447	-0.040666
1448	0.405573
1449	0.003795
1450	-0.042835
1451	0.528655
1452	0.845305
1453	0.035786
1454	0.164832
1455	0.241283
1456	0.673967
1457	-0.01952
1458	-0.073741
1459	0.033075
1460	0.012471
1461	0.348641
1462	-0.244537
1463	0.120371
1464	-0.123082
1465	0.13989
1466	-0.045003
1467	0.11278
1468	0.793795
1469	0.020604
1470	0.058016
1471	0.090549
1472	0.390933
1473	-0.092718
1474	0.018435
1475	0.21092
1476	0.514015
1477	1.113699
1478	-0.069403
1479	0.211462
1480	0.107358
1481	0.769938
1482	0.162663
1483	0.420213
1484	-0.144228
1485	0.008675
1486	0.318819
1487	-0.27002
1488	-0.110069
1489	-0.109526
1490	1.142978
1491	0.111695
1492	0.064523
1493	0.001084
1494	0.38768
1495	-0.104104
1496	0.447323
1497	0.138263
1498	0.132841
1499	1.096348
1500	0.094887
1501	0.005422
1502	0.020062
1503	-0.056932
1504	0.639265
1505	-0.018435
1506	0.288998
1507	-0.151819
1508	-0.015182
1509	1.144063
1510	1.375044
1511	0.306891
1512	0.021688
1513	0.108442
1514	-0.022231
1515	0.24779
1516	0.217426
1517	0.018977
1518	-0.06615
1519	0.028737
1520	3.187109
1521	2.796718
1522	1.60711
1523	0.035786
1524	-0.05151
1525	0.275985
1526	3.259765
1527	-0.001084
1528	0.007591
1529	0.007049
1530	0.152361
1531	-0.106815
1532	0.609444
1533	0.352979
1534	-0.206582
1535	1.290459
1536	0.07862
1537	-0.4907
1538	-0.221222
1539	0.685353
1540	-0.012471
1541	0.437563
1542	1.528489
1543	0.910912
1544	0.003795
1545	0.168627
1546	0
1547	0.253754
1548	-0.017351
1549	-0.19628
1550	-0.011929
1551	-0.077536
1552	0.308517
1553	-0.291709
1554	-0.372498
1555	0.08838
1556	-0.086754
1557	-0.133384
1558	0.190858
1559	0.299842
1560	-0.609444
1561	0.162663
1562	0.227186
1563	0.129046
1564	0.231524
1565	0.080789
1566	0.616492
1567	0.157783
1568	1.660788
1569	0.51293
1570	-0.242368
1571	0.825243
1572	0.022773
1573	
1574	
1575	
1576	
1577	
1578	
1579	
1580	
1581	
1582	
1583	
1584	
1585	
1586	
1587	
1588	
1589	
1590	
1591	
1592	
1593	
1594	
1595	
1596	
1597	
1598	
1599	
1600	
1601	
1602	
1603	
1604	
1605	
1606	
1607	
1608	
1609	
1610	
1611	
1612	
1613	
1614	
1615	
1616	
1617	
1618	
1619	
1620	
1621	
1622	
1623	
1624	
1625	
1626	
1627	
1628	
1629	
1630	
1631	
1632	
1633	
1634	
1635	
1636	
1637	
1638	
1639	
1640	
1641	
1642	
1643	
1644	
1645	
1646	
1647	
1648	
1649	
1650	
1651	
1652	
1653	
1654	
1655	
1656	
1657	
1658	
1659	
1660	
1661	
1662	
1663	
1664	
1665	
1666	
1667	
1668	
1669	
1670	
1671	
1672	
1673	
1674	
1675	
1676	
1677	
1678	
1679	
1680	
1681	
1682	
1683	
1684	
1685	
1686	
1687	
1688	
1689	
1690	
1691	
1692	
1693	0.641434
1694	
1695	1.017186
1696	-0.059643
1697	0
1698	0.235319
1699	0.61595
1700	1.194488
1701	1.124001
1702	0.106815
1703	0.510219
1704	0.998208
1705	0.09814
1706	0.443528
1707	0.355147
1708	0
1709	-0.035244
1710	0.10302
1711	0.668545
1712	-0.158867
1713	0.081874
1714	0.07862
1715	0.153988
1716	3.246752
1717	1.945449
1718	-0.020062
1719	-0.079705
1720	-0.707042
1721	0.176218
1722	0.063981
1723	0.13013
1724	-0.052594
1725	-0.842052
1726	0.010844
1727	-0.016809
1728	0.78512
1729	1.160329
1730	0.703246
1731	0
1732	0.670713
1733	0.352436
1734	-0.225017
1735	0.040124
1736	0.055305
1737	0.222306
1738	0.543294
1739	0.054763
1740	0.084043
1741	0.085669
1742	-0.260803
1743	0.273816
1744	0.133926
1745	0.220679
1746	0.006507
1747	-0.218511
1748	0.599684
1749	-0.887597
1750	0.045546
1751	0.027653
1752	1.068695
1753	0.078078
1754	0.184894
1755	0.074825
1756	0.024399
1757	0.071572
1758	1.365826
1759	0.260803
1760	-0.052052
1761	-0.011386
1762	0.1079
1763	-0.18652
1764	-0.919046
1765	0.081874
1766	2.314151
1767	-0.116575
1768	-0.324241
1769	0.127962
1770	0.122539
1771	0.038497
1772	-0.005422
1773	0.022231
1774	0.66258
1775	-0.104104
1776	-0.021688
1777	-0.303637
1778	0.956458
1779	-0.073741
1780	0.281407
1781	0.076994
1782	-0.112237
1783	0.265141
1784	0.204413
1785	-0.315024
1786	-0.50046
1787	0.163205
1788	-0.168627
1789	-0.006507
1790	-0.260261
1791	0.214173
1792	-0.018435
1793	-0.83175
1794	0.033617
1795	-0.014097
1796	0.188147
1797	-0.037412
1798	0.123624
1799	0.67234
1800	-0.114948
1801	0.132841
1802	0.036328
1803	0.072656
1804	0.054763
1805	-0.043919
1806	2.603149
1807	0.69186
1808	0.142059
1809	0.753672
1810	0.023857
1811	-0.085669
1812	0.504797
1813	0.2749
1814	0.005422
1815	0.060185
1816	0.531908
1817	0.580164
1818	0.041208
1819	0.163205
1820	0.005422
1821	-0.041208
1822	0.481482
1823	-0.029822
1824	0.736321
1825	0.045003
1826	-0.581791
1827	-0.16429
1828	0.016266
1829	0.025484
1830	0.249959
1831	0.276527
1832	0.021688
1833	-0.139348
1834	0.311771
1835	0.06615
1836	-0.165916
1837	0.184351
1838	-0.063439
1839	-0.05639
1840	0.34105
1841	1.0649
1842	-0.039039
1843	0.66746
1844	0.033617
1845	0.407742
1846	0.174592
1847	0.428346
1848	0.899526
1849	-0.495038
1850	1.242203
1851	-0.422381
1852	0.528655
1853	0.032533
1854	0.601853
1855	0.015724
1856	-0.065065
1857	0.909286
1858	0.10302
1859	0.268936
1860	-0.072114
1861	1.006341
1862	0.618661
1863	0.052594
1864	0.047714
1865	-0.459252
1866	1.012306
1867	0.060727
1868	-0.39256
1869	-0.151277
1870	-0.028195
1871	0.151277
1872	1.350645
1873	-0.096513
1874	0.048257
1875	-0.014097
1876	0.914708
1877	0.827412
1878	0.789457
1879	-0.124708
1880	0.360569
1881	-0.063439
1882	0.14477
1883	0.203329
1884	0.196822
1885	-0.049341
1886	0.273816
1887	0.092718
1888	-0.073741
1889	0.369787
1890	-0.072656
1891	0.069945
1892	0.126335
1893	0.001084
1894	-0.461963
1895	-0.114948
1896	-0.097598
1897	-0.269478
1898	-0.033617
1899	-0.040666
1900	0.151819
1901	0.58884
1902	-0.151819
1903	-0.402862
1904	0.259718
1905	0.398524
1906	-0.229355
1907	0.043377
1908	0.01464
1909	-0.174049
1910	-0.047714
1911	-0.454914
1912	-0.005422
1913	-0.139348
1914	-0.142601
1915	-0.161579
1916	0.646314
1917	-0.045003
1918	0.342134
1919	-0.089465
1920	0.581249
1921	0.014097
1922	0.226101
1923	0.015724
1924	0.560645
1925	0.069403
1926	0.002711
1927	-0.337254
1928	0.04175
1929	0.003253
1930	-0.001084
1931	0.004338
1932	-0.387138
1933	-0.386053
1934	0.950494
1935	0.045546
1936	0.151819
1937	0.054763
1938	-0.012471
1939	-0.541125
1940	-0.091633
1941	0.148565
1942	0.339966
1943	-0.143143
1944	0.311228
1945	0.080247
1946	0.18164
1947	0.088922
1948	-0.326952
1949	0.212546
1950	1.141352
1951	0.106273
1952	1.327872
1953	0.02711
1954	0.294962
1955	0.604022
1956	0.457625
1957	0.325868
1958	0.210377
1959	0.617577
1960	0.000542
1961	-0.003795
1962	-0.028195
1963	0.069945
1964	0.664749
1965	0.070487
1966	-0.687522
1967	-0.149108
1968	0.021688
1969	-0.012471
1970	0.202786
1971	0.095429
1972	0.085127
1973	0.454914
1974	0.193027
1975	0.986822
1976	0.944529
1977	0.684811
1978	-0.024399
1979	0.567151
1980	-0.06615
1981	0.268394
1982	-0.124708
1983	0.333459
1984	0.048799
1985	-0.090007
1986	0.201702
1987	-0.37792
1988	-0.14477
1989	0.676136
1990	0.695655
1991	0.116575
1992	0.343761
1993	0.106273
1994	0.029279
1995	0.152903
1996	0.279238
1997	-0.284118
1998	1.739951
1999	-0.009218
2000	0.457625
2001	-0.447323
2002	0.422924
2003	0.137721
2004	-0.1914
2005	0.246705
2006	-0.270563
2007	1.360946
2008	0.298758
2009	-0.047714
2010	-0.052052
2011	-0.392018
2012	-0.047172
2013	0.705957
2014	-0.037955
2015	0.207666
2016	0.111153
2017	0.856691
2018	0.392018
2019	-0.650652
2020	-0.029279
2021	0.849643
2022	-0.703788
2023	1.41083
2024	0.143686
2025	-0.238572
2026	-0.055848
2027	0.039581
2028	-0.544921
2029	0.062354
2030	0.672882
2031	0.084043
2032	0.502628
2033	-0.149108
2034	-0.030364
2035	0.907117
2036	0.162663
2037	2.005634
2038	0.883802
2039	0.120371
2040	0.2993
2041	0.059643
2042	0.948867
2043	0.365992
2044	-0.068318
2045	-0.358401
2046	0.207666
2047	0.632759
2048	0.93965
2049	0.791084
2050	0.010844
2051	0.01952
2052	-0.009218
2053	1.024776
2054	0.852354
2055	0.683184
2056	-0.23315
2057	0.171338
2058	-0.695113
2059	-0.074283
2060	-0.099224
2061	-0.520521
2062	0.014097
2063	0.413164
2064	0.045546
2065	0.069403
2066	-0.349725
2067	0.20116
2068	0.184351
2069	2.701289
2070	0.259176
2071	3.538461
2072	-0.337797
2073	-0.187062
2074	0.056932
2075	1.922134
2076	0.201702
2077	0.518895
2078	0.03687
2079	0.034701
2080	0.932601
2081	1.572951
2082	-0.16429
2083	-0.010302
2084	0.050426
2085	0
2086	0.050426
2087	-0.190858
2088	0.352436
2089	0.602937
2090	-0.197364
2091	0.031448
2092	0.323699
2093	0.228813
2094	0.342134
2095	0.217426
2096	0.94724
2097	-0.020062
2098	-0.106273
2099	-0.234777
2100	-0.581791
2101	0.479856
2102	-0.008675
2103	0
2104	0.049341
2105	0.34593
2106	0.024942
2107	0.299842
2108	-0.005964
2109	-0.629506
2110	0.066692
2111	0.287371
2112	0.212004
2113	0.575827
2114	-0.073741
2115	-0.123082
2116	0.272732
2117	0.615408
2118	0.185978
2119	0.362738
2120	-0.55197
2121	-0.094344
2122	-0.033075
2123	0.198449
2124	-0.008133
2125	-0.464132
2126	0.819279
2127	0.01464
2128	0.116575
2129	-2.523986
2130	-0.03199
2131	0.022231
2132	0.045003
2133	0.045003
2134	0.00488
2135	0.047714
2136	0.322615
2137	0.023315
2138	1.936231
2139	0.937481
2140	0.524317
2141	0.396355
2142	-0.231524
2143	-0.575285
2144	0.043919
2145	0.19628
2146	-0.762347
2147	0.004338
2148	0.086211
2149	0.170254
2150	-0.801386
2151	-0.173507
2152	-0.486904
2153	0.015182
2154	-0.413164
2155	0.022773
2156	0.157783
2157	0.88814
2158	1.183644
2159	0.823617
2160	0.024399
2161	-0.092718
2162	-0.88814
2163	-0.948867
2164	0.13989
2165	0.526486
2166	0.22339
2167	-0.007591
2168	0.996582
2169	-0.003795
2170	-0.002169
2171	0.216342
2172	-0.586129
2173	0.432683
2174	0.042835
2175	0.136095
2176	0.315566
2177	0.985737
2178	0.02711
2179	0.065065
2180	-0.078078
2181	0.120371
2182	-1.915085
2183	0.512388
2184	-0.387138
2185	-0.502628
2186	0.135552
2187	-0.179471
2188	0.05151
2189	1.513307
2190	0.582333
2191	-0.01464
2192	0.097598
2193	1.017186
2194	1.196657
2195	0
2196	0.040124
2197	-0.335628
2198	-0.027653
2199	0.009218
2200	0.09814
2201	0.071029
2202	-0.144228
2203	-0.455998
2204	0.417502
2205	1.513307
2206	-0.215799
2207	0.033617
2208	0.065065
2209	0.150192
2210	0.057474
2211	0.730899
2212	-0.335628
2213	-0.265141
2214	0.129588
2215	-0.907659
2216	-0.254296
2217	-0.092176
2218	0.317735
2219	0.623541
2220	0.075367
2221	0.228813
2222	2.143897
2223	0.101393
2224	0.244537
2225	0.288456
2226	3.193073
2227	-0.075909
2228	0.08838
2229	-0.006507
2230	0.143686
2231	0.017351
2232	-0.125793
2233	1.995874
2234	0.309602
2235	-0.305264
2236	0.207124
2237	0.120913
2238	0.024399
2239	0.125793
2240	-0.018435
2241	-0.27002
2242	0.933143
2243	-0.014097
2244	0.210377
2245	-0.045546
2246	-0.231524
2247	-0.194653
2248	0.67234
2249	-0.192484
2250	-0.143686
2251	0.024942
2252	-0.015182
2253	0.15453
2254	-0.099224
2255	0.264598
2256	0.788915
2257	0.394729
2258	0.280865
2259	0.546547
2260	0.046088
2261	0.703788
2262	-0.05639
2263	0.283576
2264	-0.840967
2265	-0.365449
2266	-0.285745
2267	0.421839
2268	-0.393644
2269	0.382258
2270	-0.275985
2271	0.029279
2272	-0.080789
2273	0.074283
2274	0.073198
2275	0.270563
2276	0.377378
2277	0.965676
2278	0.024399
2279	0.495038
2280	-0.178929
2281	0.095429
2282	-0.054221
2283	0.39744
2284	0.727645
2285	1.927013
2286	-0.198449
2287	0.654989
2288	0
2289	-0.120371
2290	0.108442
2291	-0.217968
2292	-0.643603
2293	0.055848
2294	0.078078
2295	-0.024399
2296	0.278154
2297	0.046088
2298	0.026568
2299	0.968387
2300	0.059643
2301	0.288456
2302	0.932601
2303	0
2304	-0.168627
2305	0.059643
2306	0.050968
2307	0.098682
2308	-0.057474
2309	0.15453
2310	-0.747165
2311	0.117117
2312	0.050968
2313	-0.032533
2314	-0.406657
2315	0.025484
2316	0.365449
2317	-0.170796
2318	0.024942
2319	-0.007049
2320	0
2321	0.113322
2322	-0.357316
2323	-0.101935
2324	0.67722
2325	-0.909286
2326	-0.262972
2327	0.600768
2328	-0.003795
2329	-0.48094
2330	2.111365
2331	0.103562
2332	0.054221
2333	-0.681558
2334	0.203329
2335	0.104104
2336	1.003088
2337	-0.095971
2338	-0.038497
2339	-0.326952
2340	0.217426
2341	0.002169
2342	0.486904
2343	0.438648
2344	-0.080789
2345	0.308517
2346	-0.026568
2347	-1.047007
2348	0.047172
2349	0.15453
2350	0.140432
2351	0.954289
2352	1.294255
2353	-0.039581
2354	-0.043377
2355	0.018977
2356	-0.212546
2357	0.440274
2358	0.110069
2359	0.224475
2360	0.71409
2361	-0.394186
2362	0.074825
2363	-0.145312
2364	0.20604
2365	-0.175676
2366	0.058559
2367	-0.107358
2368	0.348099
2369	0.017893
2370	-0.105731
2371	0.725477
2372	1.02803
2373	-0.042292
2374	0.052052
2375	-0.203329
2376	0.091633
2377	0.434852
2378	0.675051
2379	-0.491242
2380	0.494495
2381	0.081331
2382	-0.035786
2383	0.638723
2384	0.054221
2385	1.120205
2386	-0.364365
2387	1.474811
2388	0.008133
2389	-0.10302
2390	0.017893
2391	0.045003
2392	0.379005
2393	-0.018977
2394	0.084585
2395	-0.010844
2396	0.13989
2397	0.119828
2398	-0.021688
2399	0.029279
2400	0.001084
2401	-0.010844
2402	0.076452
2403	0.026026
2404	0.722766
2405	0.300384
2406	0.018435
2407	0.482024
2408	0.878922
2409	-0.020604
2410	0.080247
2411	1.20967
2412	-0.073741
2413	0.788373
2414	0.618119
2415	0.406115
2416	0.542752
2417	-1.049176
2418	-0.011386
2419	-0.495038
2420	0.603479
2421	0.365992
2422	0.606191
2423	0.405573
2424	0.050426
2425	-0.043377
2426	-0.832292
2427	-1.69061
2428	-0.080789
2429	-0.042292
2430	0.061812
2431	-0.124708
2432	0.188147
2433	-0.607275
2434	0.447865
2435	0.499375
2436	-0.102478
2437	0.761262
2438	0.00976
2439	0.478229
2440	0.509677
2441	0.446781
2442	0.443528
2443	0.679931
2444	0.413164
2445	-0.005964
2446	0.04175
2447	-0.343219
2448	-0.352979
2449	-0.836087
2450	0.033617
2451	0
2452	-0.062354
2453	0.018435
2454	0.352436
2455	0.414248
2456	-0.558476
2457	0.632759
2458	0.337797
2459	0
2460	0.029279
2461	0.059101
2462	0.206582
2463	0.013013
2464	0.654989
2465	-0.008133
2466	0.047172
2467	0.203329
2468	0.065607
2469	-0.037412
2470	-0.075367
2471	0.737405
2472	0.06615
2473	0.065607
2474	-0.299842
2475	5.16997
2476	0.730899
2477	0.619746
2478	0.454372
2479	0.799759
2480	0.06615
2481	0
2482	0.203329
2483	1.296424
2484	0.020062
2485	2.427473
2486	1.883637
2487	0.005964
2488	-0.461421
2489	0.268394
2490	0.779155
2491	1.042669
2492	1.499752
2493	0.371414
2494	-0.073198
2495	0.622999
2496	-0.105189
2497	0.920672
2498	1.056225
2499	1.848935
2500	0.074825
2501	-0.053679
2502	-0.73361
2503	-0.156156
2504	-0.044461
2505	0.018977
2506	-0.009218
2507	0.074283
2508	0.163747
2509	0.037955
2510	0.286287
2511	0.59372
2512	-0.010302
2513	0.518353
2514	0.328579
2515	0.29442
2516	0.217968
2517	1.056767
2518	-0.064523
2519	-0.406115
2520	-0.597515
2521	0.653363
2522	1.703081
2523	3.592682
2524	0.216342
2525	0.656616
2526	-1.181475
2527	-0.157241
2528	-0.762347
2529	0.887597
2530	0.04175
2531	1.579457
2532	0.882175
2533	-0.071572
2534	0.10302
2535	0.296047
2536	0.087838
2537	0.011386
2538	-0.41967
2539	0.034159
2540	0.320988
2541	-0.69674
2542	-0.123624
2543	3.375256
2544	0.675593
2545	0.992786
2546	1.081708
2547	-0.225559
2548	-0.268936
2549	0.673967
2550	0.012471
2551	0.847474
2552	0.943987
2553	-0.253212
2554	0.095971
2555	-0.024399
2556	0.191942
2557	0.804639
2558	0.178929
2559	-0.42943
2560	-0.22339
2561	0.488531
2562	1.241118
2563	0.672882
2564	-0.013555
2565	-0.342134
2566	0.213631
2567	0.32153
2568	0.829039
2569	-0.084585
2570	0.326952
2571	-0.679389
2572	0.708668
2573	0.182725
2574	-0.527028
2575	0.322615
2576	0.053137
2577	-1.158702
2578	-0.084585
2579	-0.024942
2580	1.997501
2581	0.959711
2582	0.05639
2583	0.572574
2584	0.379547
2585	1.954666
2586	1.962799
2587	0.197907
2588	1.843513
2589	4.019943
2590	0.272189
2591	0.349725
2592	0.022231
2593	-0.6821
2594	-2.034913
2595	0.130673
2596	
2597	
2598	
2599	
2600	
2601	
2602	
2603	
2604	
2605	
2606	
2607	
2608	
2609	
2610	
2611	
2612	
2613	
2614	
2615	
2616	
2617	
2618	
2619	
2620	
2621	
2622	
2623	
2624	
2625	
2626	
2627	
2628	
2629	
2630	
2631	
2632	
2633	
2634	
2635	
2636	
2637	
2638	
2639	
2640	
2641	
2642	
2643	
2644	
2645	
2646	
2647	
2648	0.02711
2649	0.081331
2650	-0.329664
2651	-0.029279
2652	-0.111153
2653	0.380089
2654	1.223225
2655	0.015182
2656	0.043377
2657	0.178387
2658	0.316108
2659	0.315024
2660	0.855607
2661	0.111153
2662	0.035244
2663	0.270563
2664	-0.220679
2665	-0.642519
2666	0.972182
2667	1.68573
2668	0.049883
2669	0.20604
2670	0.991159
2671	0.29442
2672	0
2673	-3.142648
2674	0.459252
2675	0.034159
2676	0.034701
2677	0.091091
2678	-0.358401
2679	-0.029279
2680	1.291544
2681	0.412079
2682	-0.386596
2683	0.381716
2684	0.133384
2685	1.105566
2686	0.570947
2687	1.269313
2688	0.113864
2689	-0.458709
2690	-0.375751
2691	0.165916
2692	-0.398524
2693	0.243452
2694	0.152361
2695	0.222848
2696	-0.634385
2697	0.169712
2698	0.184894
2699	0.729814
2700	0
2701	0
2702	0
2703	0.156699
2704	0
2705	0
2706	
2707	-0.105189
2708	0.530281
2709	-0.046088
2710	0.337797
2711	-0.213631
2712	0.444612
2713	-0.01952
2714	0
2715	0.027653
2716	0.178387
2717	0
2718	-0.26243
2719	0.081874
2720	0.036328
2721	-0.232066
2722	0.074825
2723	0.017351
2724	0.781324
2725	0.074825
2726	0.121997
2727	0.464674
2728	0.577453
2729	-0.08838
2730	-0.518895
2731	0.570405
2732	0.312855
2733	-0.45383
2734	0
2735	0.220137
2736	-0.018977
2737	0.632217
2738	0.906575
2739	1.421674
2740	0.135552
2741	-0.042835
2742	0.811688
2743	0.88814
2744	0.74337
2745	0.123624
2746	0.88814
2747	0.544379
2748	0.033617
2749	0.067776
2750	0.425635
2751	1.019897
2752	0.158867
2753	0.033617
2754	0.101935
2755	0.034159
2756	0.163747
2757	0.058016
2758	0.173507
2759	1.026945
2760	0.099224
2761	0.694028
2762	0.672882
2763	1.917796
2764	0.03199
2765	-0.047172
2766	-0.021146
2767	0.151819
2768	0.032533
2769	-0.016266
2770	0.547632
2771	-0.461421
2772	0.163205
2773	-0.121455
2774	-0.028737
2775	-0.432683
2776	0.487989
2777	0.24779
2778	0.349183
2779	-0.251043
2780	0.657158
2781	0.798675
2782	0.054763
2783	-0.047172
2784	-0.541668
2785	0.453287
2786	1.295339
2787	0
2788	0.736863
2789	-0.632759
2790	0.08838
2791	-0.145312
2792	0.068318
2793	0.288456
2794	-0.049341
2795	1.503005
2796	-0.494495
2797	0.087296
2798	0.03199
2799	0.203329
2800	0.567151
2801	0.110611
2802	0.063981
2803	0.097056
2804	0.130673
2805	0
2806	0.717886
2807	0.495038
2808	1.188524
2809	-0.329664
2810	0.296047
2811	-0.579622
2812	0.357316
2813	0.643061
2814	0.285745
2815	0.38768
2816	0.094887
2817	-0.361112
2818	0.165374
2819	-0.878922
2820	0.172965
2821	-0.188147
2822	-0.587213
2823	1.876046
2824	0.689149
2825	0.268936
2826	0.340508
2827	0.023315
2828	-0.279238
2829	-0.453287
2830	0.062354
2831	0.183267
2832	0.231524
2833	0
2834	-0.384427
2835	0.739032
2836	0.059101
2837	0.037955
2838	0.034701
2839	-0.410995
2840	0.171338
2841	1.035078
2842	0.37792
2843	-0.042292
2844	0.367618
2845	-0.009218
2846	-0.073741
2847	-0.201702
2848	0.054221
2849	0.216884
2850	0.837172
2851	0.117117
2852	-0.106273
2853	-0.163205
2854	0.663123
2855	0.43919
2856	0.308517
2857	-0.729272
2858	0
2859	-0.107358
2860	0.246163
2861	0
2862	-0.714632
2863	1.152738
2864	0.453287
2865	-0.466843
2866	0.093802
2867	-0.136095
2868	-0.026026
2869	-0.037412
2870	0.026026
2871	0.52269
2872	0.196822
2873	0.144228
2874	0.085127
2875	-0.108984
2876	0.388222
2877	-0.094344
2878	0.118202
2879	0.022773
2880	-0.259718
2881	0.261345
2882	1.523067
2883	-0.005422
2884	-0.95212
2885	0.58884
2886	0
2887	0.601853
2888	0.059101
2889	0.155614
2890	0.974351
2891	0.692402
2892	0.047172
2893	0.023315
2894	1.453122
2895	0.640892
2896	-0.951036
2897	-0.010844
2898	1.004715
2899	0.67234
2900	0.237488
2901	0.146939
2902	0.116033
2903	1.099601
2904	-0.034159
2905	0.090007
2906	0.798133
2907	-0.020062
2908	0.876753
2909	0.26243
2910	-0.152361
2911	-0.612155
2912	0.618119
2913	0.085127
2914	-0.013555
2915	-0.447865
2916	-0.025484
2917	0.069403
2918	-0.068861
2919	-0.561729
2920	0.811688
2921	-0.190858
2922	0.101935
2923	0.548716
2924	0.642519
2925	0.803555
2926	-0.082958
2927	0.13013
2928	0.460878
2929	-0.200075
2930	0.153988
2931	0.151819
2932	0.681558
2933	-0.116575
2934	-1.158702
2935	0.115491
2936	0.184894
2937	0.052052
2938	-0.126335
2939	-0.482024
2940	-0.650109
2941	0.030364
2942	0.23803
2943	1.440651
2944	0.145854
2945	-0.134468
2946	0.029822
2947	0.566609
2948	0.324241
2949	0.376836
2950	1.609821
2951	0.092718
2952	0.35569
2953	1.503548
2954	0.01464
2955	0.816568
2956	-0.054221
2957	0.206582
2958	0.753129
2959	0.717886
2960	1.29317
2961	-1.13864
2962	-0.005964
2963	0.033075
2964	0.979773
2965	0
2966	0.32641
2967	-0.478229
2968	3.073245
2969	-0.079705
2970	0.24779
2971	0.059643
2972	-0.647398
2973	0.385511
2974	-0.054763
2975	-0.255923
2976	1.113699
2977	
2978	-0.517268
2979	-1.039958
2980	1.444447
2981	0.026568
2982	-0.165916
2983	0.214715
2984	-0.045003
2985	0.856149
2986	0.310144
2987	1.529032
2988	-0.252128
2989	1.951413
2990	0.103562
2991	0.095429
2992	0.260803
2993	0.756925
2994	0.743912
2995	0.166458
2996	-0.238572
2997	0.06127
2998	0.751503
2999	0.094887
3000	0.188147
3001	-0.626794
3002	-0.063981
3003	0.085669
3004	-0.801928
3005	-0.035244
3006	-0.032533
3007	-0.372498
3008	0.327495
3009	-0.23315
3010	2.060939
3011	-0.045546
3012	0.605648
3013	0.053679
3014	0.295504
3015	-0.100309
3016	0.008133
3017	2.157453
3018	-0.573658
3019	-1.000919
3020	0.743912
3021	1.473184
3022	0.043919
3023	-1.552347
3024	2.381927
3025	0.037955
3026	1.248709
3027	0.441901
3028	0.02711
3029	-0.153445
3030	-0.694028
3031	0.27002
3032	-0.571489
3033	0.053137
3034	1.092553
3035	3.101982
3036	2.018105
3037	1.236238
3038	0.681558
3039	-0.514557
3040	0.269478
3041	-0.5986
3042	0.498833
3043	-0.067776
3044	0.194653
3045	0
3046	4.015605
3047	1.492161
3048	0.114948
3049	1.024234
3050	1.057851
3051	0.339423
3052	0.017893
3053	0.297131
3054	-0.059101
3055	-0.298758
3056	0.122539
3057	0.147481
3058	0.630048
3059	0.267309
3060	4.863622
3061	0.85398
3062	0.284118
3063	-0.780782
3064	0.080247
3065	1.017186
3066	-0.156156
3067	0.974351
3068	2.576581
3069	0.202244
3070	0.951578
3071	1.036705
3072	0.005964
3073	-0.53245
3074	0.230439
3075	0.646314
3076	0
3077	0.425092
3078	1.884179
3079	2.390061
3080	0.59372
3081	-0.243994
3082	-0.790542
3083	-0.437563
3084	0.029279
3085	0.080247
3086	0.902779
3087	0.364365
3088	-0.237488
3089	-0.094887
3090	0.100309
3091	-0.461963
3092	0.452745
3093	0.907659
3094	-0.126335
3095	0.099767
3096	0.298215
3097	0.575827
3098	1.62934
3099	-0.086211
3100	1.492161
3101	0
3102	0.161036
3103	0
3104	0.081874
3105	0
3106	0
3107	2.010514
3108	2.302765
3109	0.132299
3110	0.038497
3111	1.752422
3112	0.067776
3113	1.110988
3114	0.585044
3115	0.361112
3116	0.632759
3117	1.330583
3118	-0.612697
3119	-1.108819
3120	0.120913
3121	0.975978
3122	1.686815
3123	1.048634
3124	0.042292
3125	1.139725
3126	0.315566
3127	0.120913
3128	0.137721
3129	-0.412079
3130	-0.13013
3131	0.510219
3132	0.126877
3133	0.241826
3134	0.082416
3135	-0.116033
3136	0.400151
3137	-0.115491
3138	0.34593
3139	0.071029
3140	0
3141	-0.053137
3142	1.112072
3143	0.123082
3144	1.02315
3145	-0.261345
3146	-0.357316
3147	0.081331
3148	0.234235
3149	1.503005
3150	0.090007
3151	-0.093802
3152	0.742827
3153	1.301303
3154	0.399609
3155	0.263514
3156	-0.01464
3157	-0.238572
3158	-0.057474
3159	0.030906
3160	-0.441901
3161	1.386973
3162	0.563898
3163	0.030364
3164	0.322073
3165	1.729107
3166	1.087131
3167	-0.17188
3168	0.339423
3169	0.438648
3170	0.508593
3171	0.377378
3172	-0.033075
3173	0.861571
3174	0
3175	0.049883
3176	0
3177	0.066692
3178	-0.188147
3179	-0.015724
3180	0.974351
3181	0.03199
3182	0.14477
3183	-0.107358
3184	0
3185	0.371956
3186	0.062354
3187	1.860864
3188	0.389849
3189	-0.087296
3190	0
3191	0
3192	0.05151
3193	-0.347014
3194	0
3195	0
3196	
3197	-0.072114
3198	0.422381
3199	2.000212
3200	0.151277
3201	2.006718
3202	0.110611
3203	0.209293
3204	0.689149
3205	0.216884
3206	0.11766
3207	0.601311
3208	-0.031448
3209	0.669629
3210	1.22919
3211	
3212	0.136637
3213	
3214	
3215	
3216	0
3217	-0.395813
3218	-0.11278
3219	
3220	
3221	
3222	
3223	
3224	
3225	
3226	
3227	
3228	
3229	
3230	
3231	
3232	
3233	
3234	
3235	
3236	
3237	
3238	
3239	
3240	
3241	
3242	
3243	
3244	
3245	
3246	
3247	
3248	
3249	
3250	
3251	
3252	
3253	
3254	
3255	
3256	
3257	
3258	
3259	
3260	
3261	
3262	
3263	
3264	
3265	
3266	
3267	
3268	
3269	
3270	
3271	
3272	
3273	
3274	
3275	
3276	
3277	
3278	
3279	
3280	
3281	
3282	
3283	
3284	
3285	
3286	
3287	
3288	
3289	
3290	
3291	
3292	
3293	
3294	
3295	
3296	
3297	
3298	
3299	
3300	
3301	
3302	
3303	
3304	
3305	
3306	
3307	
3308	
3309	
3310	
3311	
3312	
3313	
3314	
3315	
3316	
3317	
3318	
3319	
3320	
3321	
3322	
3323	
3324	
3325	
3326	
3327	
3328	
3329	
3330	
3331	3.304768
3332	-0.132299
3333	-0.287913
3334	0.840967
3335	0.654989
3336	0.903864
3337	1.320823
3338	0.040666
3339	
3340	0.459252
3341	0.363823
3342	0.133926
3343	1.484028
3344	0.34105
3345	0.17676
3346	1.378839
3347	0.055305
3348	0.003795
3349	2.075579
3350	0.331832
3351	0.301469
3352	0.422381
3353	-0.458167
3354	0.132299
3355	1.866828
3356	0.214173
3357	0.218511
3358	0.310686
3359	0.155072
3360	1.324076
3361	1.287206
3362	0.378462
3363	0.410453
3364	2.818949
3365	0.035786
3366	0.103562
3367	0.656074
3368	-0.475518
3369	-0.501002
3370	0.945614
3371	1.760013
3372	-0.477145
3373	0.564983
3374	0.100851
3375	0.367076
3376	0.101935
3377	0.05639
3378	0.615408
3379	0.456541
3380	0.195196
3381	0.197907
3382	0.046088
3383	0.02711
3384	0.036328
3385	2.879134
3386	-0.707584
3387	0.036328
3388	3.89903
3389	0.099767
3390	0.071029
3391	-0.949409
3392	0.184894
3393	1.244371
3394	0.105189
3395	2.271859
3396	0.052052
3397	1.571324
3398	0.092718
3399	0.493953
3400	0.040124
3401	-0.113864
3402	0.894646
3403	1.580541
3404	0.073741
3405	-0.106815
3406	-0.29442
3407	-0.015182
3408	0.229897
3409	-0.035244
3410	-0.002711
3411	-0.052594
3412	-0.320988
3413	0.627337
3414	0.082958
3415	0.085127
3416	-0.783493
3417	0.049341
3418	0.13013
3419	1.030741
3420	0.245079
3421	0.226101
3422	0.437021
3423	0.389307
3424	0.13013
3425	-0.369787
3426	-0.229897
3427	0.919588
3428	0.741743
3429	0.074283
3430	0.09326
3431	0.112237
3432	4.896696
3433	0.121455
3434	-0.467385
3435	0.062896
3436	0.047714
3437	-0.389849
3438	-0.2993
3439	2.40958
3440	0.187605
3441	0.143686
3442	0.899526
3443	0.002711
3444	0.525401
3445	-0.166458
3446	0.101935
3447	-0.187062
3448	0.428346
3449	0.652278
3450	2.162333
3451	1.229732
3452	0.574742
3453	0.11766
3454	0.251585
3455	1.128339
3456	0.529197
3457	0.122539
3458	-1.963884
3459	0.040666
3460	0.828497
3461	0.51781
3462	0.0835
3463	1.748084
3464	0.129588
3465	0.022231
3466	0.038497
3467	0.029822
3468	-0.724934
3469	1.273109
3470	0.528112
3471	4.158749
3472	1.690068
3473	0.33129
3474	0.056932
3475	-0.275443
3476	0.131215
3477	0.054763
3478	0.070487
3479	-0.119286
3480	-1.452038
3481	-0.001627
3482	-0.184351
3483	0.329664
3484	0.249959
3485	0.607275
3486	0.475518
3487	2.881845
3488	0.086211
3489	0.082958
3490	0.071029
3491	0.058016
3492	0.071572
3493	0.369787
3494	0.079705
3495	0.42943
3496	-0.351894
3497	0.460878
3498	0.10302
3499	0.445696
3500	0.167543
3501	1.790919
3502	-0.241826
3503	1.805558
3504	0.109526
3505	0.117117
3506	0.483651
3507	-0.000542
3508	-0.388222
3509	-0.35081
3510	0.018977
3511	0.67234
3512	0.184894
3513	0.185436
3514	2.396025
3515	-0.085127
3516	1.51873
3517	0.127962
3518	-0.502086
3519	0.075367
3520	1.780075
3521	0.20116
3522	-0.007591
3523	0.20116
3524	0.183809
3525	0.810061
3526	0.563898
3527	0.482024
3528	0.550343
3529	-0.459794
3530	-0.746081
3531	0.036328
3532	0.146397
3533	-0.111695
3534	1.356067
3535	3.396944
3536	0.030364
3537	0.464132
3538	0.433768
3539	2.304934
3540	-0.192484
3541	1.27582
3542	0.465758
3543	0.11278
3544	0.531366
3545	0.476602
3546	-0.203871
3547	-0.414248
3548	-0.378462
3549	1.112072
3550	0.503171
3551	1.035078
3552	-0.296589
3553	1.930267
3554	3.530328
3555	0.010302
3556	4.297012
3557	-0.165374
3558	-0.587213
3559	1.346849
3560	0.090549
3561	0.626794
3562	0.524859
3563	0.03199
3564	-0.232608
3565	-0.082958
3566	0.396355
3567	0.477145
3568	-0.370871
3569	-0.566067
3570	0.395271
3571	2.594474
3572	-0.107358
3573	0.044461
3574	-0.531908
3575	0.261345
3576	-0.286829
3577	2.051722
3578	0.113864
3579	0.110069
3580	-0.677762
3581	0.521606
3582	0.11766
3583	-0.111695
3584	-0.04175
3585	-0.116033
3586	0.405031
3587	-0.087296
3588	-0.020604
3589	0.907659
3590	0.264056
3591	0.080789
3592	0.514557
3593	0.772107
3594	-0.133384
3595	0.092176
3596	0.002169
3597	0.236946
3598	1.69061
3599	0.348099
3600	0.000542
3601	0.098682
3602	0.17676
3603	-0.213088
3604	0.44407
3605	0.027653
3606	0.236403
3607	-0.225559
3608	0.196822
3609	-0.313397
3610	3.585091
3611	-0.172965
3612	0.114406
3613	6.13673
3614	-0.156156
3615	1.801763
3616	1.356609
3617	1.367995
3618	0.07862
3619	0.964591
3620	1.594097
3621	-0.769938
3622	2.571159
3623	-0.010844
3624	0.781866
3625	-0.065065
3626	0.184351
3627	-0.039039
3628	0.225559
3629	0.13501
3630	2.32608
3631	0.544921
3632	4.364789
3633	0.113864
3634	0.072114
3635	-0.118744
3636	-0.231524
3637	0.149108
3638	-0.172965
3639	0.951036
3640	-0.075909
3641	0.698366
3642	0.469554
3643	1.528489
3644	1.898819
3645	1.230274
3646	0.027653
3647	-0.135552
3648	0.857776
3649	0.573658
3650	0.071029
3651	-0.251585
3652	1.616869
3653	-0.450034
3654	-0.332917
3655	4.057898
3656	0.624083
3657	2.070699
3658	0.208209
3659	-0.05639
3660	0.00976
3661	0.225559
3662	-0.122539
3663	-0.014097
3664	0.132841
3665	-0.283576
3666	1.074118
3667	0.362196
3668	-0.164832
3669	-1.009595
3670	0.404488
3671	-0.08838
3672	1.535538
3673	-0.057474
3674	0.080247
3675	-0.331832
3676	0.121997
3677	0.390391
3678	1.672717
3679	0.182182
3680	0.054763
3681	-0.002169
3682	-0.158867
3683	-0.096513
3684	1.971475
3685	0.001084
3686	0.36816
3687	0.524317
3688	0.482567
3689	0.110611
3690	0.198449
3691	1.333836
3692	-0.325326
3693	0.09814
3694	0.945072
3695	0.369787
3696	-0.163205
3697	0.068318
3698	0.13013
3699	0.185978
3700	0.387138
3701	0.075909
3702	0.357316
3703	0.075909
3704	0.118202
3705	0.146939
3706	0.049883
3707	0.009218
3708	0.231524
3709	0.236946
3710	-0.00488
3711	-0.636554
3712	1.018812
3713	0.127419
3714	0.016266
3715	0.34105
3716	-0.072656
3717	-0.315566
3718	-0.192484
3719	0.043919
3720	0.059101
3721	-0.105731
3722	0.118202
3723	0.040666
3724	1.455291
3725	0.483651
3726	2.212216
3727	0.119286
3728	0.048799
3729	1.565902
3730	-0.309602
3731	0.756383
3732	0.081331
3733	0.107358
3734	0.129046
3735	0.198991
3736	0.450576
3737	-0.000542
3738	0.050968
3739	0.100851
3740	0.792168
3741	-0.411537
3742	4.500341
3743	0.071029
3744	0.701619
3745	0.492869
3746	0.15941
3747	0.049341
3748	1.414625
3749	-0.178929
3750	0.09326
3751	0.662038
3752	2.168839
3753	0.271105
3754	2.776114
3755	-0.015182
3756	-0.396898
3757	1.686272
3758	0.096513
3759	0.636554
3760	0.288456
3761	-0.074825
3762	0.050968
3763	0.562272
3764	0.07862
3765	0.720055
3766	1.081708
3767	-0.029822
3768	-0.183267
3769	0.871331
3770	0.079705
3771	0.063981
3772	1.688441
3773	0.091633
3774	0.050426
3775	-0.360569
3776	0.274358
3777	0.2749
3778	-0.743912
3779	0.44407
3780	0.844221
3781	0.384969
3782	-0.119828
3783	2.489827
3784	2.496876
3785	2.032202
3786	-0.020062
3787	0.066692
3788	0.0835
3789	-0.421839
3790	3.18006
3791	0.376294
3792	1.985572
3793	0.06615
3794	-0.433226
3795	0.241283
3796	0.599684
3797	-0.152903
3798	0.288456
3799	2.076663
3800	2.987576
3801	-0.009218
3802	0.4663
3803	0.455998
3804	0.093802
3805	0.862656
3806	0.039039
3807	0.094344
3808	0.394729
3809	0.046088
3810	0.060185
3811	-0.109526
3812	0.060727
3813	0.720597
3814	-0.024942
3815	-0.036328
3816	0.249959
3817	0.080789
3818	0.483651
3819	0.398524
3820	2.074495
3821	0.189231
3822	2.349937
3823	0.553054
3824	-0.16429
3825	1.638558
3826	0.633301
3827	0.078078
3828	0.153445
3829	1.181475
3830	0.279238
3831	0.122539
3832	2.506636
3833	0.413164
3834	-0.020062
3835	0.044461
3836	0.080247
3837	1.564817
3838	-0.638181
3839	-0.109526
3840	1.170631
3841	0.426177
3842	-0.008675
3843	0.062896
3844	-0.177845
3845	-0.360569
3846	1.556684
3847	2.223602
3848	0.367076
3849	-0.287913
3850	-0.110611
3851	0.239657
3852	-0.008675
3853	1.067069
3854	0.116575
3855	-0.069945
3856	1.269313
3857	-0.028737
3858	1.075202
3859	-0.090007
3860	-0.069945
3861	1.31269
3862	1.427638
3863	0.427803
3864	0.05151
3865	1.548551
3866	-0.079705
3867	3.612201
3868	0.335086
3869	0.074825
3870	0.136637
3871	0.288998
3872	0.229897
3873	0.06615
3874	2.261557
3875	0.085669
3876	0.640892
3877	0.183809
3878	-0.073198
3879	0.155614
3880	0.065065
3881	-0.099767
3882	0.008133
3883	0.291167
3884	-0.266225
3885	0.050968
3886	0.099224
3887	0.249416
3888	0.143143
3889	-0.180556
3890	0.039039
3891	-0.105189
3892	0.309602
3893	0.178387
3894	0.181098
3895	0.015724
3896	-0.002711
3897	-0.750418
3898	0.133384
3899	0.431057
3900	0.240741
3901	0.033075
3902	0.158325
3903	0.701619
3904	5.018151
3905	2.672552
3906	0.056932
3907	0.287913
3908	-0.454372
3909	-0.005422
3910	-0.113322
3911	0.052052
3912	-0.020604
3913	0.177845
3914	0.031448
3915	-0.167001
3916	-0.267309
3917	-0.034159
3918	0.311771
3919	0.151277
3920	-0.032533
3921	0.234235
3922	0.061812
3923	0.082958
3924	0.376836
3925	0.534619
3926	0.086211
3927	-1.480775
3928	0.163747
3929	-0.002169
3930	-0.082958
3931	0.176218
3932	0.024942
3933	0.680473
3934	0.120371
3935	-0.035786
3936	0.996039
3937	0.218511
3938	-0.076452
3939	0.03199
3940	0.050426
3941	0.237488
3942	0.060185
3943	1.855984
3944	-0.068861
3945	0.055848
3946	0.013013
3947	-0.00976
3948	1.203163
3949	-0.167543
3950	0.272732
3951	0.428888
3952	0.273816
3953	0.241283
3954	0.114948
3955	-0.273274
3956	0.024399
3957	0.383342
3958	-0.79488
3959	0.029279
3960	-0.034701
3961	0.037955
3962	-0.02711
3963	4.389188
3964	2.469223
3965	0.221222
3966	0.604022
3967	0.359485
3968	0.278154
3969	0.288998
3970	3.015771
3971	0.041208
3972	1.156533
3973	2.182936
3974	-0.04175
3975	3.18494
3976	1.963342
3977	0.317735
3978	0.188147
3979	1.352271
3980	0.100309
3981	0.330206
3982	-0.279238
3983	-0.172423
3984	0.254296
3985	0.116575
3986	-0.05151
3987	1.105566
3988	0.118744
3989	0.352436
3990	0.038497
3991	0.650109
3992	-0.055305
3993	0.027653
3994	0.063981
3995	0.22827
3996	-0.046088
3997	1.608736
3998	1.829958
3999	0.042292
4000	1.308352
4001	1.725311
4002	0.071572
4003	0.683727
4004	0.037412
4005	0.043919
4006	1.357151
4007	0.062896
4008	0.038497
4009	-0.003253
4010	0.187605
4011	0.101393
4012	-0.129046
4013	-0.127962
4014	0.234235
4015	3.813903
4016	0.31665
4017	0.177303
4018	0.613781
4019	0.427803
4020	0.116575
4021	0.097598
4022	2.006718
4023	0.011386
4024	0.370871
4025	0.089465
4026	0.049341
4027	1.35932
4028	-0.129588
4029	4.77741
4030	2.682312
4031	-0.024399
4032	0.393644
4033	2.146608
4034	0.119286
4035	0.416417
4036	0.127962
4037	0.073198
4038	0.04663
4039	-0.090549
4040	0.043919
4041	0.071029
4042	-0.343219
4043	-0.136637
4044	1.411914
4045	0.047714
4046	0.072114
4047	0.338339
4048	0.110069
4049	0.654447
4050	0.504255
4051	0.371956
4052	-0.022231
4053	0.065065
4054	1.485655
4055	-0.180014
4056	3.303684
4057	-0.404488
4058	0.387138
4059	0.016266
4060	0.002169
4061	1.00363
4062	0.356232
4063	-0.078078
4064	0.107358
4065	0.169712
4066	2.240953
4067	0.445696
4068	4.748673
4069	0.105189
4070	0.042292
4071	0.073198
4072	0.037412
4073	-0.084043
4074	0.119286
4075	-0.177303
4076	0.055305
4077	1.234069
4078	-0.035786
4079	0.440274
4080	0.689149
4081	1.147316
4082	0.27978
4083	0.265141
4084	0.091633
4085	0.338339
4086	0.046088
4087	0.097056
4088	0.230439
4089	0.092718
4090	0.139348
4091	0.097056
4092	-0.011386
4093	0.01952
4094	0.228813
4095	0.37792
4096	4.071995
4097	0.120371
4098	0.204413
4099	2.796718
4100	2.686107
4101	0.297673
4102	2.516938
4103	0.035786
4104	-0.052594
4105	0.18164
4106	0.188147
4107	4.957424
4108	0.104646
4109	0.098682
4110	0.170796
4111	1.363115
4112	0.026568
4113	0.067776
4114	0.557934
4115	0.200618
4116	2.280534
4117	2.535373
4118	0.069945
4119	0.446781
4120	0.179471
4121	-0.017893
4122	0.093802
4123	2.075037
4124	0.957542
4125	0.362738
4126	-0.157241
4127	-0.043377
4128	0.005964
4129	-0.248874
4130	-0.129046
4131	-0.003795
4132	0.006507
4133	0.106815
4134	1.38643
4135	-0.107358
4136	-0.252128
4137	-0.05151
4138	0.19628
4139	0.469554
4140	0.281407
4141	0.566067
4142	0.087838
4143	0.684811
4144	1.48457
4145	-0.466843
4146	-0.541668
4147	0.175676
4148	0.178929
4149	1.067069
4150	0.111153
4151	0.079163
4152	0.380631
4153	0.068318
4154	0.180556
4155	-0.059101
4156	0.052594
4157	0.086754
4158	0.284118
4159	1.844598
4160	0.264056
4161	0.037412
4162	1.288833
4163	-0.027653
4164	0.194111
4165	0.100851
4166	0.273816
4167	0.162121
4168	3.33459
4169	-0.330748
4170	0.207124
4171	3.263561
4172	0.058559
4173	0.743912
4174	-0.214715
4175	0.178929
4176	0.061812
4177	-0.204413
4178	0.109526
4179	0.007591
4180	0.080247
4181	0.022231
4182	2.756594
4183	1.850562
4184	0.463589
4185	0.325868
4186	3.190362
4187	0.026026
4188	-0.851812
4189	0.302553
4190	-0.094344
4191	0.119828
4192	1.501379
4193	0.354063
4194	0
4195	0.026568
4196	0.131215
4197	0.490158
4198	4.09531
4199	-0.044461
4200	0.087296
4201	0.254839
4202	-0.14477
4203	1.510596
4204	1.125085
4205	0.024942
4206	0.255381
4207	0.890851
4208	2.56411
4209	0.16429
4210	1.177137
4211	0.060185
4212	0.653363
4213	0.633843
4214	-0.118202
4215	0.510219
4216	0.062896
4217	0.182725
4218	1.052971
4219	0.629506
4220	0.155072
4221	1.743747
4222	-0.683727
4223	-0.003795
4224	0.087838
4225	2.177514
4226	-0.05151
4227	0.143686
4228	0.155072
4229	0.370871
4230	0.064523
4231	1.726938
4232	1.164667
4233	0.037412
4234	0.044461
4235	0.133926
4236	0.037412
4237	2.393856
4238	0.678847
4239	4.869586
4240	-0.152903
4241	-0.170796
4242	-0.230981
4243	0.658243
4244	-0.105189
4245	0.136637
4246	0.251585
4247	1.272566
4248	0.439732
4249	0.158867
4250	-0.384427
4251	0.279238
4252	-0.736321
4253	0.831208
4254	-0.375209
4255	-0.184351
4256	0.371414
4257	0.110069
4258	0.302553
4259	-0.656616
4260	2.932813
4261	0.484193
4262	
4263	
4264	
4265	
4266	
4267	
4268	
4269	
4270	
4271	
4272	
4273	
4274	
4275	
4276	
4277	
4278	
4279	
4280	
4281	
4282	
4283	
4284	
4285	
4286	
4287	
4288	
4289	
4290	
4291	
4292	
4293	
4294	
4295	
4296	
4297	
4298	
4299	
4300	
4301	
4302	
4303	
4304	
4305	
4306	
4307	
4308	
4309	
4310	
4311	
4312	
4313	
4314	
4315	
4316	
4317	
4318	
4319	
4320	
4321	
4322	
4323	
4324	
4325	
4326	
4327	
4328	
4329	
4330	
4331	
4332	
4333	
4334	
4335	
4336	
4337	
4338	
4339	
4340	
4341	
4342	
4343	
4344	
4345	
4346	
4347	
4348	
4349	
4350	
4351	
4352	
4353	
4354	
4355	
4356	-1.340343
4357	-0.158867
4358	0.087296
4359	
4360	
4361	
4362	
4363	
4364	-1.216719
4365	0.290624
4366	0.272189
4367	0.122539
4368	0.153445
4369	0.13501
4370	0.218511
4371	0.304722
4372	0.844221
4373	-1.286122
4374	-0.515099
4375	0.091633
4376	0.958085
4377	-0.600768
4378	-0.0835
4379	0.697824
4380	0.061812
4381	-0.267852
4382	0.317193
4383	2.679058
4384	-0.293335
4385	1.996416
4386	0.347556
4387	0.145854
4388	-1.057851
4389	-1.69061
4390	0.045003
4391	0.303637
4392	
4393	
4394	0.531366
4395	2.252339
4396	0.364907
4397	0.190858
4398	1.362573
4399	0.049341
4400	0.09326
4401	0
4402	1.252505
4403	1.345222
4404	-0.073741
4405	-0.119286
4406	
4407	
4408	
4409	
4410	
4411	0.916877
4412	0.534077
4413	1.537707
4414	0.123082
4415	0.123624
4416	0.122539
4417	1.855984
4418	0.115491
4419	0.04663
4420	0.478229
4421	-0.646314
4422	-0.940734
4423	0.06615
4424	-1.538791
4425	-1.035621
4426	0.275985
4427	-2.482236
4428	
4429	-0.810061
4430	0.261887
4431	-0.5742
4432	0.104104
4433	2.779367
4434	-0.495038
4435	-1.605483
4436	0.464674
4437	-0.045546
4438	-0.416417
4439	0.937481
4440	-0.049341
4441	0.45383
4442	0.037412
4443	0.094344
4444	0.1079
4445	0.171338
4446	1.860322
4447	2.238242
4448	0.109526
4449	0.595346
4450	-0.482024
4451	1.936231
4452	-0.33129
4453	1.004172
4454	-0.032533
4455	0.347556
4456	-0.213631
4457	-0.506966
4458	5.766943
4459	1.865744
4460	-0.107358
4461	-0.447323
4462	-1.418963
4463	-2.148777
4464	2.082085
4465	0.195738
4466	-0.204955
4467	3.691906
4468	-0.552512
4469	0.100309
4470	1.397275
4471	-0.959169
4472	0.066692
4473	-0.63547
4474	0.614324
4475	0.595889
4476	0.685895
4477	0.594262
4478	-0.090549
4479	3.631179
4480	0.548716
4481	0.176218
4482	0.534077
4483	-0.180556
4484	-1.125627
4485	0.068861
4486	-0.02711
4487	-0.840425
4488	0.082958
4489	0.134468
4490	0.110611
4491	0.656616
4492	0.441359
4493	-0.01952
4494	1.508428
4495	0.079163
4496	3.043966
4497	0.078078
4498	-0.076452
4499	1.13105
4500	0.643061
4501	3.483155
4502	0.01952
4503	0.494495
4504	0.145854
4505	0.002169
4506	1.450411
4507	0.214173
4508	2.670383
4509	3.096018
4510	1.198826
4511	0.194111
4512	-0.192484
4513	-0.606191
4514	0.562814
4515	-0.296047
4516	-0.325868
4517	0.135552
4518	-0.305264
4519	0.058016
4520	0.029279
4521	1.180391
4522	0.43431
4523	0.10302
4524	0.420213
4525	0.435937
4526	0.075909
4527	0.569862
4528	0.047714
4529	-0.044461
4530	0.380631
4531	0.807893
4532	0.250501
4533	1.910205
4534	0.114948
4535	0.072114
4536	0.579622
4537	-0.047714
4538	2.907329
4539	-0.310686
4540	0.617035
4541	-0.261345
4542	0.060185
4543	0.174592
4544	0.958085
4545	-0.131215
4546	0.124166
4547	1.244371
4548	0.948325
4549	1.976897
4550	0.712464
4551	2.955585
4552	2.999504
4553	0.036328
4554	0.374667
4555	0.42455
4556	2.671467
4557	0.076994
4558	0.021688
4559	-0.129588
4560	0.488531
4561	-0.178387
4562	0.065065
4563	-0.030906
4564	0.004338
4565	0.381173
4566	1.353898
4567	0.131215
4568	0.22827
4569	-0.092718
4570	0.032533
4571	-0.16429
4572	0.994955
4573	0.081874
4574	-0.190858
4575	-0.010302
4576	-0.268936
4577	0.041208
4578	0.226101
4579	0.030364
4580	0.280322
4581	1.34956
4582	0.075367
4583	-0.227728
4584	0.1079
4585	1.569697
4586	0.691317
4587	1.426012
4588	1.506259
4589	0.069403
4590	1.006884
4591	1.851104
4592	-0.040124
4593	0.373583
4594	0.092176
4595	1.033452
4596	1.205874
4597	2.065277
4598	0.350268
4599	4.132181
4600	-0.027653
4601	-0.108984
4602	-0.06615
4603	-2.184563
4604	0.091633
4605	-0.022231
4606	0.010844
4607	0.07862
4608	0.07862
4609	-0.03199
4610	0.045546
4611	1.352813
4612	0.017893
4613	-0.059101
4614	0.049883
4615	-0.03687
4616	-0.560103
4617	0.221764
4618	3.457129
4619	0.108984
4620	-0.026568
4621	1.460713
4622	1.339258
4623	0.30906
4624	0.585587
4625	0.113864
4626	-0.201702
4627	0.050968
4628	-0.104646
4629	0.11766
4630	0.041208
4631	0.03199
4632	-0.100309
4633	0.702162
4634	0.155614
4635	-0.786204
4636	-0.040666
4637	0.022231
4638	0.657158
4639	-0.005964
4640	0.091633
4641	0.074825
4642	0.27978
4643	0.816568
4644	0.04175
4645	0.754756
4646	-0.246705
4647	0.509135
4648	0.225017
4649	0.146939
4650	3.082462
4651	0.26243
4652	0.043919
4653	-0.23803
4654	-0.005422
4655	-0.148565
4656	-0.310144
4657	-0.027653
4658	0.564983
4659	0.234235
4660	0.187605
4661	-0.114948
4662	0.613781
4663	0.112237
4664	0.285745
4665	-0.161579
4666	0.064523
4667	1.229732
4668	0.204955
4669	0.095429
4670	-0.064523
4671	2.009429
4672	0.099767
4673	-0.048257
4674	1.436314
4675	0.272732
4676	0.023857
4677	2.550555
4678	3.171385
4679	-0.120371
4680	3.444659
4681	-0.039581
4682	-0.138263
4683	1.3642
4684	-0.024399
4685	0.427803
4686	0.173507
4687	2.084797
4688	0.0835
4689	0.781324
4690	-0.231524
4691	-0.150192
4692	2.303849
4693	0.022231
4694	3.635516
4695	2.145524
4696	0.216884
4697	0.045003
4698	0.026026
4699	-0.060185
4700	0.061812
4701	-0.133926
4702	1.832127
4703	-0.05639
4704	1.248167
4705	0.085127
4706	0.252128
4707	2.257761
4708	0.333459
4709	4.09043
4710	0.187605
4711	-0.158325
4712	0.123624
4713	-0.084585
4714	-0.169169
4715	0.106273
4716	0.015724
4717	-0.071572
4718	0.305264
4719	0.34593
4720	0.023857
4721	0.056932
4722	0.215799
4723	-0.142059
4724	0.05639
4725	1.736156
4726	-0.020062
4727	0.034701
4728	0.008133
4729	0.069403
4730	-0.122539
4731	-0.011386
4732	1.65374
4733	0.098682
4734	0.058016
4735	2.418798
4736	0.045546
4737	0.028195
4738	0.200618
4739	0.008675
4740	0.055848
4741	0.977062
4742	0.341592
4743	0.066692
4744	-0.003253
4745	1.312148
4746	0.023857
4747	-0.184894
4748	1.456375
4749	-0.130673
4750	0.001627
4751	1.455291
4752	0.148565
4753	0.079163
4754	1.453122
4755	1.202079
4756	-0.022773
4757	-0.01952
4758	1.507885
4759	0.011386
4760	0.068861
4761	0.660411
4762	0.00488
4763	0.00488
4764	0.030906
4765	0
4766	0
4767	0
4768	
4769	-0.10302
4770	0.295504
4771	0.45383
4772	-0.03687
4773	0.758009
4774	-0.035786
4775	0.307433
4776	0.016809
4777	0.137179
4778	0.069403
4779	0.631674
4780	-0.024399
4781	0.052052
4782	-0.029279
4783	0.001627
4784	0.108984
4785	1.203706
4786	-0.220137
4787	0.184894
4788	0.383885
4789	0.016809
4790	0.059101
4791	0.158867
4792	-0.058559
4793	-0.368703
4794	0.418586
4795	-0.558476
4796	-0.084043
4797	0.127962
4798	0.33129
4799	3.701666
4800	2.574954
4801	2.002923
4802	0.32641
4803	-0.07862
4804	-0.099767
4805	0.697282
4806	1.97527
4807	0.069945
4808	1.87225
4809	-0.10302
4810	0.022231
4811	0.467385
4812	1.367453
4813	-0.168085
4814	0.021688
4815	-0.170254
4816	-0.061812
4817	0.169169
4818	-0.249416
4819	0.061812
4820	-0.180556
4821	0.23803
4822	1.107192
4823	-0.198991
4824	-0.092176
4825	0.198991
4826	0.290624
4827	-0.060185
4828	0.032533
4829	-0.076452
4830	0.592635
4831	0.286829
4832	0.021146
4833	-0.035244
4834	0.438648
4835	-0.07862
4836	0.163747
4837	1.345765
4838	0.093802
4839	-0.265683
4840	0.411537
4841	0.082416
4842	0.436479
4843	0.09814
4844	1.444989
4845	-0.22827
4846	-0.124166
4847	0.581249
4848	-0.251585
4849	-0.165374
4850	0.092176
4851	0.842594
4852	-0.023857
4853	0.117117
4854	1.53608
4855	1.382093
4856	-0.085669
4857	2.406327
4858	1.7226
4859	0.104104
4860	1.831042
4861	0.503713
4862	0.016266
4863	0.273274
4864	0.045546
4865	0.634928
4866	0.146397
4867	-0.010302
4868	-0.003795
4869	-0.002169
4870	0.043919
4871	0.042292
4872	-0.068318
4873	-0.121997
4874	0.43431
4875	1.834296
4876	0.002169
4877	-0.746623
4878	-0.29442
4879	0.489615
4880	0.305264
4881	-0.033617
4882	0.031448
4883	-0.060727
4884	1.563191
4885	0.337797
4886	2.310898
4887	0.392018
4888	-0.003795
4889	0.058559
4890	1.420047
4891	0.077536
4892	-0.084585
4893	1.81586
4894	0.069403
4895	1.508428
4896	0.015182
4897	0.230981
4898	-0.270563
4899	0.017351
4900	0.0835
4901	0.078078
4902	1.266602
4903	0.071029
4904	2.099436
4905	0.418044
4906	2.412291
4907	0.074283
4908	0.316108
4909	0.249416
4910	3.492915
4911	0.152903
4912	-0.017351
4913	0.432683
4914	0.893019
4915	0.000542
4916	-0.152361
4917	-0.148023
4918	-0.210377
4919	0.117117
4920	0.887055
4921	0.002169
4922	-0.034159
4923	0.293335
4924	-0.242368
4925	-0.087838
4926	3.04017
4927	2.822202
4928	0.107358
4929	2.320116
4930	0.189773
4931	0.219053
4932	2.342888
4933	0.430515
4934	-0.12525
4935	-0.283033
4936	1.165209
4937	0.138263
4938	3.188736
4939	-0.043919
4940	2.599354
4941	0.541668
4942	-0.05639
4943	0.030906
4944	1.810981
4945	0.190316
4946	0.601853
4947	2.379759
4948	-0.032533
4949	0.791084
4950	-0.010302
4951	-0.131215
4952	0.030364
4953	0.904406
4954	0.000542
4955	-0.239657
4956	1.244371
4957	0.001084
4958	0.207666
4959	0.385511
4960	0.137721
4961	-0.270563
4962	0.105731
4963	0.127962
4964	-0.009218
4965	-0.084585
4966	0.412079
4967	0.099767
4968	0.020604
4969	-0.063981
4970	-0.316108
4971	-0.210377
4972	0.223933
4973	0.266225
4974	-0.165916
4975	0.068318
4976	1.529574
4977	0.440274
4978	0.013555
4979	0.039039
4980	0.020604
4981	0.004338
4982	0.029822
4983	-0.007591
4984	-0.075367
4985	0.054221
4986	-0.056932
4987	0.122539
4988	0.359485
4989	0.113322
4990	0.233692
4991	0.258634
4992	0.878922
4993	0.042835
4994	0.203871
4995	-0.085669
4996	0.117117
4997	0.048257
4998	-0.264056
4999	0.027653
5000	-0.185978
5001	2.021358
5002	-0.531908
5003	2.631344
5004	1.408661
5005	0.030364
5006	0.165374
5007	-0.053137
5008	0.011386
5009	1.088215
5010	0.081874
5011	0.25267
5012	1.686815
5013	0.27978
5014	0.104646
5015	2.126004
5016	0.120913
5017	0.045003
5018	-0.015724
5019	1.593012
5020	0.221222
5021	-0.050426
5022	-0.417502
5023	0.175676
5024	0.118744
5025	0.067776
5026	0.124708
5027	0.110611
5028	0.416417
5029	-0.004338
5030	-0.138263
5031	-0.158867
5032	-0.094887
5033	0.550885
5034	-0.03199
5035	-0.045003
5036	0.017351
5037	1.345222
5038	-0.062896
5039	-0.018435
5040	0.560645
5041	0.054763
5042	-0.13013
5043	0.329664
5044	-0.020604
5045	0.045003
5046	1.139183
5047	1.032367
5048	0.432683
5049	3.872462
5050	0.077536
5051	0.110611
5052	-0.04663
5053	0.207666
5054	1.282326
5055	-0.114406
5056	0.166458
5057	-0.297673
5058	0.165916
5059	0.277069
5060	0.330206
5061	0.29442
5062	1.640727
5063	-0.081874
5064	0.108984
5065	0.159952
5066	-0.185436
5067	1.223225
5068	0.013555
5069	0.074283
5070	-0.017893
5071	0.481482
5072	0.059643
5073	0.919588
5074	0.759094
5075	-0.060727
5076	0.949951
5077	2.201372
5078	-0.247248
5079	-0.029822
5080	1.495957
5081	1.230274
5082	1.378297
5083	0.05639
5084	0.066692
5085	0.032533
5086	1.787123
5087	-0.124708
5088	1.160871
5089	1.057309
5090	0.984111
5091	0.079705
5092	0.991159
5093	0.14965
5094	0.85886
5095	1.930267
5096	0.053137
5097	1.338174
5098	0.050426
5099	0.034701
5100	3.827459
5101	-0.110069
5102	0.07862
5103	0.012471
5104	2.043046
5105	0.002711
5106	0.389307
5107	1.02315
5108	-0.040666
5109	0.288998
5110	-0.175676
5111	0.805181
5112	-0.024942
5113	0.095971
5114	1.212923
5115	0.892477
5116	0.565525
5117	0.157241
5118	2.400905
5119	0.096513
5120	0.373583
5121	2.052806
5122	0.026568
5123	0.205497
5124	0.110069
5125	0.730357
5126	0.074283
5127	0.03199
5128	0.160494
5129	1.113157
5130	1.4477
5131	0.115491
5132	0.035244
5133	0.03687
5134	0.172423
5135	2.373794
5136	-0.046088
5137	0.131215
5138	-0.008675
5139	0.24779
5140	-0.313397
5141	0.149108
5142	-0.169169
5143	0.139348
5144	0.024942
5145	-0.239657
5146	0.209835
5147	-0.14477
5148	0.014097
5149	0.086211
5150	0.195738
5151	2.01214
5152	0.016809
5153	0.364365
5154	1.458002
5155	0.148023
5156	-0.072114
5157	0.879464
5158	0.098682
5159	1.331125
5160	-0.290082
5161	2.917088
5162	-0.094887
5163	0.08838
5164	0.150192
5165	-0.077536
5166	0.048257
5167	0.258092
5168	1.554515
5169	0.060185
5170	0.034159
5171	-0.072114
5172	0.04175
5173	-0.433226
5174	0.034159
5175	-0.042835
5176	0.371956
5177	0.35081
5178	1.737782
5179	0.068318
5180	-0.004338
5181	0.236946
5182	-0.044461
5183	0.556849
5184	0.437021
5185	-0.105189
5186	0.150192
5187	2.253424
5188	0.036328
5189	0.005964
5190	0.049883
5191	-0.18652
5192	-0.03199
5193	0.085669
5194	0.265683
5195	2.159079
5196	1.150027
5197	-0.054763
5198	0.00976
5199	0.660411
5200	1.193404
5201	0.398524
5202	-0.024942
5203	0.033617
5204	1.493788
5205	0.365449
5206	0.222848
5207	-0.176218
5208	0.232066
5209	0.056932
5210	-0.004338
5211	0.761262
5212	-0.104104
5213	-0.040666
5214	1.913458
5215	0.226644
5216	4.818076
5217	0.262972
5218	0.312855
5219	0.34593
5220	2.778283
5221	0.060185
5222	-0.081874
5223	0.007049
5224	0.01952
5225	0.084585
5226	-0.235861
5227	0.015182
5228	0.285202
5229	1.848393
5230	1.128339
5231	-0.627879
5232	0.265141
5233	0.35081
5234	-0.252128
5235	-0.054763
5236	0.367618
5237	0.30418
5238	2.310898
5239	0.082416
5240	0.059101
5241	0.360027
5242	-0.274358
5243	-0.279238
5244	-0.01464
5245	0.329664
5246	1.068695
5247	1.306726
5248	1.237323
5249	1.482944
5250	0.541125
5251	-0.221222
5252	-0.235861
5253	-0.412079
5254	-0.188689
5255	0.099224
5256	-0.029822
5257	0.108442
5258	0.78512
5259	0.200618
5260	0.310144
5261	0.221764
5262	-0.085127
5263	-0.061812
5264	0.049883
5265	1.549635
5266	1.075744
5267	0.022231
5268	0.435937
5269	0.1079
5270	0.039039
5271	-0.05151
5272	0.013555
5273	0.014097
5274	0.065065
5275	0.064523
5276	2.090761
5277	0.715175
5278	0.223933
5279	0.022231
5280	-0.895188
5281	-0.042292
5282	0.043377
5283	0.005422
5284	0.026026
5285	0.008675
5286	0.010844
5287	0.206582
5288	0.145312
5289	0.030364
5290	1.777906
5291	0.066692
5292	0.932601
5293	0.249959
5294	-0.00488
5295	2.577123
5296	0.113322
5297	-0.050426
5298	1.700912
5299	0.213088
5300	-0.022231
5301	0.305264
5302	-0.159952
5303	0.257007
5304	-0.096513
5305	0.184894
5306	0.076994
5307	0.172423
5308	0.222306
5309	0.052594
5310	1.086588
5311	-0.28466
5312	0.045003
5313	1.565902
5314	-0.332375
5315	1.219972
5316	-0.037412
5317	0.129046
5318	-0.124166
5319	-0.063439
5320	0.250501
5321	-0.133926
5322	1.760013
5323	-0.08838
5324	0.026026
5325	0.052052
5326	0.012471
5327	-0.287913
5328	3.901199
5329	0.429972
5330	-0.333459
5331	1.814776
5332	0.015182
5333	0.010844
5334	-0.090007
5335	0.003795
5336	-0.021146
5337	0.156156
5338	
5339	0.945614
5340	0.096513
5341	0.195196
5342	1.501379
5343	1.980692
5344	0.705957
5345	5.612413
5346	-0.021146
5347	0.195738
5348	0.310686
5349	3.232655
5350	0.157241
5351	0.721681
5352	0.405573
5353	0.075909
5354	-0.11766
5355	3.554727
5356	0.063439
5357	-0.158867
5358	1.557226
5359	0.330206
5360	2.173177
5361	0.058016
5362	-0.146397
5363	1.359862
5364	0.212004
5365	-0.585587
5366	-0.205497
5367	-0.06615
5368	-0.095971
5369	1.939484
5370	0.324241
5371	-0.195738
5372	-0.178387
5373	1.494872
5374	-0.328579
5375	-0.071572
5376	0.118202
5377	0.133926
5378	0.172965
5379	1.277988
5380	0.013555
5381	-0.200618
5382	1.73236
5383	-0.016266
5384	0.198449
5385	0.402862
5386	0.358943
5387	-0.121455
5388	1.201537
5389	0.035244
5390	0.158867
5391	0.445154
5392	1.718263
5393	-0.079705
5394	-0.039581
5395	0.13013
5396	-0.19628
5397	0.007591
5398	0.425635
5399	0.534077
5400	0.819821
5401	0.039581
5402	0.079163
5403	0.061812
5404	-0.054221
5405	0.026568
5406	1.383177
5407	0.069945
5408	0.053679
5409	0.041208
5410	0.068861
5411	0.449492
5412	0.108442
5413	0.094344
5414	-0.210377
5415	0.063981
5416	-0.199533
5417	0.378462
5418	0.858318
5419	0.300384
5420	0.208209
5421	0.064523
5422	-0.178387
5423	0.17676
5424	0.073198
5425	1.060562
5426	-0.005422
5427	-0.184894
5428	-0.01464
5429	0.114948
5430	0.065065
5431	0.126335
5432	-0.31665
5433	0.228813
5434	0.506424
5435	0.204955
5436	-0.029822
5437	0.196822
5438	0.465758
5439	0.13501
5440	-0.027653
5441	1.345222
5442	2.160706
5443	0.072114
5444	0.415875
5445	4.232489
5446	0.516184
5447	0.181098
5448	0.536788
5449	0.455998
5450	0.028195
5451	0.479856
5452	0.061812
5453	0.442985
5454	0.568236
5455	0.001627
5456	-0.141517
5457	1.748626
5458	0.046088
5459	0.898442
5460	-0.029822
5461	0.076452
5462	0.247248
5463	-0.14965
5464	1.260638
5465	-0.469011
5466	0.610528
5467	0.253212
5468	0.084585
5469	0.229897
5470	0.134468
5471	-0.137179
5472	1.343054
5473	0.023857
5474	-0.525401
5475	1.304014
5476	-0.227728
5477	-0.217968
5478	3.317239
5479	0.091633
5480	0.18652
5481	0.071572
5482	1.930809
5483	0.057474
5484	0.408826
5485	-0.233692
5486	0.598057
5487	-0.600768
5488	0.42455
5489	-0.172965
5490	
5491	
5492	
5493	
5494	
5495	
5496	
5497	
5498	
5499	
5500	
5501	
5502	
5503	
5504	
5505	
5506	
5507	
5508	
5509	
5510	
5511	
5512	
5513	
5514	
5515	
5516	
5517	
5518	
5519	
5520	
5521	
5522	
5523	
5524	
5525	
5526	
5527	
5528	
5529	
5530	
5531	
5532	
5533	
5534	
5535	
5536	
5537	
5538	
5539	
5540	
5541	
5542	
5543	
5544	
5545	
5546	
5547	
5548	
5549	
5550	
5551	
5552	
5553	
5554	
5555	
5556	
5557	
5558	
5559	
5560	
5561	
5562	
5563	
5564	
5565	
5566	
5567	
5568	
5569	
5570	
5571	
5572	
5573	
5574	
5575	
5576	
5577	
5578	
5579	
5580	
5581	
5582	
5583	
5584	
5585	
5586	
5587	
5588	
5589	
5590	
5591	0.167543
5592	0.148023
5593	0.096513
5594	0.008675
5595	-0.175134
5596	0.016809
5597	0.028737
5598	0.00976
5599	-0.065065
5600	-0.036328
5601	-0.127962
5602	-0.297131
5603	0.016266
5604	-0.121455
5605	0.246705
5606	1.498126
5607	0.166458
5608	1.569697
5609	0.091633
5610	-0.288456
5611	0.014097
5612	1.180933
5613	0.093802
5614	-0.012471
5615	0.00488
5616	-0.000542
5617	0.965676
5618	0.285202
5619	0.053137
5620	0.001627
5621	0.168085
5622	0.243452
5623	-0.000542
5624	-0.026026
5625	0.010302
5626	0.034159
5627	1.384804
5628	0.197907
5629	0.029822
5630	0.087296
5631	-0.300384
5632	0.128504
5633	0.028195
5634	0.068861
5635	1.326245
5636	2.494707
5637	1.762724
5638	0.031448
5639	-0.00976
5640	1.019897
5641	0.828497
5642	-0.06127
5643	-0.040666
5644	0.249416
5645	-0.026568
5646	1.17768
5647	-0.053679
5648	-0.01952
5649	0.131757
5650	0.043377
5651	-0.061812
5652	0.079705
5653	1.760555
5654	1.192861
5655	0.001084
5656	0.187062
5657	1.724227
5658	0.033617
5659	0.239657
5660	0.021146
5661	-0.080789
5662	0.012471
5663	-0.04175
5664	0.011386
5665	1.232443
5666	0.140975
5667	0.126877
5668	0.030906
5669	0.004338
5670	0.132299
5671	0.904406
5672	2.17155
5673	0.013013
5674	0.022231
5675	-0.017351
5676	0.020604
5677	0.026568
5678	0.077536
5679	-0.001627
5680	0.132841
5681	-0.015724
5682	0.034701
5683	-0.003253
5684	0.226644
5685	0.001627
5686	0.109526
5687	0.831208
5688	1.090926
5689	-0.008675
5690	-0.020062
5691	0.573116
5692	0.405573
5693	0.015182
5694	0.010844
5695	0.09814
5696	-0.01952
5697	-0.087838
5698	-0.02711
5699	-0.129046
5700	-0.048257
5701	-0.002169
5702	0.277611
5703	0.249416
5704	0.048799
5705	0.099767
5706	0.09814
5707	-0.010844
5708	4.499799
5709	-0.012471
5710	0.009218
5711	0.920672
5712	0.152361
5713	0.030364
5714	0.023857
5715	0.114948
5716	1.365284
5717	0.204955
5718	0.015182
5719	0
5720	0.447865
5721	0.812772
5722	0.167543
5723	0.011386
5724	-0.070487
5725	1.487824
5726	-0.012471
5727	3.388811
5728	0.059643
5729	0.24291
5730	0.562272
5731	0.554138
5732	-0.118744
5733	-0.368703
5734	0.141517
5735	-0.063981
5736	-0.094887
5737	0.201702
5738	-0.265141
5739	-0.012471
5740	0.30906
5741	0.00976
5742	0.134468
5743	-0.049341
5744	0.045546
5745	-0.213088
5746	-0.047172
5747	0.033617
5748	-0.029279
5749	-0.133926
5750	0.047172
5751	-0.131215
5752	0.042292
5753	-0.008133
5754	-0.092718
5755	-0.062354
5756	-0.044461
5757	0.068861
5758	0.09326
5759	1.120748
5760	0.022231
5761	-0.028195
5762	-0.003795
5763	-0.091091
5764	0.348099
5765	0.148023
5766	0.2993
5767	0.29442
5768	0.259718
5769	-0.13013
5770	0.01464
5771	0.167543
5772	-0.140432
5773	0.302011
5774	0.442443
5775	0.501002
5776	0.069945
5777	0.03199
5778	-0.062354
5779	0.087838
5780	0.263514
5781	0.879464
5782	0.393102
5783	0.159952
5784	1.869539
5785	2.61074
5786	0.184351
5787	2.673636
5788	1.433603
5789	0.169169
5790	0.094344
5791	0.023857
5792	0.017893
5793	0.813857
5794	0.556307
5795	0.241826
5796	0.042835
5797	-0.17676
5798	-0.036328
5799	0.020604
5800	1.711214
5801	1.516561
5802	0.196822
5803	0.017351
5804	-0.002711
5805	2.464886
5806	-0.002169
5807	0.799217
5808	0.145854
5809	-0.079705
5810	-0.002169
5811	-0.000542
5812	-0.049883
5813	1.579457
5814	0.037955
5815	-0.01952
5816	0.13013
5817	0.16429
5818	4.279662
5819	0.496664
5820	0.121997
5821	0.096513
5822	-0.114948
5823	0.180556
5824	0.249959
5825	0.934227
5826	0.223933
5827	0.06127
5828	0.323699
5829	-0.121455
5830	-0.017893
5831	0.018435
5832	0.010302
5833	-0.011386
5834	0.002169
5835	-0.086754
5836	0.046088
5837	0.176218
5838	-0.041208
5839	-0.053137
5840	1.721516
5841	-0.021146
5842	0.074283
5843	0.129046
5844	0.049341
5845	0.059101
5846	0.032533
5847	1.790919
5848	0.160494
5849	0.778613
5850	0.110069
5851	1.690068
5852	1.385346
5853	1.305641
5854	0.032533
5855	0.304722
5856	-0.036328
5857	1.414625
5858	1.100686
5859	1.174969
5860	0.021688
5861	-0.055305
5862	-0.009218
5863	0.125793
5864	0.573658
5865	0.097056
5866	0.151819
5867	-0.00976
5868	-0.114406
5869	0.90549
5870	0.165374
5871	-0.206582
5872	0.581791
5873	1.054598
5874	0.043377
5875	0.011929
5876	0.050968
5877	1.652113
5878	0.201702
5879	0.119828
5880	0.148565
5881	0.108442
5882	0.229897
5883	-0.044461
5884	1.040501
5885	0.598057
5886	0.883802
5887	1.254131
5888	0.017893
5889	-0.015724
5890	0.0835
5891	2.189985
5892	0.087296
5893	0.322615
5894	0.537872
5895	-0.028737
5896	-0.062896
5897	0.283576
5898	0.165916
5899	-0.016809
5900	-0.230439
5901	1.493788
5902	0.169712
5903	-0.086211
5904	0.13501
5905	0.162121
5906	0.350268
5907	0.923925
5908	-0.105189
5909	0.131757
5910	-0.178929
5911	0.09814
5912	-0.214715
5913	-0.010844
5914	0.155072
5915	0.162121
5916	0.463589
5917	0.634928
5918	0.317193
5919	0.087296
5920	0.055848
5921	0.070487
5922	0.904948
5923	0.058559
5924	0.697282
5925	1.378839
5926	0.114948
5927	2.024611
5928	0.213088
5929	2.271317
5930	0.057474
5931	0.10302
5932	0.037412
5933	0.014097
5934	0.071572
5935	0.071572
5936	0.257007
5937	0.001084
5938	-0.052594
5939	0.001627
5940	0.028195
5941	-0.023857
5942	0.018435
5943	0.053137
5944	-0.024399
5945	0.028195
5946	1.319196
5947	0.47606
5948	0.164832
5949	0.216342
5950	-0.005964
5951	0.005422
5952	0.002169
5953	-0.04663
5954	0.096513
5955	0.96188
5956	0.015724
5957	1.471015
5958	0.032533
5959	-0.001084
5960	0.125793
5961	2.637308
5962	-0.012471
5963	0.882175
5964	0.856691
5965	-0.002169
5966	0.798133
5967	0.246163
5968	0.105189
5969	-0.290082
5970	-0.483109
5971	-0.120371
5972	-0.288456
5973	0.071029
5974	0.00976
5975	0.605106
5976	0.30906
5977	0.003795
5978	-0.024942
5979	-0.005964
5980	0.136637
5981	0.003795
5982	-0.213088
5983	0.017893
5984	0.036328
5985	1.075202
5986	-0.015182
5987	0.201702
5988	2.505551
5989	0.003795
5990	0.09326
5991	0.053679
5992	0.074825
5993	-0.032533
5994	0.029822
5995	-0.071029
5996	-0.008133
5997	-0.018435
5998	0.478229
5999	0.202244
6000	1.304557
6001	-0.035786
6002	0.022231
6003	0.357858
6004	0.468469
6005	0.133926
6006	1.674886
6007	0.053679
6008	0.091633
6009	2.976732
6010	3.04017
6011	0.003253
6012	0.676136
6013	1.139725
6014	-0.106815
6015	0.272189
6016	0.003795
6017	0.098682
6018	0.045003
6019	0.172423
6020	0.317735
6021	0.001627
6022	0.255381
6023	-0.075909
6024	0.131757
6025	0.129588
6026	-0.148565
6027	0.146939
6028	0.13501
6029	-0.112237
6030	0.013013
6031	-0.531366
6032	0.276527
6033	0.251043
6034	0.043919
6035	0.006507
6036	0.114406
6037	-0.075909
6038	-0.044461
6039	0.049883
6040	0.107358
6041	0.139348
6042	4.977486
6043	2.907329
6044	0.216342
6045	2.998962
6046	0.028737
6047	0.267309
6048	-0.087838
6049	0.090549
6050	0.008133
6051	0.035244
6052	0.221764
6053	-0.029279
6054	0.005422
6055	0.133384
6056	0.22339
6057	0.031448
6058	0.597515
6059	-0.098682
6060	1.589217
6061	0.426719
6062	2.238784
6063	0.020062
6064	0.232608
6065	0.012471
6066	-0.033617
6067	0.409368
6068	0.085127
6069	0.516184
6070	0.305806
6071	0.021146
6072	0.707584
6073	0.109526
6074	0.00488
6075	0.753672
6076	0.25755
6077	-0.028195
6078	0.112237
6079	0.01952
6080	0.094344
6081	-0.131757
6082	0.101393
6083	-0.081331
6084	0.022773
6085	0.503171
6086	0.350268
6087	0.074283
6088	0.088922
6089	1.254131
6090	0.890851
6091	0.759094
6092	0.30418
6093	0.759636
6094	0.008133
6095	0.017351
6096	0.547632
6097	-0.025484
6098	-0.030906
6099	0.938023
6100	0.137721
6101	3.352483
6102	2.924679
6103	0.0835
6104	3.274947
6105	2.572785
6106	0.13989
6107	0.043377
6108	1.240034
6109	0.056932
6110	0.328579
6111	0.903864
6112	-0.008675
6113	0.003795
6114	1.353356
6115	-0.016809
6116	0.296047
6117	0.076452
6118	0.222848
6119	0.035244
6120	1.650486
6121	0.143686
6122	0.050426
6123	1.12617
6124	0.059643
6125	-0.04663
6126	0.708126
6127	-0.088922
6128	0.002169
6129	0.079163
6130	0.008133
6131	0.077536
6132	-0.11278
6133	0.026568
6134	0.986822
6135	1.602772
6136	0.916334
6137	0.183809
6138	0.13501
6139	0.284118
6140	-0.006507
6141	-0.007049
6142	0.050968
6143	0.418044
6144	0.442985
6145	0.033075
6146	0.413706
6147	2.739786
6148	0
6149	0.215257
6150	0.386053
6151	0.408284
6152	0.242368
6153	-0.01464
6154	0.091091
6155	-0.140432
6156	1.28829
6157	0.024399
6158	0.024399
6159	1.164667
6160	0.014097
6161	0.040666
6162	1.233527
6163	0.087838
6164	-0.108984
6165	0.015724
6166	0.365449
6167	0.074825
6168	0.251043
6169	0.067234
6170	0.123082
6171	0.137721
6172	0.087838
6173	-0.065065
6174	0.005964
6175	0.564983
6176	0.02711
6177	0.364907
6178	0.058016
6179	0.094887
6180	-0.166458
6181	0.17188
6182	0.501544
6183	1.031283
6184	0.999293
6185	0.184894
6186	0.206582
6187	0.160494
6188	0.278696
6189	0.202786
6190	0.043919
6191	-0.03199
6192	0.710837
6193	0.011386
6194	0.026026
6195	-0.020062
6196	0.1914
6197	-0.002711
6198	0.041208
6199	-0.137721
6200	0.005422
6201	0.984653
6202	0
6203	-0.017351
6204	0.435394
6205	0.192484
6206	1.280157
6207	1.336005
6208	0.167543
6209	1.121832
6210	0.269478
6211	-0.00488
6212	0.106273
6213	1.198284
6214	0.163205
6215	2.695867
6216	1.808812
6217	0.006507
6218	0.07862
6219	-0.193027
6220	1.228105
6221	0.043919
6222	0.322073
6223	0.221764
6224	2.894316
6225	0.183809
6226	1.829958
6227	0.30906
6228	2.589594
6229	0.297131
6230	0.215799
6231	2.264268
6232	0.023857
6233	-0.061812
6234	0.808977
6235	0.239115
6236	0.085127
6237	1.893939
6238	0.945614
6239	0.09326
6240	1.575119
6241	0.274358
6242	0.297131
6243	0.016809
6244	-0.026026
6245	0.699993
6246	0.10302
6247	0.75584
6248	-0.002711
6249	-0.094344
6250	0.640892
6251	0.048257
6252	1.126712
6253	-0.008675
6254	0.364907
6255	0.365449
6256	-0.06127
6257	0.105731
6258	0.042292
6259	-0.021688
6260	-0.01464
6261	0.152903
6262	0.30418
6263	0.133384
6264	0.120913
6265	0.023315
6266	0.618661
6267	0.104104
6268	-0.001084
6269	0.080789
6270	0.128504
6271	-0.018977
6272	0.085669
6273	0.264598
6274	-0.042292
6275	-0.002169
6276	0.151277
6277	0.15453
6278	0.199533
6279	-0.034701
6280	0.038497
6281	-0.001627
6282	0.352436
6283	-0.022231
6284	0.079705
6285	0.104104
6286	0.175676
6287	1.066527
6288	0.010844
6289	0.086211
6290	-0.062354
6291	0.337254
6292	1.741578
6293	0.222306
6294	0.015724
6295	-0.015182
6296	2.619958
6297	1.780617
6298	0.016809
6299	0.203329
6300	0.023315
6301	-0.024399
6302	0.084585
6303	0.087838
6304	0.012471
6305	-0.025484
6306	-0.06615
6307	0.268936
6308	1.223767
6309	0.013555
6310	-0.022231
6311	1.161413
6312	0.16429
6313	0.08838
6314	0.183267
6315	0.034159
6316	0.239657
6317	0.248332
6318	0.291167
6319	1.747542
6320	-0.00488
6321	-0.115491
6322	0.013555
6323	0.015724
6324	0.338339
6325	0.090007
6326	2.2377
6327	-0.004338
6328	0.035786
6329	0.052052
6330	0.319362
6331	-0.022231
6332	0.093802
6333	-0.000542
6334	0.074825
6335	0.003253
6336	1.525236
6337	0.060185
6338	-0.133926
6339	0.022231
6340	0.162121
6341	0.058559
6342	0.963507
6343	0.188147
6344	1.285037
6345	1.257927
6346	0.262972
6347	2.124378
6348	0.208751
6349	-0.200618
6350	2.557603
6351	1.590843
6352	0.078078
6353	0.167543
6354	0.027653
6355	0.165916
6356	0.071572
6357	1.698201
6358	-0.064523
6359	0.555765
6360	0.164832
6361	0.002169
6362	-0.018435
6363	-0.113864
6364	0.171338
6365	0.011929
6366	0.479313
6367	0.010844
6368	1.648318
6369	0.015724
6370	0.198449
6371	2.56411
6372	0.344303
6373	3.462552
6374	0.016266
6375	1.026945
6376	0.045546
6377	3.733656
6378	2.233362
6379	0.009218
6380	0.095429
6381	-0.091091
6382	-0.259718
6383	0.221222
6384	-0.028737
6385	-0.00976
6386	0.010844
6387	1.063816
6388	0.15941
6389	-0.024942
6390	0.048257
6391	1.458002
6392	0.974893
6393	0.877295
6394	0.084585
6395	-0.016266
6396	1.080624
6397	-0.017893
6398	0.005964
6399	0.20116
6400	0.06127
6401	-0.055848
6402	0.41479
6403	-0.050426
6404	0.013013
6405	0.739574
6406	0.524317
6407	-0.002169
6408	0.810061
6409	0.190316
6410	0.026568
6411	0.03687
6412	1.528489
6413	-0.040666
6414	0.838798
6415	-0.049883
6416	-0.002169
6417	-0.01464
6418	-0.017351
6419	0.110069
6420	0.036328
6421	0.165374
6422	0.124166
6423	0.258634
6424	1.786039
6425	0.657158
6426	-0.010844
6427	0.136637
6428	-0.010302
6429	0.958085
6430	0.016809
6431	0.038497
6432	0.090007
6433	0.060185
6434	0.354063
6435	0.007049
6436	0.044461
6437	1.443905
6438	-0.011386
6439	0.053137
6440	0.310144
6441	0.031448
6442	-0.063439
6443	0.018435
6444	0.045003
6445	1.151111
6446	-0.173507
6447	0.080247
6448	0.249416
6449	0.128504
6450	2.885098
6451	0.06127
6452	2.739786
6453	1.745373
6454	0.149108
6455	0.266767
6456	0.660411
6457	0.024399
6458	1.202079
6459	0.221764
6460	0.025484
6461	1.086588
6462	-0.042292
6463	-0.015182
6464	-0.037412
6465	0.701077
6466	0.248332
6467	0.298215
6468	2.544048
6469	0.033617
6470	0.002169
6471	0.742827
6472	0.23315
6473	-0.010844
6474	0.099767
6475	-0.037955
6476	0.252128
6477	0.232608
6478	0
6479	-0.060185
6480	0.896815
6481	0.158867
6482	0.063981
6483	2.147151
6484	0.033075
6485	0.034159
6486	0.9814
6487	1.938942
6488	0.361654
6489	1.818572
6490	0.25755
6491	0.066692
6492	2.854192
6493	-0.02711
6494	0.697282
6495	0.223933
6496	1.300761
6497	0.242368
6498	1.811523
6499	0.339966
6500	0.134468
6501	0.286829
6502	0.016266
6503	-0.010302
6504	0.587213
6505	0.286829
6506	0.185436
6507	2.276197
6508	0.016809
6509	0.22339
6510	0.029279
6511	0.35081
6512	-0.079705
6513	0.070487
6514	0.318277
6515	0.13501
6516	-0.377378
6517	0.163747
6518	-0.025484
6519	0.739032
6520	0.189773
6521	-0.004338
6522	-0.02711
6523	1.066527
6524	0.110069
6525	0.948325
6526	-0.028195
6527	0.209835
6528	1.432518
6529	0.030906
6530	0.367076
6531	1.266602
6532	-0.020604
6533	0.00976
6534	-0.110069
6535	-0.099224
6536	0.066692
6537	-0.03687
6538	0.150192
6539	0.214173
6540	0.386596
6541	0.374667
6542	0.010844
6543	0.032533
6544	0.167543
6545	0.029822
6546	2.131969
6547	0.217968
6548	0.005964
6549	0.050968
6550	0.188147
6551	-0.035786
6552	0.201702
6553	0.063439
6554	-0.006507
6555	-0.029279
6556	-0.039581
6557	0.251585
6558	0.172965
6559	0.015724
6560	0.265683
6561	0.256465
6562	0.045546
6563	0.152903
6564	0.021146
6565	0.084043
6566	0.439732
6567	0.426719
6568	0.342677
6569	-0.028737
6570	0.307433
6571	0.108442
6572	0.098682
6573	0.167001
6574	-0.005964
6575	0.113864
6576	0.101393
6577	-0.001627
6578	0.128504
6579	0.091091
6580	-0.037955
6581	0.345388
6582	0.039581
6583	-0.085669
6584	0.306891
6585	0.125793
6586	0.185436
6587	0.03687
6588	1.166835
6589	1.456918
6590	0.256465
6591	2.383554
6592	-0.084043
6593	1.155449
6594	0.024399
6595	-0.040666
6596	0.110611
6597	0.03199
6598	0.058016
6599	0.168085
6600	0.031448
6601	0.290082
6602	0.370871
6603	2.130342
6604	0.04175
6605	0.778071
6606	0.787289
6607	0.277611
6608	1.090926
6609	0.105189
6610	0.067776
6611	0.589382
6612	0.507508
6613	0.403946
6614	0.649567
6615	1.077371
6616	-0.1079
6617	0.121997
6618	-0.265683
6619	0.437563
6620	-0.138806
6621	0.045003
6622	0.356774
6623	0.233692
6624	0.120913
6625	1.40107
6626	0.150734
6627	0.006507
6628	-0.036328
6629	0.1914
6630	0.612155
6631	0.534077
6632	0.73849
6633	0.025484
6634	0.682642
6635	-0.014097
6636	0.537872
6637	0.716259
6638	0.081331
6639	1.412456
6640	1.968764
6641	-0.05639
6642	0.55197
6643	0.23315
6644	0.114948
6645	2.207878
6646	0.043919
6647	0.293335
6648	0.255381
6649	-0.037955
6650	0.140432
6651	0.059643
6652	0.143686
6653	0.610528
6654	0.803013
6655	0.271105
6656	0.059643
6657	0.074825
6658	-0.068861
6659	-0.010302
6660	0.966218
6661	-0.018977
6662	-0.114406
6663	1.103939
6664	0.193027
6665	2.84389
6666	0.225017
6667	0.126877
6668	0.311771
6669	0.050426
6670	1.365284
6671	0.018977
6672	0.860487
6673	0.505882
6674	0.642519
6675	0.541668
6676	-0.022773
6677	0
6678	0.114406
6679	1.313774
6680	1.558311
6681	-0.081331
6682	0.101935
6683	1.600061
6684	0.033617
6685	0.097598
6686	1.007968
6687	0.039581
6688	-0.082958
6689	0.038497
6690	-0.870247
6691	0.001627
6692	0.014097
6693	-0.02711
6694	0.004338
6695	0.034159
6696	0.02711
6697	-0.114406
6698	0.121997
6699	0.010302
6700	0.041208
6701	0.136095
6702	0.215799
6703	0.00976
6704	1.065442
6705	0.805724
6706	0.347014
6707	0.11766
6708	0.080247
6709	0.05151
6710	0.437563
6711	-0.022231
6712	0.081331
6713	-0.034159
6714	0.492869
6715	-0.047714
6716	0.071029
6717	0.184351
6718	0.439732
6719	0.023857
6720	0.168627
6721	-0.029822
6722	-0.220137
6723	0.180014
6724	0.03687
6725	0.546547
6726	0.403946
6727	-0.000542
6728	0.144228
6729	0.104646
6730	0.145312
6731	0
6732	0.157783
6733	0.058016
6734	0.040666
6735	0.81711
6736	-0.011929
6737	0.27978
6738	0.087296
6739	-0.021688
6740	0.028195
6741	0.594804
6742	0.343219
6743	0.113322
6744	-0.04663
6745	0.145312
6746	0.768311
6747	0.528112
6748	0.183809
6749	0.090007
6750	1.065442
6751	0.008675
6752	0.184351
6753	0.140975
6754	0.075909
6755	0.571489
6756	0.562814
6757	1.160329
6758	0.018977
6759	0.644687
6760	0.212004
6761	0.24291
6762	0.597515
6763	-0.021688
6764	0.207666
6765	0.113864
6766	0.018435
6767	0.148023
6768	0.123624
6769	-0.099767
6770	0.296589
6771	-0.094344
6772	0.111153
6773	0.208751
6774	0.001627
6775	1.739951
6776	-0.00488
6777	0.759094
6778	0.028737
6779	0.575285
6780	0.295504
6781	0.804097
6782	0.056932
6783	0.349725
6784	-0.066692
6785	-0.032533
6786	0.319362
6787	-0.059643
6788	0.217968
6789	0.118744
6790	0.050968
6791	-0.003253
6792	0.909286
6793	-0.010302
6794	0.041208
6795	0.016266
6796	0.033075
6797	0.081331
6798	0.318277
6799	0.016266
6800	0.067234
6801	-0.090549
6802	0.298215
6803	-0.08838
6804	0.234235
6805	0.026568
6806	0.09814
6807	0.180014
6808	-0.026026
6809	0.014097
6810	-0.016266
6811	0.055305
6812	1.327329
6813	-0.04663
6814	0.804097
6815	0.648483
6816	1.236238
6817	0.197907
6818	-0.005422
6819	-0.02711
6820	0.203871
6821	2.651406
6822	0.155072
6823	0.106273
6824	0.678304
6825	0.30906
6826	1.449869
6827	-0.04175
6828	0.074283
6829	0.152361
6830	0.058016
6831	1.178764
6832	-0.008675
6833	-0.007049
6834	0.731441
6835	0.113322
6836	0.037412
6837	1.074118
6838	0.259718
6839	0.145312
6840	0.069945
6841	1.340343
6842	0.040124
6843	0.914708
6844	-0.110069
6845	-0.30418
6846	-0.049883
6847	-0.06615
6848	-0.069403
6849	0.048257
6850	0.695113
6851	0.375751
6852	0.255923
6853	0.145854
6854	0.039581
6855	0.15453
6856	-0.061812
6857	0.034701
6858	0.015182
6859	-0.035786
6860	-0.068861
6861	0.464674
6862	0.021688
6863	0.694028
6864	1.054598
6865	1.559937
6866	-0.033617
6867	0.375209
6868	-0.108442
6869	0.448407
6870	0.145854
6871	-0.002169
6872	0.489073
6873	1.662957
6874	0.368703
6875	0.09326
6876	-0.293878
6877	0.064523
6878	0.070487
6879	0.138263
6880	-0.010302
6881	0.297673
6882	1.563191
6883	0.380089
6884	0.111695
6885	-0.043919
6886	-0.015724
6887	0.07862
6888	-0.115491
6889	0.039581
6890	-0.05151
6891	0.150734
6892	-0.002711
6893	0.015724
6894	0.021146
6895	1.734529
6896	0.013013
6897	0.709753
6898	0.142601
6899	-0.029279
6900	0.01952
6901	-0.039039
6902	0.763974
6903	0.153445
6904	-0.071029
6905	0.797591
6906	0.201702
6907	0.81223
6908	0.137721
6909	0.059643
6910	0.215799
6911	0.094887
6912	0.14965
6913	0.023857
6914	0.250501
6915	0.203871
6916	-0.099224
6917	0.172965
6918	1.042669
6919	0.197907
6920	2.02678
6921	0.715717
6922	-0.060727
6923	0.073198
6924	0.234235
6925	0.144228
6926	0.216342
6927	2.88564
6928	0.007591
6929	0.100851
6930	-0.028195
6931	0.017893
6932	1.09201
6933	0.602395
6934	0.203871
6935	-0.001084
6936	0.708126
6937	0.013013
6938	1.206417
6939	2.355359
6940	1.051887
6941	0.024942
6942	0.734152
6943	1.307268
6944	0.396898
6945	0.86862
6946	0.174049
6947	-0.001084
6948	-0.101935
6949	0.138806
6950	0.094344
6951	0.811146
6952	-0.000542
6953	0.008675
6954	0.155614
6955	0.241826
6956	0.120913
6957	-0.234235
6958	-0.010302
6959	0.040666
6960	0.460878
6961	0.054221
6962	0.029279
6963	0.053137
6964	0.830123
6965	0.172423
6966	0.050968
6967	0.126877
6968	0.013013
6969	0.421297
6970	0.316108
6971	0.160494
6972	0.324241
6973	0.037412
6974	0.922299
6975	1.156533
6976	0.033617
6977	-0.132841
6978	0.148023
6979	0.005964
6980	-0.011929
6981	-0.016809
6982	0.038497
6983	0.842052
6984	0.007591
6985	0.004338
6986	0.533534
6987	0.150734
6988	-0.011386
6989	0.184894
6990	1.600061
6991	0
6992	0.181098
6993	0.029822
6994	-0.035786
6995	0.003253
6996	0.472265
6997	0.208209
6998	-0.156699
6999	0.375209
7000	0.015724
7001	-0.234235
7002	0.703788
7003	0.031448
7004	0.217426
7005	-0.133926
7006	0.20604
7007	0.505882
7008	0.034701
7009	0.215257
7010	-0.106815
7011	0.288456
7012	-0.167001
7013	0.293335
7014	-0.042292
7015	0.094887
7016	0.499375
7017	0.03687
7018	0.146397
7019	0.023857
7020	0.401235
7021	0.018977
7022	0.016266
7023	-0.088922
7024	0.003253
7025	0.003253
7026	0.022773
7027	
7028	0.277611
7029	-0.005422
7030	0.17676
7031	1.099601
7032	1.606568
7033	0.099224
7034	0.041208
7035	0.050968
7036	0.184894
7037	1.550178
7038	-0.052594
7039	0.650652
7040	0.470638
7041	0.514557
7042	0.079163
7043	-0.120913
7044	3.206628
7045	0.003253
7046	1.258469
7047	0.162121
7048	-0.037412
7049	-0.052594
7050	0.778071
7051	-0.016266
7052	0.040666
7053	0.1079
7054	0.055848
7055	-0.01464
7056	0.421297
7057	0.119828
7058	-0.034159
7059	0.20604
7060	-0.043377
7061	1.181475
7062	1.295881
7063	0.954831
7064	0.11766
7065	-0.043919
7066	-0.005422
7067	-0.001627
7068	0.741743
7069	0.139348
7070	-0.007591
7071	0.311771
7072	-0.005422
7073	0.042292
7074	0.070487
7075	-0.024942
7076	0.150734
7077	0.034701
7078	0.063981
7079	0.47118
7080	0.36816
7081	0.104104
7082	0.028195
7083	1.135929
7084	1.790377
7085	0.328037
7086	0.08838
7087	0.475518
7088	0.991702
7089	-0.038497
7090	-0.037955
7091	0.338881
7092	1.097433
7093	1.27094
7094	-0.052594
7095	-0.044461
7096	0.054221
7097	-0.143686
7098	1.009595
7099	-0.017893
7100	0.571489
7101	1.482401
7102	0.050968
7103	1.888517
7104	0.232066
7105	0.030906
7106	0.158325
7107	-0.00976
7108	0.078078
7109	0.347556
7110	-0.060185
7111	0.183267
7112	0.020604
7113	-0.03199
7114	0.017893
7115	-0.020604
7116	2.296258
7117	-0.005964
7118	0.220679
7119	0.005964
7120	0.177303
7121	0.080789
7122	-0.030364
7123	0.034159
7124	-0.062354
7125	0.164832
7126	0.230439
7127	2.634597
7128	0.063439
7129	-0.100309
7130	-0.175676
7131	0.112237
7132	0.140432
7133	-0.05639
7134	0.030364
7135	0.009218
7136	0.026026
7137	1.383177
7138	0.194653
7139	0.151277
7140	0.015182
7141	1.316485
7142	0.823074
7143	1.139183
7144	0.114406
7145	-0.020062
7146	0.022773
7147	0.596431
7148	0.018977
7149	0.816026
7150	0.408826
7151	0.011386
7152	1.199368
7153	0.007591
7154	0.76072
7155	0.962422
7156	0.072114
7157	0.044461
7158	1.056225
7159	0.222848
7160	0.167001
7161	-0.110611
7162	0.223933
7163	-0.080247
7164	0.178929
7165	0.029279
7166	0.027653
7167	-0.021688
7168	1.187982
7169	0.111153
7170	1.828874
7171	-0.002711
7172	0.042835
7173	0.133926
7174	0.769938
7175	2.635682
7176	1.501921
7177	0.359485
7178	3.009264
7179	2.64761
7180	0.121455
7181	0.037412
7182	0.273274
7183	0.00488
7184	0.413706
7185	-0.005422
7186	-0.011386
7187	0.189231
7188	-0.004338
7189	0.370871
7190	1.747
7191	2.074495
7192	2.214385
7193	0.116033
7194	3.020108
7195	0.251585
7196	0.002169
7197	0.182725
7198	-0.153445
7199	0.017351
7200	2.959923
7201	0
7202	1.078455
7203	0.13989
7204	0.131757
7205	-0.003795
7206	-0.065607
7207	-0.006507
7208	-0.007049
7209	0.590466
7210	
7211	0.246163
7212	0.522148
7213	0.369787
7214	0.325868
7215	0.260803
7216	0.034701
7217	0.229355
7218	0.232608
7219	0.902779
7220	1.308352
7221	0.084043
7222	0.040124
7223	1.328956
7224	0.104104
7225	-0.146939
7226	0.021146
7227	0.005422
7228	0.114948
7229	1.428723
7230	0.059101
7231	0.052594
7232	0.108984
7233	0.219595
7234	0.062354
7235	-0.063439
7236	0.04175
7237	0.51293
7238	0.325868
7239	0.195196
7240	0.007591
7241	1.26118
7242	0.006507
7243	0.146397
7244	-0.003795
7245	-0.041208
7246	0.086211
7247	0.002169
7248	0.317735
7249	0.013013
7250	0.688606
7251	0.081874
7252	-0.006507
7253	0.026026
7254	0.021688
7255	0.245079
7256	-0.007049
7257	1.445531
7258	0.139348
7259	0.090007
7260	2.994082
7261	-0.00488
7262	1.603314
7263	0.210377
7264	-0.010302
7265	1.766519
7266	0.351894
7267	1.335463
7268	0.067234
7269	0.577453
7270	-0.037412
7271	0.069945
7272	0.065607
7273	0.032533
7274	1.033452
7275	0.425092
7276	0.047714
7277	1.253047
7278	1.099601
7279	0.068318
7280	0.01464
7281	1.39619
7282	0.972182
7283	1.182559
7284	0.120371
7285	2.47573
7286	0.236403
7287	2.01702
7288	0.00976
7289	0.035244
7290	0.185978
7291	-0.027653
7292	0.67234
7293	0.103562
7294	0.023315
7295	0.641976
7296	0.639808
7297	-0.01464
7298	0.023857
7299	1.563191
7300	0.033075
7301	1.087131
7302	0.556849
7303	0.023315
7304	-0.000542
7305	1.189066
7306	-0.00976
7307	0.003253
7308	1.346849
7309	1.512223
7310	1.518187
7311	1.373417
7312	0.189231
7313	0.014097
7314	1.19991
7315	0.576369
7316	-0.010844
7317	1.388057
7318	0.967844
7319	0.734152
7320	0.318277
7321	0.000542
7322	0.049341
7323	0.003253
7324	-0.042835
7325	0.021146
7326	0.18652
7327	0.158325
7328	2.499587
7329	2.540253
7330	-0.044461
7331	0.010844
7332	0.102478
7333	0.919588
7334	1.557769
7335	0.323699
7336	0.220137
7337	0.050968
7338	0.008675
7339	0.201702
7340	0.075367
7341	0.214715
7342	0.044461
7343	-0.007591
7344	0.032533
7345	0.017893
7346	0.081331
7347	0.201702
7348	0.005964
7349	0.026026
7350	0.748792
7351	-0.022231
7352	-0.001084
7353	0.578538
7354	0.021146
7355	0.270563
7356	0.352979
7357	-0.020062
7358	0.190316
7359	0.035786
7360	0.011929
7361	0.353521
7362	0.058016
7363	0.034159
7364	0.114948
7365	0.130673
7366	0.095971
7367	0.441359
7368	0.102478
7369	0.174049
7370	0.023857
7371	1.287748
7372	-0.049883
7373	0.028195
7374	0.027653
7375	0.250501
7376	0.383342
7377	1.257384
7378	-0.047172
7379	0.094344
7380	-0.009218
7381	0.081331
7382	0.566609
7383	0.057474
7384	0.031448
7385	0.038497
7386	0.604564
7387	0.052594
7388	0.296047
7389	0.002711
7390	0.496664
7391	0.071572
7392	-0.029822
7393	-0.003795
7394	0.226644
7395	0.730357
7396	0.146939
7397	0.273816
7398	0.270563
7399	-0.076994
7400	-0.094344
7401	0.150192
7402	0.060727
7403	0.082958
7404	0.049883
7405	0.310686
7406	3.812277
7407	-0.005422
7408	0.071572
7409	0.118202
7410	0.054221
7411	0.100851
7412	0.042292
7413	0.2993
7414	0.009218
7415	0.987364
7416	0.814941
7417	-0.052052
7418	0.243452
7419	-0.024942
7420	-0.042835
7421	0.273274
7422	0.017351
7423	0.00488
7424	0.072114
7425	-0.15453
7426	0.124708
7427	0.407742
7428	1.001461
7429	-0.062354
7430	0.685895
7431	0.033617
7432	0.243994
7433	-0.010302
7434	0.84151
7435	-0.084043
7436	-0.024399
7437	-0.003795
7438	0.011386
7439	1.239492
7440	0.328037
7441	2.277281
7442	-0.009218
7443	0.115491
7444	0.048257
7445	-0.602937
7446	-0.107358
7447	0.01464
7448	-0.016266
7449	0.006507
7450	-0.001084
7451	0.020604
7452	0.120913
7453	0.327495
7454	0.002711
7455	0.029279
7456	0.136095
7457	0.33617
7458	0.020604
7459	0.010302
7460	1.545298
7461	0.180556
7462	0.244537
7463	-0.011386
7464	-0.138806
7465	0.146397
7466	0.123082
7467	0.1079
7468	0.104104
7469	0.164832
7470	0.242368
7471	0.039581
7472	0.022231
7473	0.006507
7474	0.189773
7475	0.190858
7476	0.994955
7477	0.257007
7478	0.046088
7479	0.8491
7480	1.198284
7481	1.336547
7482	0.168085
7483	-0.030906
7484	-0.107358
7485	0.067776
7486	-0.19628
7487	0.093802
7488	0
7489	-0.033075
7490	0.226101
7491	0.263514
7492	0.123082
7493	0.285202
7494	0.158325
7495	0.767227
7496	-0.045003
7497	-1.141352
7498	-0.052594
7499	0.106815
7500	-1.584337
7501	-0.003795
7502	-0.022231
7503	-0.094344
7504	-0.403404
7505	-0.037412
7506	0.031448
7507	0.296047
7508	1.035621
7509	0.718428
7510	1.307268
7511	2.000754
7512	-0.037412
7513	
7514	
7515	
7516	
7517	
7518	
7519	
7520	
7521	
7522	
7523	
7524	
7525	
7526	
7527	
7528	
7529	
7530	
7531	
7532	
7533	
7534	
7535	
7536	
7537	
7538	
7539	
7540	
7541	
7542	
7543	
7544	
7545	
7546	
7547	
7548	
7549	
7550	
7551	
7552	
7553	
7554	
7555	
7556	
7557	
7558	
7559	
7560	
7561	
7562	
7563	
7564	
7565	
7566	
7567	
7568	
7569	
7570	
7571	
7572	
7573	
7574	
7575	
7576	
7577	
7578	
7579	
7580	
7581	
7582	
7583	
7584	
7585	
7586	
7587	
7588	
7589	
7590	
7591	
7592	
7593	
7594	
7595	
7596	-0.55956
7597	-0.180556
7598	-0.13013
7599	0.092176
7600	-0.139348
7601	0.072114
7602	-0.028195
7603	0.566067
7604	0.230981
7605	-0.177845
7606	0.258634
7607	-0.664207
7608	0.409368
7609	-0.039039
7610	1.956835
7611	0.164832
7612	0.472807
7613	0.002169
7614	-0.001627
7615	0.04175
7616	0.030906
7617	0.111153
7618	0.641976
7619	0.400693
7620	0.595889
7621	-0.041208
7622	0.363281
7623	0.654989
7624	1.552889
7625	-0.038497
7626	0.190858
7627	0.501002
7628	0.300384
7629	5.611871
7630	0.067776
7631	1.426012
7632	-0.004338
7633	-0.33129
7634	1.524694
7635	0.092176
7636	0.090549
7637	-0.078078
7638	0.076452
7639	0.383342
7640	0.023315
7641	0.600226
7642	0.427261
7643	1.718805
7644	3.081378
7645	0.033617
7646	0.835003
7647	0.246705
7648	0.037412
7649	-0.072656
7650	0.195196
7651	5.121713
7652	2.907871
7653	2.30656
7654	0.182725
7655	-0.052594
7656	1.103397
7657	0.102478
7658	-0.005422
7659	1.13105
7660	0.22339
7661	-0.049883
7662	0.499917
7663	0.21092
7664	-0.040666
7665	0.20604
7666	-0.034159
7667	3.885475
7668	0.272732
7669	0.049341
7670	2.554892
7671	-0.176218
7672	0.06127
7673	1.410288
7674	0.358943
7675	-0.030364
7676	1.750253
7677	1.944364
7678	2.603691
7679	2.393856
7680	0.033617
7681	0.286829
7682	3.999339
7683	4.377802
7684	0.079163
7685	1.696574
7686	0.190316
7687	1.970932
7688	1.002546
7689	-0.023857
7690	2.902991
7691	2.994082
7692	0.070487
7693	0.170254
7694	5.386854
7695	0.052052
7696	0.624626
7697	0.524317
7698	0.287913
7699	0.146397
7700	3.046134
7701	0.298758
7702	1.180391
7703	-0.006507
7704	0.866451
7705	0.908201
7706	0.101393
7707	0.180014
7708	-0.035786
7709	2.400363
7710	3.528159
7711	2.688276
7712	2.466512
7713	0.444612
7714	0.24779
7715	3.989037
7716	0.038497
7717	0.055305
7718	0.005964
7719	0.076452
7720	0.063439
7721	1.497041
7722	0.280322
7723	0.089465
7724	-0.257007
7725	0.029279
7726	-0.113322
7727	-0.139348
7728	-0.031448
7729	-0.015182
7730	0.045546
7731	0.095971
7732	0.435394
7733	2.067988
7734	0.060727
7735	0.014097
7736	0.352436
7737	3.500506
7738	0.035786
7739	-0.11278
7740	2.229024
7741	0.025484
7742	0.286829
7743	2.163417
7744	-0.02711
7745	0.048257
7746	0.09814
7747	0.042292
7748	1.784412
7749	0.381716
7750	2.249628
7751	0.119286
7752	0.06127
7753	0.179471
7754	-0.018435
7755	0.184351
7756	0.102478
7757	0.180556
7758	1.466677
7759	0.411537
7760	0.024942
7761	0.355147
7762	0.442443
7763	-0.034701
7764	-0.002711
7765	0.017893
7766	1.994247
7767	-0.035786
7768	0.316108
7769	-0.023857
7770	-0.036328
7771	0.054763
7772	0.077536
7773	0.180556
7774	-0.086754
7775	0.830123
7776	0.22827
7777	0.874042
7778	0.349725
7779	-0.03687
7780	0.056932
7781	0.126335
7782	2.294632
7783	0.014097
7784	1.131592
7785	0.02711
7786	0.372498
7787	3.963553
7788	0.506966
7789	0.060727
7790	0.169169
7791	0.442985
7792	0.001084
7793	-0.04175
7794	0.393102
7795	0.071572
7796	1.480233
7797	0.04663
7798	-0.069403
7799	1.539333
7800	0.097598
7801	0.112237
7802	3.62413
7803	-0.026568
7804	0.415333
7805	0.837714
7806	0.0835
7807	0.033617
7808	3.101982
7809	0.378462
7810	0.122539
7811	1.210754
7812	0.086211
7813	0.267309
7814	0.125793
7815	0.048799
7816	0.184894
7817	2.695325
7818	0.16429
7819	0.189231
7820	0.076994
7821	0.05639
7822	1.980692
7823	0.486362
7824	0.356774
7825	0.209293
7826	4.734033
7827	-0.151819
7828	0.199533
7829	0.344303
7830	0.631132
7831	-0.00976
7832	0.963507
7833	0.283033
7834	0.169169
7835	2.604233
7836	0.940192
7837	0.988448
7838	0.081874
7839	0.052594
7840	0.042835
7841	1.67109
7842	-0.052594
7843	-0.018435
7844	0.060185
7845	0.038497
7846	0.069403
7847	-0.008133
7848	0.221764
7849	0.278696
7850	-0.189773
7851	-0.253754
7852	-0.086211
7853	0.519979
7854	-0.094344
7855	0.011929
7856	-0.046088
7857	0.202244
7858	-0.426719
7859	-0.009218
7860	1.536622
7861	0.226101
7862	0.123624
7863	0.116033
7864	3.900115
7865	0.308517
7866	0.312313
7867	0.140975
7868	4.428227
7869	3.527074
7870	0.068318
7871	0.084043
7872	-0.0835
7873	0.070487
7874	2.187816
7875	0.098682
7876	0.048799
7877	0.033075
7878	0.030364
7879	2.102689
7880	-0.190858
7881	-0.023857
7882	-0.054221
7883	1.698743
7884	1.29805
7885	0.207666
7886	0.550885
7887	-0.071572
7888	0.222848
7889	0.026568
7890	0.122539
7891	0.19628
7892	0.042835
7893	0.000542
7894	1.186897
7895	0.116033
7896	0.136095
7897	0.511846
7898	0.024942
7899	0.136637
7900	0.990617
7901	0.283576
7902	0.070487
7903	-0.042292
7904	-0.003253
7905	0.166458
7906	5.531082
7907	0.059643
7908	0.217968
7909	0.300926
7910	-0.058016
7911	0.349725
7912	0.818737
7913	0.047172
7914	0.140975
7915	-0.003795
7916	-0.127962
7917	0.093802
7918	-0.071572
7919	0.010844
7920	-0.008133
7921	2.653032
7922	0.091633
7923	0.305806
7924	-0.025484
7925	0.067776
7926	0.428888
7927	0.305806
7928	0.357316
7929	-0.047714
7930	0.015724
7931	1.263891
7932	-0.100851
7933	-0.027653
7934	1.533911
7935	-0.023315
7936	3.328083
7937	3.192531
7938	-0.207666
7939	-0.030364
7940	0.040666
7941	0.268394
7942	2.860156
7943	0.383885
7944	-0.194653
7945	4.822414
7946	-0.114948
7947	0.24291
7948	0.024399
7949	2.268606
7950	0.076994
7951	0.07862
7952	2.255593
7953	2.857988
7954	0.118744
7955	-0.013555
7956	0.442443
7957	0.272732
7958	0.260803
7959	0.00488
7960	1.891228
7961	2.173719
7962	0.032533
7963	1.200995
7964	2.103232
7965	0.263514
7966	0.107358
7967	4.009641
7968	0.011386
7969	0.365992
7970	-0.001627
7971	0.00488
7972	0.198449
7973	0.153445
7974	-0.029822
7975	0.067776
7976	-0.126335
7977	-0.165916
7978	0.275985
7979	0.013555
7980	0.297131
7981	0.180556
7982	2.613993
7983	0.215257
7984	0.034701
7985	0.34593
7986	0.008133
7987	0.173507
7988	1.996959
7989	0.200618
7990	0.273274
7991	4.780121
7992	2.600438
7993	0.050426
7994	-0.038497
7995	0.073741
7996	0.117117
7997	0.914166
7998	0.240741
7999	0.133384
8000	0.005964
8001	-0.090007
8002	-0.055848
8003	-0.06615
8004	0.870789
8005	-0.067776
8006	0.231524
8007	-0.005964
8008	0.049341
8009	1.071949
8010	-0.058016
8011	0.471722
8012	1.625545
8013	0.024942
8014	0.23803
8015	1.998585
8016	0.248332
8017	0.086754
8018	-0.028195
8019	0.192484
8020	-0.061812
8021	0.560645
8022	0.267309
8023	-0.045546
8024	-0.028737
8025	0.003253
8026	0.142601
8027	0.084043
8028	0.236946
8029	0.122539
8030	-0.017351
8031	0.236403
8032	0.050968
8033	2.27945
8034	2.175346
8035	0.194111
8036	-0.039581
8037	1.051887
8038	-0.006507
8039	1.036163
8040	0.052052
8041	-0.004338
8042	2.264268
8043	-0.079705
8044	-0.028195
8045	1.949786
8046	1.736156
8047	-0.04663
8048	0.151277
8049	0.045546
8050	1.816945
8051	0.125793
8052	-0.069945
8053	-0.021688
8054	-0.003253
8055	0.029279
8056	0.093802
8057	0.020604
8058	-0.012471
8059	0.137721
8060	0.088922
8061	0.084043
8062	1.57783
8063	0.663123
8064	0.039039
8065	0.033075
8066	0.084585
8067	0.108442
8068	0.876211
8069	0.086754
8070	0.053679
8071	1.400528
8072	0.273816
8073	-0.068861
8074	0.120913
8075	0.030364
8076	0.517268
8077	0.403404
8078	1.295339
8079	0.318277
8080	0.375209
8081	0.401777
8082	0.299842
8083	0.010302
8084	0.155614
8085	0.015182
8086	2.018647
8087	2.03654
8088	-0.0835
8089	0.19628
8090	-0.097056
8091	0.066692
8092	0.731983
8093	0.964049
8094	-0.166458
8095	-0.014097
8096	-0.068861
8097	-0.044461
8098	0.003795
8099	0.189773
8100	-0.091091
8101	0.03687
8102	0.026568
8103	0.28954
8104	-0.07862
8105	-0.253212
8106	-0.078078
8107	-0.045546
8108	3.060232
8109	2.435606
8110	0.458709
8111	0.297131
8112	0.303095
8113	0.33129
8114	-0.033617
8115	-0.079705
8116	-0.075909
8117	0.14477
8118	0.029822
8119	0.09326
8120	1.165209
8121	-0.063981
8122	0.026568
8123	0.001084
8124	0.180014
8125	-0.024942
8126	0.06127
8127	-0.017351
8128	-0.045003
8129	0.386053
8130	0.363281
8131	0.059643
8132	0.245079
8133	2.617789
8134	2.955043
8135	2.14444
8136	0.147481
8137	-0.002169
8138	-0.073741
8139	0.385511
8140	1.078455
8141	0.356774
8142	2.072326
8143	0.046088
8144	0.246705
8145	0.011929
8146	0.248874
8147	0.309602
8148	0.018977
8149	0.157783
8150	0.25267
8151	0.084043
8152	0.054763
8153	0.150192
8154	-0.075367
8155	0.108984
8156	0.342134
8157	0.028737
8158	1.154365
8159	0.01464
8160	0.286287
8161	0.757467
8162	-0.056932
8163	-0.023315
8164	0.017893
8165	0.037412
8166	0.532992
8167	-0.044461
8168	-0.042292
8169	0.050426
8170	0.768853
8171	0.099224
8172	0.373583
8173	1.345222
8174	0.176218
8175	2.13468
8176	-0.055848
8177	-0.007049
8178	-0.032533
8179	0.026026
8180	4.65216
8181	-0.067234
8182	0.829581
8183	0.217968
8184	0.087296
8185	0.081874
8186	0.121455
8187	-0.043919
8188	0.899526
8189	0.455998
8190	-0.010844
8191	0.001627
8192	0.058016
8193	0.074825
8194	-0.015182
8195	-0.010844
8196	0.0835
8197	-0.001084
8198	-0.091633
8199	0.100309
8200	0.397982
8201	0.325326
8202	0.153988
8203	-0.007591
8204	2.176972
8205	0.581249
8206	0.23803
8207	0.153445
8208	0.074283
8209	0.017351
8210	0.901695
8211	-0.136095
8212	0.180014
8213	1.419505
8214	0.092718
8215	0.008675
8216	1.325703
8217	-0.109526
8218	0.185978
8219	-0.003795
8220	-0.006507
8221	1.921591
8222	2.073952
8223	0.065065
8224	-0.176218
8225	0.93965
8226	1.525236
8227	0.392018
8228	0.272732
8229	0.293335
8230	-0.034159
8231	2.550012
8232	-0.105731
8233	-0.009218
8234	0.052594
8235	-0.010844
8236	0.029279
8237	1.987199
8238	0.003795
8239	4.287795
8240	1.619581
8241	1.397275
8242	0.212546
8243	0.03687
8244	-0.062354
8245	0.023857
8246	1.458544
8247	0.119828
8248	0.109526
8249	0.060727
8250	0.318819
8251	-0.200075
8252	0.110611
8253	0.330206
8254	0.538956
8255	1.863033
8256	-0.026568
8257	1.279615
8258	0.919046
8259	1.371248
8260	0.046088
8261	-0.028195
8262	0.140975
8263	0.062354
8264	2.555977
8265	0.030364
8266	1.268771
8267	-0.06615
8268	0.611613
8269	0.356774
8270	-0.015182
8271	0.132299
8272	0.173507
8273	0.23315
8274	0.376294
8275	-0.001627
8276	3.070534
8277	0.422381
8278	3.946745
8279	0.107358
8280	0.315024
8281	-0.017351
8282	0.058016
8283	-0.180014
8284	0.352436
8285	1.996416
8286	-0.261887
8287	0.037412
8288	-0.363281
8289	0.286287
8290	-0.335628
8291	-0.455998
8292	0.233692
8293	
8294	
8295	
8296	
8297	
8298	
8299	
8300	
8301	
8302	
8303	
8304	
8305	
8306	
8307	
8308	
8309	
8310	
8311	
8312	
8313	
8314	
8315	
8316	
8317	
8318	
8319	
8320	
8321	
8322	
8323	
8324	
8325	
8326	
8327	
8328	
8329	
8330	
8331	
8332	
8333	
8334	
8335	
8336	
8337	
8338	
8339	
8340	
8341	
8342	
8343	
8344	
8345	
8346	
8347	
8348	
8349	
8350	
8351	
8352	
8353	
8354	
8355	
8356	
8357	
8358	
8359	
8360	
8361	
8362	
8363	
8364	
8365	
8366	
8367	
8368	
8369	
8370	
8371	
8372	
8373	
8374	
8375	1.773026
8376	0.105189
8377	0.058559
8378	0.027653
8379	0.301469
8380	0.039581
8381	0.61107
8382	1.580541
8383	-0.297673
8384	0.052052
8385	0.473349
8386	-0.091633
8387	1.525778
8388	0.085127
8389	0.994413
8390	0.280865
8391	-0.04663
8392	0.358943
8393	0.820906
8394	0.119828
8395	0.026026
8396	-0.255381
8397	0.464132
8398	0.042835
8399	0.890851
8400	-0.065065
8401	-0.009218
8402	1.28341
8403	1.401612
8404	-0.250501
8405	0.297131
8406	0.304722
8407	-0.194653
8408	0.188147
8409	0.296589
8410	0.036328
8411	1.651029
8412	-0.043919
8413	-0.101393
8414	0.71897
8415	0.412079
8416	0.339423
8417	2.557603
8418	3.488035
8419	-0.002169
8420	0.219595
8421	0.054221
8422	0.06615
8423	2.653032
8424	0.016266
8425	0.363281
8426	1.487824
8427	0.674509
8428	0.274358
8429	3.568282
8430	0.437021
8431	-0.05639
8432	1.641269
8433	-0.008133
8434	0.031448
8435	-0.362196
8436	0.459794
8437	0.559018
8438	-0.064523
8439	0.096513
8440	0.209293
8441	2.037082
8442	-0.066692
8443	0.033617
8444	0.018435
8445	-0.059101
8446	-0.122539
8447	2.700205
8448	-0.025484
8449	0.767227
8450	0.271647
8451	0.080247
8452	-0.076452
8453	-0.086754
8454	0.132841
8455	-0.230981
8456	0.243452
8457	-0.028195
8458	-0.027653
8459	-0.111153
8460	0.221222
8461	1.8305
8462	0.055848
8463	0.077536
8464	0.090007
8465	0.01952
8466	0.058016
8467	0.164832
8468	2.973478
8469	0.067776
8470	0.320446
8471	0.14965
8472	2.968056
8473	0.508051
8474	0.204955
8475	0.306891
8476	3.036375
8477	0.310686
8478	0.007049
8479	0.1079
8480	0.063439
8481	-0.169169
8482	0.104104
8483	-0.021688
8484	-0.170254
8485	0.232066
8486	0.368703
8487	0.389849
8488	-0.017893
8489	1.188524
8490	-0.065065
8491	0.099224
8492	-0.007591
8493	0.034159
8494	0.018435
8495	1.356609
8496	0.198991
8497	0.030364
8498	0.015182
8499	-0.030906
8500	0.05151
8501	-0.059643
8502	2.270774
8503	1.493246
8504	0.037955
8505	0.759636
8506	-0.069403
8507	0.071029
8508	0.267309
8509	-0.043377
8510	0.046088
8511	-0.067234
8512	0.313397
8513	0.074283
8514	0.206582
8515	2.790754
8516	-0.07862
8517	-0.020062
8518	0.50046
8519	0.050968
8520	0.037955
8521	0.200618
8522	0.286829
8523	-0.020604
8524	0.045546
8525	-0.081331
8526	0.016266
8527	0.616492
8528	0.195196
8529	-0.055848
8530	-0.03687
8531	0.039039
8532	-0.293335
8533	-0.000542
8534	0.00488
8535	0.003253
8536	-0.062896
8537	2.263184
8538	0.50046
8539	1.482944
8540	0.596973
8541	0.438105
8542	0.577453
8543	0.086211
8544	-0.394186
8545	0.234777
8546	0.642519
8547	0.917419
8548	0.170796
8549	0.023315
8550	0.761805
8551	0.723308
8552	-0.045546
8553	0.074283
8554	1.193946
8555	0.768311
8556	-0.071572
8557	-0.102478
8558	0.054221
8559	-0.180014
8560	-0.571489
8561	0.399066
8562	0.052594
8563	-0.007591
8564	-0.142059
8565	-0.062354
8566	1.402154
8567	-0.275985
8568	0.247248
8569	2.913835
8570	0.062354
8571	0.209835
8572	0.01952
8573	-0.223933
8574	0.108442
8575	3.677809
8576	-0.05151
8577	-0.335628
8578	0.254296
8579	-0.113322
8580	-0.290624
8581	-0.198449
8582	-0.175134
8583	0.159952
8584	0.363281
8585	-0.043919
8586	1.120205
8587	1.198826
8588	0.014097
8589	0.245079
8590	1.092553
8591	0.609986
8592	0.050426
8593	0.549258
8594	0.167001
8595	0.052594
8596	1.011221
8597	1.911832
8598	0.221764
8599	3.092222
8600	-0.006507
8601	0.838256
8602	1.308352
8603	0.195738
8604	0.232608
8605	0.069403
8606	-0.048799
8607	0.101935
8608	0.14965
8609	1.571324
8610	0.33617
8611	2.790754
8612	0.071572
8613	0.731441
8614	0.918503
8615	0.145854
8616	-0.093802
8617	0.908201
8618	0.230439
8619	0.342134
8620	0.153445
8621	0.275443
8622	-0.013013
8623	0.292251
8624	0.32641
8625	2.418256
8626	0.654447
8627	0.063439
8628	0.064523
8629	-0.063981
8630	-0.140432
8631	1.749711
8632	-0.028195
8633	1.144063
8634	0.061812
8635	1.863575
8636	-0.139348
8637	-0.041208
8638	1.343596
8639	-0.053679
8640	0.076994
8641	-0.037412
8642	0.068861
8643	0.055848
8644	0.06615
8645	-0.024399
8646	0.460878
8647	-0.035786
8648	-0.001627
8649	0.073198
8650	1.565902
8651	-0.020062
8652	-0.067776
8653	1.488366
8654	0.074825
8655	0.0835
8656	-0.069945
8657	0.00976
8658	-0.005964
8659	0.213631
8660	0.214715
8661	0.067234
8662	-0.029822
8663	0.023857
8664	0.454914
8665	-0.115491
8666	0.067776
8667	1.10177
8668	0.176218
8669	-0.056932
8670	0.129046
8671	2.171008
8672	-0.065065
8673	-0.017893
8674	0.811146
8675	0.278696
8676	-0.009218
8677	-0.061812
8678	-0.056932
8679	0.322073
8680	1.652113
8681	0.002169
8682	0
8683	-0.275443
8684	-0.016266
8685	2.655743
8686	0.431599
8687	-0.098682
8688	0.052594
8689	0.052052
8690	0.028737
8691	0.04175
8692	0.096513
8693	0.050968
8694	-0.075367
8695	0.951036
8696	0.279238
8697	-0.110069
8698	1.159787
8699	-0.012471
8700	-0.048799
8701	0.254839
8702	0.259176
8703	-0.009218
8704	1.366911
8705	-0.042292
8706	-0.255923
8707	0.028195
8708	0.087838
8709	-0.007049
8710	0.070487
8711	0.401235
8712	0.055305
8713	0.265141
8714	0.803013
8715	0.047714
8716	-0.136095
8717	0.065065
8718	-0.085669
8719	-0.086211
8720	0.099224
8721	0.110611
8722	0.094887
8723	-0.034701
8724	0.028737
8725	0.251043
8726	0.172423
8727	1.486197
8728	-0.10302
8729	0.026026
8730	0.968387
8731	0.115491
8732	1.351187
8733	-0.12525
8734	1.265518
8735	2.245291
8736	0.034159
8737	0.618661
8738	0.017351
8739	0.071572
8740	1.123459
8741	0.009218
8742	0.516184
8743	0.864282
8744	0.052052
8745	0.541125
8746	0.118202
8747	0.05639
8748	2.343973
8749	1.895565
8750	0.020604
8751	-0.05151
8752	0.771564
8753	0.005964
8754	-0.052052
8755	1.480775
8756	1.232443
8757	0.810604
8758	1.31757
8759	1.389684
8760	0.082416
8761	1.157618
8762	0.628963
8763	0.197364
8764	0.33617
8765	-0.005964
8766	0.033617
8767	0.276527
8768	-0.006507
8769	-0.024942
8770	0.035786
8771	1.619038
8772	-0.005422
8773	-0.011929
8774	0.308517
8775	0.069403
8776	3.137768
8777	0.124166
8778	0.068861
8779	3.514604
8780	-0.137179
8781	0.071029
8782	0.133384
8783	-0.045546
8784	-0.020062
8785	1.06002
8786	0.191942
8787	0.234235
8788	1.866828
8789	0.239657
8790	-0.066692
8791	0.06127
8792	1.947617
8793	0.246163
8794	-0.032533
8795	0.143143
8796	0.906575
8797	0.442443
8798	-0.053679
8799	1.184728
8800	1.023692
8801	1.119663
8802	0.085669
8803	0.303095
8804	-0.126877
8805	-0.180014
8806	0.099224
8807	-0.007049
8808	0.045003
8809	0.017351
8810	0.371414
8811	0.07862
8812	-0.171338
8813	0.201702
8814	0.331832
8815	0.033617
8816	0.03687
8817	0.176218
8818	1.977981
8819	0.076994
8820	1.58271
8821	0.183809
8822	2.229024
8823	0.057474
8824	0.856149
8825	-0.005422
8826	0.037955
8827	0
8828	0.322073
8829	0.106815
8830	4.488955
8831	0.023857
8832	0.242368
8833	-0.185436
8834	-0.015182
8835	0.028195
8836	0.88814
8837	0.203329
8838	0.260803
8839	-0.038497
8840	-0.047172
8841	-0.194111
8842	1.275277
8843	0.207124
8844	0.374667
8845	0.163205
8846	-0.04663
8847	1.68573
8848	1.131592
8849	-0.030364
8850	0.875127
8851	0.168085
8852	-0.100851
8853	-0.269478
8854	-0.098682
8855	0.585587
8856	0.184894
8857	0.00488
8858	0.001627
8859	
8860	0.267852
8861	-0.173507
8862	0.073198
8863	0.901695
8864	0.029822
8865	-0.022231
8866	1.72748
8867	1.449869
8868	-0.015182
8869	1.408661
8870	-0.097598
8871	0.183809
8872	0.163205
8873	0.280865
8874	0.491784
8875	1.519814
8876	0.521606
8877	0.184894
8878	-0.020062
8879	0.080247
8880	0.804639
8881	0.117117
8882	-0.059643
8883	0.063981
8884	0.013555
8885	0.339966
8886	0.031448
8887	1.292628
8888	0.497206
8889	-0.003795
8890	-0.039581
8891	-0.010302
8892	0.035786
8893	-0.052594
8894	0.774818
8895	0.394729
8896	-0.349183
8897	0.114406
8898	0.073741
8899	2.143897
8900	0.034701
8901	-0.339966
8902	0.178387
8903	-0.091633
8904	-0.016809
8905	-0.055305
8906	-0.024399
8907	1.314316
8908	1.463424
8909	0.17676
8910	2.027322
8911	2.035455
8912	-0.172965
8913	0.136637
8914	-0.093802
8915	-0.193027
8916	-0.100851
8917	-0.087838
8918	0.060185
8919	-0.01952
8920	-0.070487
8921	0.111153
8922	0.024942
8923	0.152903
8924	0.0835
8925	-0.314482
8926	-0.061812
8927	2.294632
8928	0.073741
8929	0.356774
8930	-0.071029
8931	0.406115
8932	0.00976
8933	0.132841
8934	0.214715
8935	1.51873
8936	2.366746
8937	-0.025484
8938	0.882717
8939	0.238572
8940	0.115491
8941	-0.076452
8942	0.122539
8943	0.059643
8944	1.393479
8945	-0.018977
8946	0.298215
8947	1.848935
8948	0.033617
8949	0.371414
8950	0.91037
8951	1.129423
8952	0.026568
8953	1.037789
8954	1.597892
8955	0.00488
8956	0.823617
8957	0.312855
8958	0.302011
8959	0.001084
8960	0.044461
8961	0.01952
8962	0.193569
8963	0.339423
8964	0.043919
8965	1.052429
8966	0.178929
8967	-0.035786
8968	0.061812
8969	0.425092
8970	0.11766
8971	1.831042
8972	0.072656
8973	0.32153
8974	0.775902
8975	0.15453
8976	-0.103562
8977	1.279615
8978	1.702539
8979	0.01952
8980	-0.064523
8981	0.010302
8982	0.239657
8983	0.310686
8984	-0.15453
8985	-0.002711
8986	1.328956
8987	-0.007591
8988	0.192484
8989	0.003795
8990	0.004338
8991	0.348099
8992	2.305476
8993	0.050426
8994	0.112237
8995	-0.13501
8996	0.231524
8997	0.388764
8998	1.416794
8999	0.037412
9000	-0.508051
9001	-0.439732
9002	-0.114948
9003	0.125793
9004	2.063108
9005	-0.091633
9006	0.113864
9007	0.40232
9008	-0.059101
9009	0.207666
9010	-0.348641
9011	0.447323
9012	0.001084
9013	0.055305
9014	-0.045546
9015	-0.049883
9016	0.904948
9017	0.854523
9018	-0.007591
9019	0.138263
9020	0.561187
9021	0.036328
9022	-0.249416
9023	0.183809
9024	0.0835
9025	-0.230981
9026	-0.005422
9027	0.174049
9028	0.082958
9029	-0.062896
9030	0.053137
9031	2.341804
9032	0.021146
9033	0.358943
9034	0.185436
9035	-0.187605
9036	-0.131757
9037	0.330748
9038	0.52757
9039	0.04175
9040	-0.119828
9041	0.095429
9042	0.275443
9043	2.288125
9044	0.101393
9045	0.003253
9046	1.790919
9047	0.832292
9048	0.195738
9049	-0.095429
9050	-0.044461
9051	-0.026568
9052	0.349183
9053	0.280322
9054	0.695655
9055	0.092718
9056	-0.062354
9057	0.013013
9058	0.002711
9059	0.214173
9060	0.013555
9061	2.79238
9062	-0.108442
9063	0.3828
9064	-0.133926
9065	-0.016809
9066	0.048257
9067	1.4477
9068	-0.047172
9069	1.155449
9070	-0.14965
9071	-0.068318
9072	0.001084
9073	0.178929
9074	0.140432
9075	0.01464
9076	1.183102
9077	1.29317
9078	-0.073198
9079	-0.045003
9080	0.130673
9081	0.075909
9082	3.163252
9083	2.533204
9084	0.054763
9085	0.343761
9086	-0.009218
9087	2.57387
9088	0.375751
9089	2.567363
9090	0.005422
9091	-0.023857
9092	-0.053137
9093	0.409911
9094	0.690233
9095	2.313067
9096	0.063439
9097	0.949409
9098	0.241283
9099	-0.06127
9100	1.474268
9101	0.111153
9102	2.705084
9103	2.307645
9104	-0.141517
9105	0.077536
9106	0.162121
9107	-0.013555
9108	0.068861
9109	1.070322
9110	1.287748
9111	0.260803
9112	3.281996
9113	0.19628
9114	-0.162663
9115	1.262807
9116	2.013767
9117	0.05639
9118	3.494
9119	0.079705
9120	0.070487
9121	0.9814
9122	0.017893
9123	-0.226101
9124	0.105189
9125	2.759848
9126	0.052052
9127	1.174969
9128	0.314482
9129	0.076452
9130	2.803767
9131	0.026568
9132	0.403946
9133	0.016266
9134	0.035786
9135	-0.168085
9136	1.395106
9137	0.663665
9138	-0.214715
9139	0.413706
9140	0.904948
9141	0.177845
9142	1.10665
9143	0.018435
9144	-0.13013
9145	0.217968
9146	0.305264
9147	2.229024
9148	2.44645
9149	-0.11278
9150	0.033075
9151	1.53608
9152	-0.430515
9153	0.14965
9154	-0.017893
9155	0.22827
9156	-0.185436
9157	-0.060185
9158	-0.291167
9159	1.449869
9160	-0.038497
9161	0.160494
9162	0.266767
9163	0.903321
9164	1.370164
9165	1.307268
9166	1.245456
9167	0.140975
9168	-0.35081
9169	0.370329
9170	0.039039
9171	-0.097056
9172	0.521064
9173	1.15816
9174	0.459794
9175	2.64273
9176	0.021146
9177	-0.479313
9178	0.419128
9179	-0.313939
9180	0.030906
9181	0.131215
9182	0.017893
9183	0.298758
9184	0.76072
9185	0.318277
9186	3.340554
9187	0.072114
9188	0.219595
9189	0.296589
9190	2.441028
9191	0.901695
9192	0.209293
9193	-0.078078
9194	0.547632
9195	0.287371
9196	-0.157241
9197	0.24779
9198	-0.169712
9199	-0.487989
9200	-0.013555
9201	-0.053137
9202	-0.748792
9203	0.076994
9204	2.005634
9205	-0.020604
9206	-0.148565
9207	0.922299
9208	-0.021688
9209	-0.133384
9210	0.174592
9211	0.509135
9212	0.450576
9213	-1.41083
9214	0.281949
9215	0.675593
9216	-0.00976
9217	-0.01464
9218	0.523232
9219	0.465216
9220	0.040666
9221	0.010302
9222	0.029822
9223	0.818737
9224	0.22339
9225	-0.470096
9226	0.132841
9227	2.553808
9228	0.104646
9229	1.060562
9230	0.098682
9231	-0.037412
9232	1.813149
9233	0.142601
9234	1.529574
9235	0.072656
9236	0.156699
9237	0.660411
9238	0.013013
9239	-0.184351
9240	-0.100309
9241	-0.017893
9242	0.370329
9243	0.03687
9244	-0.032533
9245	0.172423
9246	0.292793
9247	0.016266
9248	0.358943
9249	0.092176
9250	0.035244
9251	1.610905
9252	0.547632
9253	-0.002169
9254	0.271647
9255	0.265683
9256	-0.209293
9257	-0.150734
9258	2.969141
9259	-0.126877
9260	-0.320446
9261	0.238572
9262	-0.045546
9263	-0.165374
9264	-0.087296
9265	0.04663
9266	0.211462
9267	0.032533
9268	0.049341
9269	0.294962
9270	4.162002
9271	0.152903
9272	3.510266
9273	0.086211
9274	0.0835
9275	0.615408
9276	-0.123624
9277	-0.045003
9278	0.259176
9279	1.87225
9280	0.275443
9281	0.21092
9282	3.100355
9283	-0.07862
9284	0.055848
9285	0.941276
9286	0.216884
9287	-0.306891
9288	0.117117
9289	0.062354
9290	4.864706
9291	0.35081
9292	0.431057
9293	-0.125793
9294	0.040666
9295	0.033075
9296	0.082416
9297	0.420755
9298	-0.04175
9299	0.239657
9300	0.055305
9301	-0.068318
9302	0.048257
9303	0.844763
9304	-0.023857
9305	0.015182
9306	-0.020604
9307	0.063981
9308	1.243287
9309	1.667837
9310	1.721516
9311	0.014097
9312	-0.022773
9313	0.435937
9314	0.721681
9315	1.766519
9316	0.100309
9317	0.086211
9318	0.002711
9319	0.236946
9320	0.703246
9321	0.51781
9322	0.24779
9323	0.075909
9324	1.852731
9325	0.00488
9326	0.066692
9327	0.226644
9328	0.198991
9329	0.35081
9330	1.828874
9331	0
9332	0.026026
9333	1.919423
9334	0.230439
9335	0.02711
9336	1.816403
9337	-0.006507
9338	0.163205
9339	0.307975
9340	-0.028195
9341	0.313939
9342	-0.145312
9343	0.068318
9344	-0.099767
9345	2.778283
9346	0.030906
9347	0.156156
9348	2.489827
9349	0.062896
9350	0.108984
9351	0.209835
9352	0.29442
9353	0.016266
9354	0.034159
9355	-0.090549
9356	0.07862
9357	0.403404
9358	0.094887
9359	0.376294
9360	2.501756
9361	0.021688
9362	0.079705
9363	0.105189
9364	0.172423
9365	0.040124
9366	2.594474
9367	0.076994
9368	1.086588
9369	-0.017893
9370	0.171338
9371	0.157241
9372	-0.117117
9373	-0.053137
9374	0.833919
9375	0.182182
9376	-0.041208
9377	0.573658
9378	-0.183267
9379	0.351894
9380	0.123082
9381	0.604564
9382	0.277611
9383	0.008133
9384	0.048257
9385	1.128339
9386	0.174592
9387	0.325326
9388	0.045546
9389	-0.046088
9390	0.091633
9391	-0.037955
9392	0.04663
9393	0.148565
9394	-0.1079
9395	0.034701
9396	-0.045546
9397	-0.03687
9398	-0.111695
9399	0.518895
9400	0.198991
9401	-0.121997
9402	0.1079
9403	-0.035786
9404	1.75676
9405	-0.018435
9406	-0.380631
9407	-0.249416
9408	-0.108984
9409	0.086754
9410	-0.12525
9411	0.037412
9412	0.104104
9413	0.149108
9414	0.029279
9415	-0.251585
9416	0.064523
9417	-0.02711
9418	0.233692
9419	-0.183267
9420	0.299842
9421	0.02711
9422	0.348641
9423	0.202244
9424	-0.022773
9425	-0.05151
9426	-0.148565
9427	2.033287
9428	0.945072
9429	0.663123
9430	0.220679
9431	0.238572
9432	-0.307975
9433	-0.184894
9434	0.039581
9435	-0.139348
9436	-0.111695
9437	0.013555
9438	-0.143686
9439	-0.057474
9440	0.082416
9441	0.671256
9442	0.743912
9443	0.258634
9444	0.122539
9445	-0.109526
9446	2.192696
9447	-0.062896
9448	-0.062354
9449	0.025484
9450	0.245621
9451	-0.022231
9452	-0.024942
9453	1.549093
9454	-0.075367
9455	-0.015724
9456	1.628798
9457	0.053679
9458	0.002711
9459	4.592517
9460	0.014097
9461	1.660246
9462	1.603314
9463	2.096725
9464	0.013013
9465	1.477522
9466	2.677974
9467	0.13989
9468	0.17188
9469	0.217968
9470	0.106815
9471	-0.029279
9472	0.004338
9473	0.016809
9474	0
9475	0
9476	
9477	1.296424
9478	1.395106
9479	1.482944
9480	1.734529
9481	1.897192
9482	1.902614
9483	1.551804
9484	0.072656
9485	5.45463
9486	2.92739
9487	0.433226
9488	0.543836
9489	0.306891
9490	-0.058016
9491	0.010302
9492	0.069403
9493	0.029279
9494	0.584502
9495	0.482024
9496	0.352436
9497	0.77048
9498	0.723308
9499	0.123082
9500	1.450411
9501	0.388222
9502	-0.021688
9503	0.212546
9504	0.208751
9505	0.260261
9506	2.616704
9507	2.790754
9508	2.380301
9509	2.113534
9510	-0.02711
9511	-0.069945
9512	0.41479
9513	0.071029
9514	0.183267
9515	1.694948
9516	0.002169
9517	0.508593
9518	-0.138263
9519	0.388764
9520	-0.010302
9521	0.226644
9522	1.69549
9523	-0.074283
9524	-0.281949
9525	-0.013013
9526	0.094887
9527	0.167543
9528	-0.07862
9529	3.197953
9530	-0.073741
9531	0.058016
9532	0.239115
9533	0.194653
9534	0.384969
9535	0.130673
9536	0.310144
9537	0.043377
9538	0.050426
9539	1.755133
9540	1.65862
9541	-0.014097
9542	0.102478
9543	0.185978
9544	-0.194653
9545	0.27002
9546	0.002711
9547	-0.187605
9548	0.312313
9549	-0.025484
9550	0.005964
9551	0.762347
9552	0.166458
9553	0.06615
9554	0.031448
9555	0.345388
9556	0.161579
9557	-0.149108
9558	0.666376
9559	-0.104104
9560	-0.1079
9561	0.511304
9562	-0.018435
9563	0.003795
9564	0.13013
9565	-0.163747
9566	-0.128504
9567	1.063273
9568	0.082958
9569	0.033075
9570	0.168085
9571	0.2749
9572	0.278154
9573	-0.312313
9574	0.082416
9575	0.225559
9576	1.486197
9577	-0.045546
9578	0.073741
9579	0.127419
9580	1.042127
9581	-0.075367
9582	0.180556
9583	0.211462
9584	0.227728
9585	2.839552
9586	-0.007591
9587	-0.066692
9588	0.016809
9589	0.000542
9590	-0.048799
9591	0.988448
9592	0.207124
9593	-0.175134
9594	0.069403
9595	-0.016809
9596	0.320446
9597	1.750253
9598	0.405031
9599	0.312855
9600	3.55798
9601	-0.017351
9602	0.043919
9603	-0.108984
9604	0.241283
9605	-0.013013
9606	0.037412
9607	-0.038497
9608	0.828497
9609	-0.012471
9610	-0.008133
9611	0.072656
9612	1.038874
9613	-0.013013
9614	0.954289
9615	1.129423
9616	-0.054221
9617	0.251043
9618	1.571866
9619	0.104646
9620	0.142059
9621	0.528112
9622	-0.008133
9623	1.130507
9624	-0.039581
9625	-0.084043
9626	-0.116033
9627	0.010302
9628	0.037955
9629	0.172423
9630	0.5986
9631	-0.042292
9632	1.398359
9633	0.388222
9634	-0.027653
9635	-0.017351
9636	1.502463
9637	0.085127
9638	0.007049
9639	0.054221
9640	0.184894
9641	1.464509
9642	-0.012471
9643	-0.04175
9644	0.266767
9645	0.057474
9646	1.565902
9647	0.433226
9648	0.035786
9649	-0.420755
9650	-0.059643
9651	0.094887
9652	1.890685
9653	-0.054763
9654	0.394729
9655	0.837714
9656	0.036328
9657	3.237534
9658	-0.003253
9659	-0.086211
9660	1.503548
9661	-0.246705
9662	0.303095
9663	0.052594
9664	0.010302
9665	-0.148023
9666	-0.03199
9667	-0.273274
9668	-0.032533
9669	-0.094887
9670	-0.069945
9671	0.06615
9672	0.676136
9673	-0.13013
9674	-0.007591
9675	-0.027653
9676	0.08838
9677	0.148565
9678	-0.002711
9679	-0.080789
9680	-0.071572
9681	1.710672
9682	-0.048257
9683	-0.073741
9684	1.087131
9685	1.392395
9686	0.319904
9687	-0.086211
9688	-0.096513
9689	0.306891
9690	-0.192484
9691	0.032533
9692	0.222306
9693	1.525778
9694	0.040124
9695	0.119286
9696	1.940569
9697	2.1054
9698	-0.163747
9699	1.19503
9700	1.458002
9701	0
9702	0.060185
9703	-0.023315
9704	-0.022773
9705	1.273109
9706	1.465051
9707	1.877672
9708	1.823994
9709	-0.135552
9710	0.124166
9711	0.985195
9712	0.096513
9713	0.118744
9714	0.008675
9715	1.020981
9716	-0.001084
9717	1.672175
9718	0.194111
9719	4.022112
9720	-0.084585
9721	0.936396
9722	1.020981
9723	1.237323
9724	1.553431
9725	-0.200618
9726	0.137721
9727	0.161579
9728	0.115491
9729	2.9789
9730	0.30418
9731	0.189231
9732	2.996251
9733	-0.052594
9734	0.124166
9735	-0.189773
9736	-0.228813
9737	0.34105
9738	0.090549
9739	0.265683
9740	1.672175
9741	0.305806
9742	-0.552512
9743	0.059101
9744	-0.229355
9745	-0.024942
9746	1.170631
9747	-0.04175
9748	0.003795
9749	1.540418
9750	2.500129
9751	-0.170254
9752	0.489073
9753	0.044461
9754	-0.299842
9755	1.073575
9756	-0.125793
9757	2.439402
9758	0.133926
9759	0.124708
9760	0.376836
9761	3.358447
9762	3.461467
9763	0.209293
9764	0.04663
9765	0.145854
9766	-0.03199
9767	-0.045003
9768	1.653198
9769	0.96188
9770	0.975435
9771	0.222848
9772	0.181098
9773	0.700535
9774	-0.145312
9775	0.170254
9776	0.022231
9777	0.188689
9778	0.023857
9779	0.032533
9780	1.675428
9781	-0.015724
9782	2.683396
9783	-0.053679
9784	0.265683
9785	0.462505
9786	0.069403
9787	0.148565
9788	0.285202
9789	0.100309
9790	-0.163205
9791	0.047172
9792	-0.443528
9793	-0.949951
9794	1.85002
9795	0.609444
9796	1.556142
9797	2.57387
9798	1.026945
9799	0.876211
9800	0.143686
9801	1.414083
9802	0.009218
9803	0.090549
9804	0.207666
9805	-0.365992
9806	-0.013013
9807	0.011386
9808	-0.20116
9809	0.323699
9810	-0.112237
9811	-0.156156
9812	1.802847
9813	1.256842
9814	0.31665
9815	0.254296
9816	-0.099767
9817	-0.151277
9818	0.052052
9819	0.375209
9820	-0.145854
9821	0.390391
9822	1.139725
9823	1.671633
9824	0.351352
9825	-0.013013
9826	-0.282491
9827	0.11766
9828	0.736321
9829	0.063981
9830	0.020604
9831	1.159787
9832	1.324618
9833	0.056932
9834	1.206417
9835	0.498833
9836	-0.011929
9837	0.032533
9838	0.17676
9839	1.41083
9840	0.383342
9841	-0.360569
9842	0.026026
9843	0.517268
9844	2.136306
9845	3.149154
9846	2.566821
9847	-0.060727
9848	0.113864
9849	3.426766
9850	0.498833
9851	-0.172965
9852	0.007591
9853	2.72352
9854	-0.069403
9855	1.642353
9856	0.055305
9857	2.018105
9858	0.894646
9859	-0.025484
9860	1.257927
9861	2.30168
9862	0.17676
9863	0.039581
9864	2.371083
9865	0.075909
9866	-0.027653
9867	0.168085
9868	0
9869	0.112237
9870	-0.195738
9871	-0.345388
9872	0.072656
9873	1.996959
9874	-0.28954
9875	-0.296047
9876	1.3642
9877	0.042292
9878	0.899526
9879	0.965133
9880	1.200995
9881	-0.09326
9882	-0.014097
9883	0.253212
9884	0.978689
9885	1.820198
9886	1.340885
9887	-0.02711
9888	-0.326952
9889	0.018977
9890	1.744289
9891	-0.085127
9892	-0.0835
9893	-0.097056
9894	-0.021688
9895	-0.131757
9896	0.077536
9897	-0.485278
9898	0.95212
9899	-0.147481
9900	-0.039039
9901	0.2749
9902	1.698201
9903	1.755133
9904	1.056767
9905	0.251585
9906	0.4072
9907	-0.168085
9908	0.922841
9909	1.784955
9910	-0.048257
9911	-0.814399
9912	0.08838
9913	-0.792711
9914	-0.191942
9915	-0.001084
9916	0.215799
9917	0.605106
9918	0.09814
9919	0.007049
9920	0.065065
9921	0.081331
9922	0.129046
9923	2.090761
9924	-0.124708
9925	-0.06615
9926	1.414083
9927	-0.042835
9928	0.287371
9929	2.926306
9930	0.257007
9931	-0.205497
9932	-0.194111
9933	0.118202
9934	0.848558
9935	1.473184
9936	1.640185
9937	1.162498
9938	0.278154
9939	0.477145
9940	-0.201702
9941	0.162121
9942	-0.313397
9943	0.553054
9944	0.054763
9945	1.128339
9946	0.35569
9947	0.297673
9948	0.949409
9949	1.431976
9950	1.588675
9951	0.09814
9952	-0.24779
9953	0.084043
9954	0.942903
9955	-0.088922
9956	1.528489
9957	1.365284
9958	1.653198
9959	0.047714
9960	2.455126
9961	-0.202244
9962	0.925552
9963	-0.44407
9964	1.050803
9965	-0.387138
9966	0.248332
9967	-0.039581
9968	1.234069
9969	0.601853
9970	0.314482
9971	0.040666
9972	1.364742
9973	0.161036
9974	2.339635
9975	-0.200075
9976	1.046465
9977	0.948325
9978	0.057474
9979	0.07862
9980	0.496664
9981	-0.291709
9982	-0.859402
9983	-0.743912
9984	0.035244
9985	0.413706
9986	0.372498
9987	-0.188147
9988	0.004338
9989	0.291709
9990	0.113864
9991	0.212004
9992	-0.036328
9993	0.239115
9994	-0.138263
9995	-0.243452
9996	-0.273816
9997	0.260261
9998	-1.974728
9999	0.24291
10000	0.018977
10001	0.259718
10002	0.245079
10003	-0.532992
10004	0.890308
10005	-0.71897
10006	0.673425
10007	-0.305806
10008	-0.097056
10009	0.11766
10010	-0.140432
10011	-1.133218
10012	0.536245
10013	0.353521
10014	0.379547
10015	0.319904
10016	0.028737
10017	-1.884721
10018	-0.304722
10019	1.21943
10020	0.544921
10021	-1.263891
10022	0.017893
10023	0.623541
10024	0.317193
10025	-0.162121
10026	0.246705
10027	-0.373583
10028	-0.009218
10029	0.318819
10030	0.501002
10031	-0.174049
10032	0.590466
10033	0.142601
10034	0.309602
10035	0.33129
10036	0.675593
10037	0.653363
10038	-0.936938
10039	-0.328579
10040	0.17188
10041	-0.13501
10042	0.549258
10043	0.620288
10044	0.276527
10045	0.253754
10046	-1.389684
10047	0.964049
10048	-1.448242
10049	0.090007
10050	1.137014
10051	-0.435937
10052	-0.690775
10053	0.599684
10054	0.13013
10055	0.318277
10056	0.473349
10057	0.94724
10058	-0.652821
10059	-0.329121
10060	-0.215799
10061	0.426177
10062	0.739032
10063	-0.749876
10064	2.08805
10065	1.951413
10066	0.679931
10067	
10068	
10069	-0.251043
10070	1.912374
10071	1.812607
10072	0.444612
10073	0.194111
10074	0.936396
10075	0.801386
10076	1.853273
10077	1.725311
10078	0.317193
10079	0.323157
10080	2.184563
10081	0.050968
10082	0.101393
10083	1.348476
10084	0.482024
10085	-0.2749
10086	-0.131757
10087	0.057474
10088	0.064523
10089	0.140975
10090	0.409911
10091	0.664207
10092	5.386312
10093	0.684269
10094	0.128504
10095	4.613121
10096	-0.114948
10097	0.718428
10098	-0.678847
10099	-0.008133
10100	3.976024
10101	3.523279
10102	-0.032533
10103	0.430515
10104	2.368372
10105	-0.07862
10106	-0.11278
10107	2.260472
10108	-0.24779
10109	-0.162121
10110	2.668214
10111	0.00488
10112	-0.002169
10113	1.874419
10114	2.487116
10115	0.193027
10116	1.001461
10117	1.800136
10118	0.073198
10119	-0.131757
10120	-0.167543
10121	2.216011
10122	1.846224
10123	2.37271
10124	1.650486
10125	0.330748
10126	0.010844
10127	-0.086211
10128	3.701666
10129	0.201702
10130	0.280865
10131	0.010844
10132	0.023857
10133	-0.129046
10134	0.016266
10135	0.102478
10136	0.080789
10137	2.483321
10138	0.34105
10139	-0.072656
10140	-0.095971
10141	-0.178387
10142	0.275443
10143	-0.017893
10144	0.057474
10145	0.913081
10146	0.07862
10147	-0.046088
10148	0.125793
10149	1.65862
10150	-0.342677
10151	-0.241283
10152	-0.14477
10153	0.118744
10154	0.000542
10155	-0.191942
10156	-0.125793
10157	1.42818
10158	0.05639
10159	0.345388
10160	0.167543
10161	-0.554138
10162	-0.107358
10163	-0.03199
10164	0.435937
10165	5.456257
10166	5.32938
10167	0.128504
10168	0.079705
10169	0.046088
10170	-0.253212
10171	-0.292251
10172	0.82199
10173	0.263514
10174	-0.034159
10175	0.044461
10176	0.216342
10177	0.503171
10178	3.258681
10179	3.323746
10180	0.306349
10181	0.461963
10182	0.132299
10183	-0.151277
10184	-0.132299
10185	-0.337254
10186	3.53575
10187	0.183267
10188	1.754591
10189	-0.011386
10190	1.752422
10191	-0.151277
10192	0.162663
10193	0.071029
10194	-0.008675
10195	-0.048799
10196	0.621372
10197	0.152903
10198	0.194653
10199	0.288998
10200	0.642519
10201	0.541668
10202	0.222306
10203	1.303472
10204	0.602395
10205	0.197907
10206	0.121997
10207	5.957259
10208	4.719394
10209	3.613828
10210	0.151819
10211	5.306065
10212	0.197907
10213	0.411537
10214	-0.068318
10215	2.442655
10216	-0.307433
10217	-0.309602
10218	0.037955
10219	0.016266
10220	2.090219
10221	1.148942
10222	-0.416959
10223	2.677432
10224	1.859779
10225	-0.033617
10226	1.899361
10227	1.319739
10228	0.015182
10229	-0.137721
10230	0.659869
10231	0.013013
10232	-0.039039
10233	-0.05639
10234	1.665126
10235	0.085127
10236	1.995332
10237	3.512435
10238	0.008133
10239	0.492326
10240	-0.371414
10241	6.357952
10242	6.5564
10243	-0.043377
10244	5.83743
10245	4.698248
10246	-0.032533
10247	2.056059
10248	2.80702
10249	-0.100851
10250	2.669299
10251	2.34831
10252	2.359155
10253	0.613781
10254	0.085127
10255	2.102147
10256	0.234777
10257	4.779579
10258	-0.058559
10259	0.204955
10260	-0.097598
10261	0.14965
10262	0.041208
10263	2.666588
10264	1.406492
10265	0.214173
10266	-0.251585
10267	0.183267
10268	-0.183267
10269	4.093141
10270	-0.310144
10271	0.193027
10272	4.490581
10273	3.683231
10274	2.251797
10275	2.464343
10276	0.243994
10277	0.070487
10278	-0.054763
10279	0.138263
10280	0.399609
10281	5.672598
10282	0.044461
10283	0.435937
10284	0.283576
10285	0.081874
10286	2.082085
10287	0.487447
10288	-0.166458
10289	0.52269
10290	0.275985
10291	0.023315
10292	0.079163
10293	4.644027
10294	0.06615
10295	0.088922
10296	-0.007591
10297	-0.33617
10298	0.121997
10299	0.143686
10300	-0.265683
10301	0.087296
10302	-0.302553
10303	2.609656
10304	-0.086754
10305	-0.131215
10306	0.229355
10307	0.87838
10308	2.30168
10309	1.250878
10310	0.38768
10311	-0.039581
10312	-0.413164
10313	0.020062
10314	1.212923
10315	-0.015724
10316	-0.148023
10317	2.057144
10318	-0.244537
10319	-0.378462
10320	0.569862
10321	2.093472
10322	-0.103562
10323	1.613616
10324	0.015724
10325	0.862656
10326	0.218511
10327	-0.441901
10328	2.437775
10329	0.319362
10330	0.017351
10331	-0.941818
10332	3.06457
10333	0.443528
10334	3.698413
10335	4.538296
10336	0.194111
10337	1.554515
10338	1.824536
10339	0.168627
10340	-0.024942
10341	2.196492
10342	0.056932
10343	-0.052594
10344	2.302765
10345	0.090007
10346	-0.183267
10347	1.215092
10348	0.017351
10349	0.005422
10350	4.747589
10351	0.081331
10352	0.460878
10353	-0.406115
10354	0.357858
10355	0.214173
10356	3.86704
10357	0.119286
10358	0.228813
10359	0.24779
10360	2.514769
10361	0.067234
10362	3.041797
10363	0.142601
10364	-0.14477
10365	0.255923
10366	0
10367	2.804309
10368	0.044461
10369	1.233527
10370	0.342677
10371	0.101393
10372	0.381716
10373	0.893562
10374	0.362196
10375	0.025484
10376	-0.128504
10377	2.551639
10378	0.074283
10379	-0.153445
10380	0.047714
10381	0.01464
10382	-0.268936
10383	-0.037412
10384	0.272732
10385	-0.088922
10386	0.24291
10387	-0.580707
10388	2.349395
10389	1.443362
10390	0.565525
10391	0.055848
10392	-0.393102
10393	-0.213088
10394	-0.103562
10395	0.142601
10396	0.01952
10397	-0.148023
10398	-0.203871
10399	0.007591
10400	-0.898984
10401	0.022231
10402	0.055848
10403	
10404	
10405	
10406	
10407	
10408	
10409	
10410	
10411	
10412	
10413	
10414	
10415	
10416	
10417	
10418	
10419	
10420	
10421	
10422	
10423	
10424	
10425	
10426	
10427	
10428	
10429	
10430	
10431	
10432	
10433	
10434	
10435	
10436	
10437	
10438	
10439	
10440	
10441	
10442	
10443	
10444	
10445	
10446	
10447	
10448	
10449	
10450	
10451	
10452	
10453	
10454	
10455	
10456	
10457	
10458	
10459	
10460	
10461	
10462	
10463	
10464	
10465	
10466	
10467	
10468	
10469	
10470	
10471	
10472	
10473	
10474	
10475	
10476	
10477	
10478	0.726561
10479	0.795964
10480	0.56932
10481	1.398901
10482	-0.498291
10483	0.465216
10484	0.035786
10485	0.885971
10486	-0.23803
10487	-0.30906
10488	-0.089465
10489	1.390226
10490	0.339966
10491	0.585587
10492	-0.595346
10493	-0.216342
10494	0.420213
10495	-0.13989
10496	-0.132299
10497	0.62571
10498	-0.325868
10499	0.416959
10500	-0.024399
10501	0.138263
10502	0.684811
10503	0.74337
10504	1.146231
10505	-0.073741
10506	0.552512
10507	0.119828
10508	-0.120913
10509	1.094721
10510	-0.177845
10511	1.031283
10512	0.255923
10513	0.095429
10514	0.184351
10515	0.222306
10516	-0.17676
10517	0.232066
10518	1.034536
10519	0.125793
10520	-0.028737
10521	0.165374
10522	-0.189773
10523	-0.099224
10524	0.790542
10525	0.007591
10526	-0.197907
10527	0.641434
10528	0.08838
10529	0.018435
10530	0.592635
10531	-0.326952
10532	0.852354
10533	0.030906
10534	0.949951
10535	0.638181
10536	-0.516726
10537	0.010302
10538	1.492161
10539	-0.124708
10540	0.189773
10541	0.187062
10542	-0.077536
10543	-0.204955
10544	-0.322073
10545	1.525778
10546	0.312313
10547	0.109526
10548	1.750253
10549	0.090007
10550	0.585587
10551	-0.05639
10552	0.06127
10553	2.942572
10554	0.114406
10555	0.280865
10556	0.238572
10557	2.001838
10558	-0.026568
10559	0.379547
10560	1.009595
10561	0.052594
10562	0.330206
10563	0.018435
10564	0.170796
10565	0.077536
10566	0.879464
10567	-0.322615
10568	-0.093802
10569	0.134468
10570	0.067234
10571	0.084043
10572	0.433768
10573	0.01464
10574	-0.003795
10575	0.702162
10576	-0.071572
10577	-0.164832
10578	1.077371
10579	0.060727
10580	0.360569
10581	1.633678
10582	-0.046088
10583	1.169546
10584	0.418586
10585	0.037955
10586	0.018435
10587	1.099601
10588	0.241826
10589	0.641976
10590	0.71409
10591	-0.058016
10592	0.099767
10593	1.050803
10594	0.922299
10595	-0.04175
10596	0.380089
10597	-0.031448
10598	0.200075
10599	0.296589
10600	1.725311
10601	0.169712
10602	0.132841
10603	1.75188
10604	0.111153
10605	1.416252
10606	0.501544
10607	0.01464
10608	1.316485
10609	-0.220137
10610	-0.035786
10611	0.163747
10612	0.219053
10613	0.266767
10614	2.605318
10615	0.145854
10616	-0.062896
10617	0.071029
10618	0.383885
10619	-0.140975
10620	0.207124
10621	-0.002169
10622	0.35081
10623	-0.022773
10624	0.172423
10625	1.880383
10626	0.190316
10627	0.634928
10628	0.175676
10629	1.867913
10630	0.297673
10631	2.16179
10632	1.576204
10633	-0.281949
10634	0.136095
10635	-0.300384
10636	0.056932
10637	0.03687
10638	-0.195738
10639	1.186897
10640	-0.035244
10641	0.803013
10642	0.598057
10643	-0.14477
10644	0.219053
10645	0.059643
10646	-0.055848
10647	-0.010844
10648	3.1703
10649	-0.157783
10650	0.659869
10651	0.852354
10652	0.208209
10653	-0.035244
10654	-0.108442
10655	-0.253754
10656	1.973644
10657	-0.035244
10658	-0.23803
10659	-0.249959
10660	-0.06615
10661	0.053679
10662	0.371414
10663	0.230981
10664	3.093849
10665	2.294632
10666	0.71409
10667	0.255381
10668	0.379547
10669	0.168627
10670	0.357858
10671	0.664749
10672	0.136637
10673	-0.14477
10674	0.506424
10675	-0.117117
10676	0.242368
10677	-0.068861
10678	0.076452
10679	-0.344303
10680	0.158325
10681	-0.13013
10682	0.055305
10683	-0.238572
10684	-0.029822
10685	1.579999
10686	0.539499
10687	0.515099
10688	-0.240741
10689	0.306349
10690	-0.717886
10691	0.182182
10692	3.247836
10693	0.09326
10694	-0.183809
10695	0.921214
10696	-0.437563
10697	0.162121
10698	2.784247
10699	0.070487
10700	-0.175676
10701	0.017351
10702	0.045003
10703	-0.035786
10704	0.301469
10705	-0.089465
10706	0.885971
10707	0.271647
10708	-0.178387
10709	-0.030906
10710	0.70433
10711	-0.126335
10712	2.446993
10713	0.204955
10714	0.035244
10715	-0.079163
10716	0.085669
10717	0.336712
10718	0.06127
10719	-0.106815
10720	0.119828
10721	0.322073
10722	-0.088922
10723	0.389849
10724	0.003253
10725	-0.393102
10726	0.464674
10727	-0.043377
10728	0.350268
10729	-0.141517
10730	-0.072656
10731	0.002169
10732	0.031448
10733	1.227563
10734	0
10735	0.20116
10736	0.361112
10737	0.850185
10738	0.085127
10739	0.320446
10740	0.122539
10741	1.166293
10742	0.081331
10743	0.013555
10744	0.506424
10745	0.10302
10746	2.474645
10747	0.039039
10748	0.001084
10749	-0.055848
10750	0.115491
10751	-0.027653
10752	3.296635
10753	0.094887
10754	0.242368
10755	0.869704
10756	0.284118
10757	0.245621
10758	0.03199
10759	-0.003795
10760	0.515099
10761	0.039581
10762	0.108984
10763	1.169004
10764	0.031448
10765	0.105189
10766	0.030364
10767	-0.087296
10768	0.148023
10769	1.972559
10770	0.086211
10771	0.015724
10772	0.954831
10773	0.502086
10774	-0.110069
10775	0.369787
10776	0.331832
10777	0.314482
10778	0.33129
10779	-0.155614
10780	0.067234
10781	0.126335
10782	0.03687
10783	0.043919
10784	1.088757
10785	1.438482
10786	-0.098682
10787	0.365992
10788	0.08838
10789	1.311063
10790	1.197741
10791	-0.236946
10792	0.075367
10793	0.877295
10794	0.092718
10795	0.221764
10796	0.1914
10797	0.018977
10798	-0.345388
10799	0.51781
10800	0.538414
10801	-0.416417
10802	0.441359
10803	0.081874
10804	0.221222
10805	0.137721
10806	0.137721
10807	0.054221
10808	0.710295
10809	2.130342
10810	1.091468
10811	0.620288
10812	-0.100851
10813	-0.059101
10814	-0.106815
10815	-0.029279
10816	-0.007049
10817	-0.079163
10818	0.065065
10819	-0.008133
10820	0.047714
10821	0.251585
10822	0.032533
10823	1.288833
10824	0.047172
10825	0.076452
10826	0.882175
10827	-0.008675
10828	0.28954
10829	0.383342
10830	0.088922
10831	0.060727
10832	0.376836
10833	0.296047
10834	-0.127962
10835	0.017351
10836	-0.120371
10837	-0.129588
10838	-0.334543
10839	-0.06127
10840	0.007591
10841	0.109526
10842	0.309602
10843	0.060185
10844	0.461963
10845	0.170796
10846	0.532992
10847	0.209293
10848	0.11766
10849	0.012471
10850	-0.242368
10851	-0.174592
10852	0.211462
10853	2.569532
10854	0.040666
10855	-0.184351
10856	0.96676
10857	0.814399
10858	0.070487
10859	0.659869
10860	0.398524
10861	0.074825
10862	0.62083
10863	-0.470638
10864	0.068318
10865	0.354605
10866	0.477145
10867	0.079705
10868	1.254673
10869	0.017893
10870	0.261887
10871	0.29442
10872	1.440109
10873	0.298758
10874	1.990994
10875	-0.17188
10876	-0.18652
10877	1.538791
10878	0.438648
10879	0.679931
10880	1.358778
10881	0.909828
10882	0.4907
10883	0.53733
10884	1.693321
10885	0.041208
10886	-0.010844
10887	0.494495
10888	0.47118
10889	-0.037955
10890	0.024942
10891	-0.048257
10892	0.775902
10893	0.123624
10894	-0.116033
10895	0.039039
10896	0.753672
10897	0.024942
10898	0.08838
10899	0.200075
10900	-0.133384
10901	0.023315
10902	0.318277
10903	0.349183
10904	1.716094
10905	0.069945
10906	0.514015
10907	0.863198
10908	1.492703
10909	-0.026568
10910	-0.903321
10911	0.260261
10912	0.514557
10913	0.580164
10914	0.04663
10915	0.410995
10916	0.03687
10917	-0.33129
10918	0.465216
10919	0.406657
10920	0.008133
10921	0.053137
10922	-0.386053
10923	0.336712
10924	3.015771
10925	2.608029
10926	1.030199
10927	1.612532
10928	0.003253
10929	0.344845
10930	2.592847
10931	0.182725
10932	0.197364
10933	0.713548
10934	-0.360569
10935	0.406115
10936	-0.061812
10937	0.302011
10938	0.170254
10939	0.299842
10940	1.881468
10941	0.024399
10942	0.055305
10943	0.162663
10944	0.059101
10945	-0.434852
10946	0.303095
10947	0.178387
10948	-0.340508
10949	-0.53245
10950	0.174592
10951	-0.056932
10952	1.564275
10953	0.567694
10954	0.097598
10955	2.233904
10956	-0.106273
10957	0.08838
10958	0.803555
10959	-0.081331
10960	0.245621
10961	1.470473
10962	-0.030364
10963	-0.096513
10964	0.261345
10965	2.369999
10966	0.094344
10967	-0.791084
10968	0.010844
10969	1.757302
10970	0.197907
10971	-0.317735
10972	0.193027
10973	2.167212
10974	0.091633
10975	0.06127
10976	3.073787
10977	0.132299
10978	0.451119
10979	-0.146397
10980	0.04175
10981	-0.002711
10982	1.299677
10983	0.314482
10984	0.169712
10985	0.04663
10986	-0.115491
10987	-0.090549
10988	0.760178
10989	0.27978
10990	-0.027653
10991	1.234612
10992	-0.049883
10993	-0.25755
10994	0.086754
10995	0.106273
10996	0.007591
10997	0.729814
10998	-0.418044
10999	0.328037
11000	0.121997
11001	0.179471
11002	0.293878
11003	0.029822
11004	-0.308517
11005	-0.035786
11006	0.078078
11007	0.052594
11008	0.187062
11009	1.300219
11010	-0.060727
11011	1.12617
11012	-0.194111
11013	0.473891
11014	0.027653
11015	0.175134
11016	0.037955
11017	0.082416
11018	-0.210377
11019	0.058559
11020	0.454372
11021	0.326952
11022	-0.090549
11023	0.546547
11024	1.623918
11025	0.097598
11026	0.711379
11027	-0.393644
11028	0.026568
11029	-0.391475
11030	-0.769396
11031	-0.291167
11032	0.039581
11033	-0.017893
11034	-0.109526
11035	-0.008133
11036	-0.06615
11037	0.132841
11038	0.506424
11039	1.006884
11040	0.631674
11041	1.861948
11042	-0.202244
11043	0.303637
11044	0.347014
11045	1.631509
11046	0.393102
11047	1.083877
11048	0.601311
11049	2.906244
11050	-0.165916
11051	0.721681
11052	0.080247
11053	0.155072
11054	1.625003
11055	-0.461421
11056	-0.143143
11057	1.081166
11058	-0.095971
11059	3.4696
11060	0.172423
11061	0.288998
11062	0.185978
11063	1.112614
11064	0.121455
11065	0.360569
11066	-0.045003
11067	0.05639
11068	-0.030906
11069	0.356774
11070	-0.050968
11071	2.250713
11072	-0.431057
11073	-0.307975
11074	2.217638
11075	2.199203
11076	-0.14477
11077	-0.104646
11078	0.302011
11079	0.458709
11080	-0.178387
11081	0.140432
11082	-0.245079
11083	0.097056
11084	0.262972
11085	0.124166
11086	0.974351
11087	0.792711
11088	0.076994
11089	-0.350268
11090	-0.337254
11091	0.128504
11092	0.598057
11093	-0.416959
11094	-0.767769
11095	-0.194653
11096	0.299842
11097	-0.038497
11098	-0.397982
11099	-0.335086
11100	0.059643
11101	0.478771
11102	1.132676
11103	-0.079705
11104	-0.137721
11105	1.064358
11106	0.241826
11107	0.020604
11108	1.137556
11109	-0.040666
11110	0.447323
11111	0.364365
11112	0.792711
11113	0.810061
11114	-0.059643
11115	0.395271
11116	0.072114
11117	0.781324
11118	0.479856
11119	3.145901
11120	1.905867
11121	0.220679
11122	2.970225
11123	2.356444
11124	0.307975
11125	0.55197
11126	-0.198449
11127	-0.349725
11128	0.060727
11129	0.267309
11130	0.293335
11131	0.090007
11132	0.1079
11133	0.024942
11134	0.034159
11135	0.687522
11136	0.734694
11137	-0.143143
11138	0.25755
11139	0.308517
11140	-0.639808
11141	0.28466
11142	0.277069
11143	-0.308517
11144	-0.104646
11145	0.278154
11146	1.931893
11147	0.590466
11148	0.470638
11149	0.216342
11150	-0.030364
11151	0.498291
11152	0.03687
11153	0.440274
11154	0.339966
11155	-0.04663
11156	0.427803
11157	0.046088
11158	0.0835
11159	0.521064
11160	0.416417
11161	0.098682
11162	0.262972
11163	0.032533
11164	0.170254
11165	0.202786
11166	-0.097056
11167	0.075367
11168	-0.50046
11169	0.003795
11170	0.017351
11171	0.077536
11172	-0.086211
11173	0.244537
11174	-0.292793
11175	0.706499
11176	-0.427803
11177	0.731983
11178	-0.346472
11179	0.053679
11180	0.089465
11181	0.022231
11182	0.592635
11183	0.244537
11184	0.059643
11185	0.007049
11186	0.55956
11187	0.405573
11188	0.022231
11189	0.062354
11190	0.170254
11191	0.749876
11192	0.150192
11193	-0.110069
11194	-0.033617
11195	0.26243
11196	0.134468
11197	-0.121455
11198	0.403404
11199	-0.084043
11200	0.694028
11201	-0.121455
11202	0.397982
11203	0.303637
11204	1.800136
11205	0.253754
11206	0.121997
11207	3.19958
11208	0.054221
11209	0.92501
11210	0.830665
11211	0.292793
11212	0.878922
11213	-0.039039
11214	0.181098
11215	0.161579
11216	0.28954
11217	0.530281
11218	0.111153
11219	2.34831
11220	0.047714
11221	0.564983
11222	0.441359
11223	-0.307975
11224	0.147481
11225	-0.27002
11226	0.477145
11227	1.193404
11228	0.165374
11229	-0.148023
11230	-0.133926
11231	2.025696
11232	1.617954
11233	0.358401
11234	-0.300384
11235	0.1079
11236	0.282491
11237	1.530116
11238	0.023315
11239	0.194111
11240	0.856149
11241	0.545463
11242	0.145312
11243	1.185271
11244	-0.184894
11245	0.225559
11246	0.147481
11247	-0.093802
11248	0.360569
11249	1.141894
11250	-0.043919
11251	-0.064523
11252	1.134845
11253	0.469554
11254	0.961338
11255	-0.015182
11256	0.116575
11257	-0.150734
11258	-0.047714
11259	1.010137
11260	0.459794
11261	-0.094887
11262	0.612697
11263	-0.160494
11264	0.130673
11265	-0.161036
11266	0.095429
11267	0.200618
11268	0.022231
11269	-0.026026
11270	2.386807
11271	-0.45383
11272	0.249416
11273	-0.121455
11274	0.174049
11275	0.249416
11276	0.257007
11277	0.129046
11278	0.098682
11279	0.90061
11280	-0.109526
11281	0.022773
11282	0.151277
11283	-0.303637
11284	-0.082958
11285	1.238949
11286	1.043754
11287	0.106273
11288	2.197576
11289	-0.167001
11290	-0.351352
11291	1.789834
11292	0.080247
11293	0.293335
11294	0.245079
11295	0.44895
11296	0.163747
11297	-0.550343
11298	0.037412
11299	-0.214715
11300	1.120748
11301	-0.005422
11302	-0.017893
11303	0.063439
11304	-0.141517
11305	-0.195738
11306	0.005964
11307	0.006507
11308	0.198991
11309	-0.070487
11310	-0.081331
11311	0.046088
11312	0.013013
11313	-0.171338
11314	0.187062
11315	0.880549
11316	0.032533
11317	0.781866
11318	0.223933
11319	-0.131757
11320	-0.284118
11321	-0.17676
11322	0.389307
11323	2.080459
11324	0.214715
11325	-0.010302
11326	2.098352
11327	0.414248
11328	-0.024399
11329	-0.068318
11330	0.011386
11331	-0.107358
11332	-0.1079
11333	-0.187062
11334	0.417502
11335	-0.1079
11336	-0.015182
11337	-0.246163
11338	1.300219
11339	1.619581
11340	-0.027653
11341	-0.030364
11342	1.458002
11343	0.069403
11344	0.561729
11345	0.342134
11346	0.022231
11347	0.335628
11348	1.146231
11349	0.075909
11350	-0.022231
11351	-0.155614
11352	0.85886
11353	0.452203
11354	-0.07862
11355	0.763431
11356	-0.01464
11357	0.331832
11358	-0.312855
11359	-0.126335
11360	1.242203
11361	-0.098682
11362	-0.37304
11363	0.065065
11364	1.275277
11365	0.943445
11366	0.975435
11367	0.693486
11368	-0.035244
11369	0.735779
11370	0.069403
11371	0.255923
11372	0.390933
11373	0.008675
11374	-0.129588
11375	-0.106273
11376	0.18164
11377	-0.05151
11378	1.601145
11379	-0.204413
11380	0.026568
11381	0.212546
11382	0.994413
11383	0.267852
11384	0.592635
11385	-0.024399
11386	1.115868
11387	0.024399
11388	0.258634
11389	0.195738
11390	0.24779
11391	-0.132299
11392	0.28954
11393	1.137014
11394	0.390933
11395	0.015182
11396	0.152361
11397	0.389849
11398	0.585587
11399	1.788208
11400	-0.161579
11401	0.367618
11402	-0.085127
11403	-0.161579
11404	0.108984
11405	1.998585
11406	0.195738
11407	0.157241
11408	-0.046088
11409	1.899903
11410	-0.249959
11411	0.032533
11412	-0.178929
11413	0.360569
11414	0.28466
11415	0.08838
11416	0.025484
11417	0.059101
11418	0.753672
11419	-0.199533
11420	0.416417
11421	0.521064
11422	-0.132841
11423	-0.265683
11424	-0.05151
11425	-0.167001
11426	0.306891
11427	0.058016
11428	0.193569
11429	0.273274
11430	0.172965
11431	-0.067776
11432	0.97652
11433	-0.326952
11434	0.320446
11435	0.155614
11436	0.978146
11437	-0.078078
11438	0.35081
11439	0.073198
11440	-0.065607
11441	0.417502
11442	-0.104646
11443	0.045546
11444	0.78024
11445	-0.150734
11446	0.015182
11447	0.292793
11448	0.045546
11449	0.141517
11450	0.578538
11451	0.40232
11452	0.080789
11453	0.405031
11454	0.114406
11455	0.293878
11456	0.332917
11457	-0.039581
11458	0.032533
11459	0.248332
11460	0.002169
11461	-0.005964
11462	0.034159
11463	0
11464	0
11465	0.012471
11466	
11467	0.062896
11468	-0.30418
11469	-0.063981
11470	-0.14965
11471	1.029114
11472	0.079163
11473	0.207124
11474	0.283576
11475	-0.226101
11476	0.208751
11477	0.204955
11478	0.18652
11479	1.051887
11480	0.016266
11481	0.396355
11482	0.000542
11483	0.047172
11484	0.504797
11485	-0.106273
11486	0.362196
11487	0.010302
11488	-0.005422
11489	0.928805
11490	0.079705
11491	-0.071572
11492	0.44407
11493	0.017893
11494	0.172423
11495	0.908744
11496	-0.22827
11497	-0.14477
11498	0.39744
11499	0.002169
11500	-0.024942
11501	1.126712
11502	0.176218
11503	0.016809
11504	1.40107
11505	1.191777
11506	0.060727
11507	0.726019
11508	0.271105
11509	0.004338
11510	0.14965
11511	-0.226101
11512	-0.30418
11513	0.493411
11514	0.42455
11515	0.17188
11516	1.479148
11517	0.182725
11518	-0.047714
11519	-0.316108
11520	0.067234
11521	0.013555
11522	-0.054763
11523	-0.125793
11524	-0.140975
11525	0.075367
11526	0.155072
11527	0.071572
11528	1.047007
11529	-0.078078
11530	0.378462
11531	0.063439
11532	0.336712
11533	2.019731
11534	-0.034159
11535	0.266767
11536	0.157783
11537	0.385511
11538	0.144228
11539	2.756052
11540	1.927556
11541	0.127962
11542	0.057474
11543	1.705792
11544	1.788208
11545	0.306891
11546	0.483109
11547	-0.059101
11548	0.195196
11549	0.335086
11550	-0.100851
11551	0.949951
11552	-0.120913
11553	-0.226644
11554	0.187062
11555	3.728776
11556	-0.034159
11557	0.996582
11558	-0.129046
11559	-0.11278
11560	0.119286
11561	-0.597515
11562	-0.325868
11563	-0.146397
11564	0.741201
11565	-0.037412
11566	-0.118202
11567	0.455998
11568	1.066527
11569	-0.00488
11570	0.684811
11571	-0.177303
11572	-0.047714
11573	-0.021688
11574	-0.097598
11575	-0.10302
11576	0.224475
11577	0.199533
11578	1.40595
11579	0.228813
11580	-0.167543
11581	-0.06127
11582	1.239492
11583	0.351352
11584	0.676136
11585	-0.194653
11586	0.272189
11587	0.165374
11588	1.715552
11589	0.127419
11590	0.240741
11591	-0.111695
11592	0.050426
11593	0.612155
11594	0.131757
11595	-0.010302
11596	0.010844
11597	1.130507
11598	-0.082958
11599	0.342134
11600	0.020604
11601	0.223933
11602	0.084585
11603	1.409203
11604	0.070487
11605	-0.024942
11606	-0.171338
11607	-0.150734
11608	1.498126
11609	0.020062
11610	-0.145312
11611	0.001084
11612	0.470638
11613	0.061812
11614	0.037412
11615	0.753129
11616	0.177303
11617	-0.431599
11618	0.379005
11619	-0.052052
11620	1.031825
11621	0.134468
11622	-0.375209
11623	1.435229
11624	0.408826
11625	1.590843
11626	1.626087
11627	0.204955
11628	-0.129588
11629	-0.066692
11630	0.917961
11631	0.252128
11632	-0.058559
11633	-0.202244
11634	-0.050426
11635	0.208209
11636	-0.03687
11637	0.012471
11638	-0.031448
11639	1.071949
11640	-0.071029
11641	0.218511
11642	0.158325
11643	0.286287
11644	0.20604
11645	1.524152
11646	0.378462
11647	0.123624
11648	0.613239
11649	-0.053679
11650	0.106273
11651	0.482024
11652	-0.040666
11653	-0.035786
11654	0.024942
11655	0.021146
11656	0.017351
11657	-0.191942
11658	0.256465
11659	0.095429
11660	0.998208
11661	1.407034
11662	0.360569
11663	1.321365
11664	0.555765
11665	-0.35081
11666	1.309437
11667	0.422924
11668	0.302553
11669	-0.0835
11670	-0.002711
11671	-0.052594
11672	-0.039581
11673	0.216884
11674	-0.146939
11675	-0.359485
11676	-0.007049
11677	0.72873
11678	-0.014097
11679	-0.11278
11680	-0.151819
11681	0.243452
11682	0.024399
11683	0.664207
11684	0.557934
11685	0.165374
11686	-0.063439
11687	0.157783
11688	0.064523
11689	0.804097
11690	0.073741
11691	0.142601
11692	-0.000542
11693	0.105731
11694	-0.165374
11695	0.396355
11696	1.190693
11697	0.64035
11698	-0.052594
11699	0.349183
11700	1.186355
11701	0.238572
11702	1.497583
11703	0.449492
11704	0.029822
11705	1.137014
11706	-0.12525
11707	-0.005964
11708	1.388599
11709	0.021688
11710	0.596431
11711	0.012471
11712	0.039039
11713	0.032533
11714	-0.052052
11715	0.034701
11716	0.007591
11717	0
11718	
11719	0.086211
11720	0.893562
11721	0.63059
11722	-0.328037
11723	0.182725
11724	-0.003253
11725	1.345222
11726	0.332917
11727	0.335086
11728	2.272943
11729	0.450034
11730	0.05639
11731	1.222141
11732	1.739951
11733	0.072656
11734	0.129588
11735	0.954831
11736	-0.344845
11737	0.923383
11738	1.794714
11739	-0.072656
11740	1.148942
11741	0.441359
11742	-0.403946
11743	0.12525
11744	2.313609
11745	-0.215799
11746	0.548716
11747	0.037412
11748	0.016266
11749	0.155072
11750	-0.119286
11751	0.071572
11752	0.81223
11753	0.02711
11754	-0.193569
11755	-0.148565
11756	0.020062
11757	0.404488
11758	1.63422
11759	-0.012471
11760	0.071572
11761	0.039039
11762	-0.217968
11763	0.013555
11764	0.077536
11765	-0.538414
11766	0.283033
11767	0.030906
11768	0.308517
11769	0.74337
11770	-0.062354
11771	-0.116575
11772	-0.191942
11773	-0.146939
11774	0.410995
11775	1.329498
11776	-0.06615
11777	0.328579
11778	-0.446239
11779	-0.33129
11780	1.193404
11781	0.169169
11782	-0.085669
11783	1.562106
11784	0.022773
11785	0.028737
11786	1.158702
11787	0.017893
11788	0.074825
11789	1.818029
11790	0.297131
11791	3.252174
11792	0.432141
11793	1.728565
11794	-0.038497
11795	-0.231524
11796	-0.447323
11797	0.158325
11798	0.204955
11799	0.05639
11800	0.217968
11801	0.96188
11802	0.917419
11803	0.463589
11804	-0.180556
11805	-0.120913
11806	0.076994
11807	0.015724
11808	1.030741
11809	0.234777
11810	2.184563
11811	0.076452
11812	-0.205497
11813	1.416794
11814	0.451119
11815	0.251043
11816	0.405573
11817	-0.016809
11818	-0.070487
11819	1.610905
11820	-0.30906
11821	-0.199533
11822	1.294255
11823	-0.387138
11824	0.456541
11825	0.34593
11826	1.768146
11827	1.240576
11828	0.984111
11829	1.342511
11830	1.192319
11831	0.120913
11832	0.073741
11833	0.788915
11834	0.209835
11835	0.077536
11836	0.090549
11837	1.461255
11838	1.590843
11839	0.221764
11840	3.068365
11841	-0.082416
11842	-0.063439
11843	-0.036328
11844	0.06127
11845	0.001627
11846	0.595889
11847	0.095429
11848	-0.131215
11849	2.120582
11850	0.195196
11851	0.312313
11852	0.185978
11853	1.336547
11854	-0.010844
11855	-0.057474
11856	0.30418
11857	-0.086211
11858	3.349772
11859	0.34105
11860	0.670713
11861	0.164832
11862	-0.005422
11863	2.396567
11864	2.054433
11865	0.138263
11866	-0.062354
11867	0.305264
11868	0.408284
11869	0.397982
11870	-0.369787
11871	0.257007
11872	0.109526
11873	0.135552
11874	1.64398
11875	0.036328
11876	0.959169
11877	0.757467
11878	-0.054763
11879	-0.109526
11880	-0.166458
11881	0.405573
11882	4.014521
11883	-0.092718
11884	0.238572
11885	1.475895
11886	0.048799
11887	0.114406
11888	0.123082
11889	0.040124
11890	0.017351
11891	-0.059643
11892	-0.060727
11893	0.094887
11894	1.272024
11895	0.315024
11896	2.888894
11897	0.260261
11898	0.742827
11899	0.280322
11900	-0.075909
11901	1.422758
11902	-0.116033
11903	1.334378
11904	0.093802
11905	0.396898
11906	0.446781
11907	-0.02711
11908	0.132841
11909	-0.094887
11910	0.072656
11911	0.018977
11912	-0.235319
11913	0.060727
11914	0.229897
11915	0.492326
11916	0.207666
11917	0.744996
11918	0.305264
11919	-0.129046
11920	0.303095
11921	0.098682
11922	-0.007049
11923	1.216176
11924	0.291167
11925	-0.050968
11926	0.009218
11927	-0.08838
11928	1.357693
11929	-0.023315
11930	1.037247
11931	-0.099767
11932	-0.063981
11933	0.15941
11934	0.497206
11935	0.622457
11936	2.963719
11937	0.035786
11938	0.200618
11939	2.230109
11940	0.076452
11941	0.202244
11942	1.61199
11943	2.355359
11944	-0.012471
11945	0.596431
11946	-0.401777
11947	0.207666
11948	0.207124
11949	-0.085669
11950	0.309602
11951	1.20479
11952	0.124166
11953	0.020604
11954	0.082958
11955	-0.013013
11956	-0.097598
11957	1.331125
11958	-0.202786
11959	0.315566
11960	1.342511
11961	-0.042835
11962	0.095429
11963	0.858318
11964	-0.159952
11965	-0.065607
11966	0.104646
11967	-0.215257
11968	0.377378
11969	0.18164
11970	0.090007
11971	-0.039581
11972	1.430892
11973	-0.232608
11974	1.036705
11975	-0.060185
11976	0.086211
11977	0.957
11978	0.291167
11979	0.138263
11980	0.067234
11981	1.237323
11982	0.450034
11983	2.349937
11984	-0.024399
11985	0.270563
11986	-0.037955
11987	1.908578
11988	-0.01464
11989	0.69186
11990	0.336712
11991	1.105023
11992	0.079705
11993	0.264598
11994	0.257007
11995	-0.086211
11996	0.052594
11997	0.050426
11998	-0.01952
11999	-0.014097
12000	-0.021146
12001	0.316108
12002	-0.222848
12003	-0.123082
12004	0.601311
12005	0.315566
12006	0.376836
12007	0.145312
12008	0.043377
12009	-0.055848
12010	0.808977
12011	0.416959
12012	-0.112237
12013	0.183809
12014	1.166293
12015	0.445154
12016	-0.01952
12017	0.311771
12018	0.11278
12019	0.139348
12020	-0.369245
12021	0.054763
12022	0.50046
12023	-0.094344
12024	-0.012471
12025	0.101393
12026	0.808977
12027	0.964591
12028	-0.027653
12029	0.065607
12030	-0.007049
12031	-0.181098
12032	-0.064523
12033	-0.17188
12034	-0.060727
12035	1.521441
12036	-0.249959
12037	0.068861
12038	-0.09326
12039	0.045546
12040	0.042835
12041	0.222848
12042	0.104646
12043	2.808647
12044	0.018435
12045	-0.18652
12046	1.360404
12047	1.290459
12048	0.148023
12049	0.011386
12050	0.063439
12051	-0.011929
12052	0.210377
12053	0.247248
12054	-0.25755
12055	-0.213088
12056	-0.204955
12057	-0.307433
12058	-0.117117
12059	-0.090007
12060	0.021688
12061	-0.101935
12062	0.301469
12063	0.040666
12064	0.106815
12065	2.472476
12066	0.245079
12067	-0.036328
12068	1.428723
12069	0.24291
12070	0.238572
12071	1.593012
12072	0.09326
12073	0.11278
12074	0.626794
12075	-0.063439
12076	-0.091091
12077	-0.131215
12078	0.415333
12079	0.315566
12080	2.070699
12081	-0.006507
12082	1.035078
12083	0.23803
12084	0.146397
12085	0.097056
12086	-0.032533
12087	-0.225017
12088	0.097598
12089	0.458709
12090	0.990617
12091	0.55197
12092	1.6635
12093	0.328579
12094	0.444612
12095	3.496711
12096	0.314482
12097	0.06127
12098	2.785332
12099	-0.207124
12100	1.333836
12101	0.502628
12102	0.281949
12103	0.225559
12104	1.969306
12105	0.617577
12106	0.055305
12107	-0.343219
12108	-0.184351
12109	0.13501
12110	-0.529197
12111	-0.028737
12112	0.859945
12113	0.13989
12114	0.273816
12115	-0.017893
12116	0.798675
12117	0.14965
12118	0.118202
12119	0.323699
12120	0.706499
12121	0.11766
12122	-0.150734
12123	0.113864
12124	-0.457083
12125	-0.508051
12126	0.511304
12127	0.053137
12128	0.603479
12129	0.47606
12130	0.649025
12131	0.280865
12132	0.045003
12133	0.415875
12134	0.062896
12135	0.997666
12136	0.493953
12137	0.709753
12138	0.885971
12139	-1.397817
12140	-1.395648
12141	-0.662038
12142	0.546005
12143	0.035244
12144	0.133926
12145	-0.761262
12146	0.56444
12147	0.300926
12148	-1.446616
12149	0.349725
12150	0.194653
12151	-0.711921
12152	0.692944
12153	-0.710837
12154	-0.142601
12155	-0.616492
12156	-0.18652
12157	-0.216342
12158	0.416959
12159	0.313939
12160	0.136095
12161	0.160494
12162	-0.430515
12163	-1.014474
12164	0.343761
12165	0.359485
12166	0.395271
12167	-0.925552
12168	0.177303
12169	-0.217968
12170	-0.758551
12171	0.325326
12172	0.127962
12173	0.175134
12174	-0.764516
12175	-0.072114
12176	-0.338881
12177	0.090007
12178	-0.367076
12179	0.431057
12180	0.340508
12181	-0.461963
12182	0.380089
12183	0.480398
12184	0.065065
12185	-0.369245
12186	0.38768
12187	0.399066
12188	0.550343
12189	0.463047
12190	0.432141
12191	0.358943
12192	0.651194
12193	0.180014
12194	0.158867
12195	-0.394186
12196	-0.00976
12197	0.375209
12198	0.615408
12199	0.386596
12200	0.224475
12201	0.068318
12202	0.435937
12203	0.203871
12204	0.495038
12205	-0.081331
12206	-0.192484
12207	-0.460878
12208	0.292251
12209	0.277069
12210	0.401235
12211	0.393644
12212	0.4663
12213	0.080789
12214	0.240199
12215	-1.085504
12216	-0.247248
12217	0.21092
12218	-0.073198
12219	-0.78024
12220	0.463589
12221	0.739574
12222	-0.615408
12223	0.079705
12224	0.393102
12225	0.85398
12226	-0.228813
12227	0.357316
12228	-0.582333
12229	0.501002
12230	0.000542
12231	0.392018
12232	0.08838
12233	0.473349
12234	0.172965
12235	0.022773
12236	-0.217968
12237	-0.062354
12238	-0.496122
12239	0.844221
12240	0.42943
12241	0.197364
12242	0.219595
12243	0.222306
12244	0.07862
12245	0.187062
12246	0.33617
12247	0.432141
12248	0.034159
12249	0.098682
12250	0.112237
12251	-0.095971
12252	-0.010844
12253	-0.371414
12254	0.167001
12255	-0.034701
12256	-0.325326
12257	0.136095
12258	0.224475
12259	0.528655
12260	0.058559
12261	0.798133
12262	0.454914
12263	0.184351
12264	0.220679
12265	-0.155072
12266	-0.259176
12267	0.789457
12268	0.203871
12269	0.407742
12270	0.313397
12271	0.605648
12272	1.164124
12273	-0.737405
12274	0.169169
12275	0.30418
12276	0.349183
12277	0.093802
12278	0.720055
12279	-0.720597
12280	0.50046
12281	-1.007426
12282	-0.227728
12283	0.274358
12284	0.342134
12285	0.009218
12286	0.230439
12287	0.249959
12288	0.072114
12289	0.079705
12290	0.476602
12291	0.570405
12292	0.153445
12293	0.032533
12294	0.351352
12295	-0.367618
12296	0.286287
12297	0.669087
12298	1.031283
12299	0.143143
12300	0.17676
12301	0
12302	0.17676
12303	-0.045546
12304	0
12305	0
12306	0
12307	
12308	-0.247248
12309	0.782951
12310	-0.234777
12311	0.604022
12312	0.486362
12313	0.268936
12314	0.162121
12315	-0.80247
12316	-0.422924
12317	0.001084
12318	0.610528
12319	-0.426177
12320	0.911997
12321	
12322	
12323	
12324	
12325	-0.30418
12326	0.797591
12327	
12328	
12329	
12330	-0.696197
12331	-0.412622
12332	
12333	
12334	
12335	
12336	
12337	
12338	
12339	
12340	
12341	
12342	
12343	
12344	
12345	
12346	
12347	-0.003253
12348	-0.153445
12349	-0.070487
12350	1.51873
12351	-0.649025
12352	0.097598
12353	0.820906
12354	-0.602395
12355	0.790542
12356	0.176218
12357	-0.073198
12358	0.324241
12359	0.132841
12360	0.195196
12361	-0.511846
12362	0.506424
12363	0.446239
12364	3.015228
12365	0.010844
12366	0.011386
12367	0
12368	0
12369	0
12370	0
12371	
12372	0.174592
12373	-0.324784
12374	0.856691
12375	2.4047
12376	0.518353
12377	0.162663
12378	-0.604022
12379	2.056059
12380	0.138263
12381	0.138806
12382	1.163582
12383	2.199745
12384	0.487447
12385	0.421297
12386	-0.584502
12387	-0.082416
12388	-0.124708
12389	0.076452
12390	-0.150192
12391	-0.169169
12392	0.498291
12393	-0.405573
12394	3.63389
12395	1.64398
12396	0.048799
12397	-0.233692
12398	0.509677
12399	0.062354
12400	-0.22827
12401	0.284118
12402	-0.096513
12403	2.413918
12404	-0.033617
12405	0.634928
12406	1.298592
12407	0.838798
12408	-0.239115
12409	-0.03199
12410	0.53245
12411	0.309602
12412	0.352979
12413	2.192154
12414	-0.249416
12415	0.104104
12416	-0.169169
12417	-0.698366
12418	-0.659327
12419	-0.136637
12420	-0.243452
12421	0.06127
12422	-0.136095
12423	0.011929
12424	-0.076452
12425	-0.599684
12426	1.254131
12427	0.143143
12428	-0.098682
12429	1.210754
12430	-0.14965
12431	-0.507508
12432	-0.076452
12433	-0.159952
12434	-0.229355
12435	-0.999293
12436	0.091091
12437	1.505174
12438	1.617412
12439	-0.158325
12440	0.722223
12441	-0.077536
12442	0.606733
12443	-0.072656
12444	-0.072114
12445	0.079705
12446	-0.477145
12447	1.692237
12448	0.062896
12449	-0.332917
12450	-0.007049
12451	1.981777
12452	1.075744
12453	-0.281949
12454	0.828497
12455	-0.324241
12456	0.429972
12457	0.077536
12458	-0.364907
12459	0.390391
12460	-0.110069
12461	-0.361112
12462	0.101935
12463	0.032533
12464	0.504797
12465	2.597185
12466	1.607652
12467	1.216719
12468	0.151819
12469	1.581626
12470	1.684104
12471	-0.236403
12472	0.791626
12473	-0.090007
12474	0.227186
12475	0.201702
12476	0.454914
12477	0.357316
12478	1.581084
12479	0.729814
12480	3.327541
12481	2.044673
12482	-0.332375
12483	0.194653
12484	0.360027
12485	0.24779
12486	0.221222
12487	0.580707
12488	-0.352436
12489	-0.068861
12490	-0.063439
12491	0.035244
12492	-0.300384
12493	1.636931
12494	0.10302
12495	1.137556
12496	0.659327
12497	0.187062
12498	-0.317735
12499	1.403239
12500	-0.455456
12501	0.275443
12502	-0.026026
12503	0.070487
12504	0.19628
12505	3.083005
12506	-0.583418
12507	0.283033
12508	-0.042292
12509	-0.016809
12510	0.148565
12511	0.114406
12512	-0.055305
12513	-0.069945
12514	-0.124166
12515	-0.091633
12516	0.286829
12517	1.134845
12518	1.366911
12519	-0.11766
12520	0.758551
12521	1.531743
12522	0.099224
12523	1.155991
12524	0.344303
12525	1.786039
12526	0.291167
12527	0.511846
12528	0.071029
12529	-0.195738
12530	0.080789
12531	0.950494
12532	0.1079
12533	-0.213088
12534	-0.033075
12535	-0.254839
12536	-0.114948
12537	1.268771
12538	0.268936
12539	-0.127962
12540	0.51293
12541	-0.175134
12542	0.194653
12543	-0.025484
12544	0.109526
12545	-0.057474
12546	0.045003
12547	0.156156
12548	0.268394
12549	-0.314482
12550	-0.153988
12551	-0.261887
12552	0.033617
12553	0.339966
12554	-0.261887
12555	-0.053679
12556	0.055305
12557	0.378462
12558	0.397982
12559	-0.331832
12560	0.329121
12561	-0.065607
12562	0.562814
12563	0.271105
12564	2.93715
12565	0.248332
12566	0.045003
12567	0.146397
12568	3.075956
12569	-0.307433
12570	-0.130673
12571	-0.048257
12572	-0.001084
12573	1.136472
12574	0.62083
12575	0.163205
12576	-0.318819
12577	-0.349725
12578	-0.004338
12579	-0.020604
12580	1.249251
12581	-0.709753
12582	0.042292
12583	-0.313939
12584	0.142059
12585	1.88689
12586	-0.58396
12587	0.133926
12588	1.335463
12589	1.572951
12590	0.557934
12591	2.88076
12592	-0.047172
12593	0.188147
12594	-0.1914
12595	1.232443
12596	-0.157241
12597	-0.002711
12598	1.623918
12599	0.085127
12600	0.908201
12601	1.218888
12602	0.234235
12603	-0.357316
12604	1.200995
12605	0.12525
12606	-0.086754
12607	-0.187605
12608	0.576911
12609	0.307433
12610	0.433768
12611	-0.593177
12612	0.103562
12613	0.045003
12614	-0.167001
12615	1.311063
12616	0.903321
12617	0.580707
12618	0.588298
12619	1.178764
12620	-0.092176
12621	-0.123624
12622	0.342134
12623	0.011386
12624	-0.259176
12625	-0.008675
12626	-0.120913
12627	0.955374
12628	-0.142601
12629	-0.18164
12630	1.233527
12631	0.010844
12632	0.277069
12633	-0.501544
12634	1.366911
12635	0.157783
12636	0.010302
12637	0.659869
12638	-0.645772
12639	0.603479
12640	-0.063439
12641	-0.117117
12642	2.223602
12643	1.720432
12644	0.322615
12645	2.599896
12646	0.28466
12647	-0.098682
12648	-0.302553
12649	0.901695
12650	-0.063439
12651	0.422381
12652	0.069403
12653	-0.259718
12654	0.589924
12655	0.081874
12656	0.753672
12657	-0.235861
12658	0.897899
12659	-0.241826
12660	-0.131757
12661	-0.42455
12662	0.138806
12663	1.265518
12664	0.521606
12665	-0.08838
12666	0.439732
12667	-0.059643
12668	0.097056
12669	0.053679
12670	0.151277
12671	-0.000542
12672	-0.647398
12673	0.071029
12674	0.195738
12675	0.127419
12676	1.164667
12677	1.169546
12678	-0.069403
12679	0.020062
12680	0.917961
12681	0.231524
12682	-0.172965
12683	-0.039039
12684	0.973809
12685	0.454372
12686	0.175676
12687	1.272024
12688	1.333294
12689	-0.007049
12690	-0.145854
12691	-0.11278
12692	0.111695
12693	1.615243
12694	0.000542
12695	0.844763
12696	0.01464
12697	2.920342
12698	-0.060185
12699	0.335086
12700	0.734694
12701	0.157241
12702	0.045003
12703	1.330583
12704	-0.016266
12705	2.364035
12706	2.371083
12707	0.167001
12708	0.056932
12709	2.565737
12710	-0.484193
12711	-0.166458
12712	1.437398
12713	1.193404
12714	0.102478
12715	-0.447323
12716	0.290624
12717	0.129588
12718	1.440651
12719	-0.004338
12720	0.24779
12721	1.320823
12722	-0.219053
12723	-0.149108
12724	1.067611
12725	0.106815
12726	2.969141
12727	1.941111
12728	-0.183267
12729	-0.062896
12730	0.727645
12731	0.292251
12732	-0.082958
12733	-0.213631
12734	0.135552
12735	0.080247
12736	0.161579
12737	0.923383
12738	-0.098682
12739	-0.278154
12740	0.22339
12741	-0.175676
12742	-0.065065
12743	0.075367
12744	0.11278
12745	2.795091
12746	-0.232608
12747	1.20479
12748	1.164124
12749	0.227728
12750	-0.016809
12751	-0.119286
12752	-0.085127
12753	0.024399
12754	0.871873
12755	-0.072656
12756	0.182725
12757	0.47606
12758	0.256465
12759	-0.246705
12760	1.081166
12761	0.133926
12762	-0.039581
12763	-0.055848
12764	0.265141
12765	0.401235
12766	-0.55197
12767	-0.090549
12768	-0.489073
12769	-0.062896
12770	0.334543
12771	-0.209293
12772	0.173507
12773	-0.335628
12774	-0.215799
12775	0.275443
12776	-0.505339
12777	0.054763
12778	-0.03687
12779	-0.071029
12780	0.200618
12781	1.351729
12782	1.576746
12783	-0.236403
12784	0.512388
12785	0.17188
12786	0.638181
12787	0.423466
12788	0.310144
12789	2.405785
12790	1.299135
12791	-0.148023
12792	2.009429
12793	1.588675
12794	-0.039039
12795	0.003253
12796	0.020062
12797	-0.006507
12798	0.025484
12799	0.003253
12800	
12801	-0.223933
12802	0.074825
12803	0.716801
12804	0.554138
12805	-0.123624
12806	-0.275985
12807	0.882175
12808	-0.132841
12809	-0.191942
12810	1.346307
12811	0.002169
12812	-0.172965
12813	0.368703
12814	0.043377
12815	-0.034159
12816	0.394186
12817	-0.113864
12818	-0.840967
12819	0.438105
12820	-0.104104
12821	-0.347014
12822	0.322073
12823	-0.086754
12824	0.77048
12825	-0.031448
12826	0.028195
12827	-0.119286
12828	-0.215257
12829	-0.001627
12830	0.225017
12831	0.001627
12832	0.295504
12833	0.00976
12834	0.498291
12835	0.288998
12836	-0.315566
12837	0.69186
12838	0.277611
12839	0.190316
12840	-0.340508
12841	1.159244
12842	0.724934
12843	-0.335086
12844	0.097598
12845	-0.209293
12846	0.597515
12847	0.005422
12848	-0.375751
12849	0.049341
12850	1.795799
12851	-0.108442
12852	0.153445
12853	3.330795
12854	-0.323157
12855	0.938023
12856	-0.038497
12857	0.501002
12858	-0.234777
12859	-0.148565
12860	0.33617
12861	0.079705
12862	0.038497
12863	0.06615
12864	-0.060185
12865	0.833376
12866	0.087838
12867	0.364907
12868	-0.279238
12869	-0.06615
12870	0.240741
12871	-0.294962
12872	0.25267
12873	-0.098682
12874	1.29317
12875	0.487447
12876	1.385888
12877	0.084043
12878	0.341592
12879	1.354982
12880	1.377755
12881	0.113322
12882	0.017351
12883	1.976355
12884	-0.008133
12885	-0.155614
12886	2.678516
12887	0.423466
12888	0.034701
12889	-0.144228
12890	0.189773
12891	1.429807
12892	2.032202
12893	-0.110611
12894	0.685895
12895	0.002711
12896	0.029822
12897	1.113699
12898	0.023857
12899	-0.043919
12900	0.58396
12901	1.320823
12902	1.917254
12903	-0.27002
12904	1.017186
12905	0.052052
12906	-0.190858
12907	3.054268
12908	-0.127419
12909	-0.163747
12910	-0.079705
12911	0.069945
12912	1.029114
12913	0.494495
12914	-0.005422
12915	0.026568
12916	-0.136095
12917	0.13013
12918	1.627714
12919	0.130673
12920	-0.253754
12921	1.102312
12922	-0.052052
12923	0.074825
12924	0.394729
12925	-0.271647
12926	-0.379547
12927	0.162663
12928	0.270563
12929	0.13013
12930	0.260261
12931	-0.134468
12932	-0.212004
12933	-0.064523
12934	-0.095971
12935	-0.065065
12936	0.03199
12937	1.409203
12938	-0.197364
12939	0.907659
12940	0.23803
12941	0.277611
12942	-0.441901
12943	-0.105189
12944	1.541502
12945	0.332917
12946	0.904406
12947	-0.055305
12948	-0.078078
12949	-0.142601
12950	-0.280322
12951	-0.388222
12952	-0.056932
12953	1.262807
12954	-0.152361
12955	0.090007
12956	0.926094
12957	-0.109526
12958	0.356774
12959	-0.010302
12960	-0.233692
12961	-0.034159
12962	0.066692
12963	0.02711
12964	1.015559
12965	0.491242
12966	-0.054221
12967	0.328579
12968	-0.120371
12969	0.249959
12970	-0.053137
12971	-0.100851
12972	0.505882
12973	1.031283
12974	-0.053679
12975	0.176218
12976	0.979231
12977	-0.218511
12978	-0.017893
12979	0.229897
12980	-0.045546
12981	0.252128
12982	3.515688
12983	0.389849
12984	0.136637
12985	2.617246
12986	-0.217968
12987	0.343219
12988	0.317193
12989	-0.095971
12990	-0.585587
12991	0.339966
12992	0.072656
12993	0.307975
12994	0.33129
12995	-0.113864
12996	0.100309
12997	0.381716
12998	-0.181098
12999	0.146397
13000	-0.054221
13001	-0.24779
13002	0.014097
13003	0.099224
13004	-0.010844
13005	1.438482
13006	-0.251585
13007	-0.001084
13008	0.591009
13009	0.127962
13010	-0.073741
13011	0.505339
13012	-0.071572
13013	0.121455
13014	1.038332
13015	0.828497
13016	0.105189
13017	0.421297
13018	0.335628
13019	0.525401
13020	0.091633
13021	1.075744
13022	0.330748
13023	0.356232
13024	0.209835
13025	-0.113322
13026	0.066692
13027	0.418044
13028	0.175134
13029	1.279615
13030	-0.032533
13031	-0.062354
13032	0.126877
13033	0.58884
13034	0.261887
13035	0.230981
13036	0.337797
13037	0.300926
13038	3.017397
13039	-0.453287
13040	-0.004338
13041	0.213631
13042	-0.187605
13043	-0.233692
13044	0.029279
13045	0.307975
13046	-0.03687
13047	0.087838
13048	0.05151
13049	-0.114406
13050	0.317735
13051	0.374667
13052	0.029822
13053	0.035244
13054	0.142059
13055	0.41479
13056	-0.438648
13057	0.413706
13058	0.208209
13059	0.143143
13060	-0.071572
13061	0.08838
13062	-0.050968
13063	1.090384
13064	0.225017
13065	0.964049
13066	0.389849
13067	-0.050968
13068	0.34105
13069	0.183267
13070	-0.492326
13071	-0.191942
13072	2.386265
13073	-1.371791
13074	0.001084
13075	-0.165916
13076	0.185436
13077	-0.472807
13078	-0.122539
13079	0.176218
13080	-0.54709
13081	-0.177303
13082	0.058016
13083	0.055305
13084	-0.129588
13085	-0.296047
13086	0.09326
13087	-0.371414
13088	1.416252
13089	-0.668545
13090	1.575119
13091	-0.266225
13092	0.430515
13093	-0.450576
13094	0.372498
13095	-0.049883
13096	0.190316
13097	-0.202786
13098	0.011386
13099	0.259718
13100	-0.177845
13101	0.286829
13102	0.190858
13103	0.052594
13104	-0.150192
13105	0.615408
13106	0.054763
13107	2.057144
13108	2.437775
13109	-0.110611
13110	3.056979
13111	2.438859
13112	-0.018435
13113	-0.164832
13114	1.093637
13115	0.730357
13116	-0.085127
13117	1.56536
13118	-0.195738
13119	0.202786
13120	0.417502
13121	0.445696
13122	0.761262
13123	1.141894
13124	0.082416
13125	-0.183809
13126	-0.283576
13127	-0.010302
13128	-0.384969
13129	-0.033617
13130	-0.017351
13131	0.382258
13132	3.422428
13133	-0.898984
13134	-0.517268
13135	0.32153
13136	-0.114406
13137	0.258092
13138	0.1079
13139	-0.554681
13140	-0.234777
13141	0.013555
13142	1.182559
13143	-0.052052
13144	0.445154
13145	0.067776
13146	-0.271105
13147	0.247248
13148	-1.555058
13149	-0.113864
13150	0.343761
13151	-0.131215
13152	-0.310144
13153	1.380466
13154	0.04175
13155	0.393102
13156	-0.273274
13157	-0.073741
13158	-0.065607
13159	0.215799
13160	1.155449
13161	0.076452
13162	1.256842
13163	-0.447323
13164	-0.207666
13165	0.460878
13166	0.140975
13167	-0.003253
13168	0.541668
13169	-0.153445
13170	0.771564
13171	0.235861
13172	0.432683
13173	0.747165
13174	1.521983
13175	-0.091091
13176	0.166458
13177	-0.213631
13178	0.343219
13179	-0.074825
13180	-0.376836
13181	0.090007
13182	0.033075
13183	0.254296
13184	0.350268
13185	0.092718
13186	0.1914
13187	0.309602
13188	-0.077536
13189	0.212546
13190	0.792711
13191	0.443528
13192	0.970013
13193	-0.173507
13194	0.676678
13195	0.590466
13196	0.234235
13197	-0.348099
13198	0.204955
13199	-0.4907
13200	-0.225017
13201	0.261345
13202	-0.603479
13203	0.382258
13204	1.113699
13205	0.308517
13206	0.54221
13207	0.200075
13208	-0.750418
13209	0.124708
13210	0.265141
13211	0.053679
13212	0.140432
13213	2.674179
13214	2.901907
13215	-0.205497
13216	0.24779
13217	0.005964
13218	-0.274358
13219	-0.198991
13220	0.080247
13221	-0.56444
13222	-0.450576
13223	1.341969
13224	0.174049
13225	0.00976
13226	0.465758
13227	-0.040124
13228	1.185813
13229	-0.175676
13230	-0.021688
13231	-0.464132
13232	-0.218511
13233	0.039581
13234	-0.235319
13235	-0.01464
13236	-0.490158
13237	1.169004
13238	0.112237
13239	0.206582
13240	0.762889
13241	0.188147
13242	0.508051
13243	0.193569
13244	-0.021146
13245	1.983945
13246	0.25267
13247	-0.068861
13248	1.949244
13249	0.153445
13250	0.245621
13251	0.036328
13252	-0.25755
13253	0.406657
13254	0.763431
13255	-0.177845
13256	-0.142059
13257	-0.452203
13258	0.550343
13259	0.197364
13260	-0.110069
13261	-0.062354
13262	-0.185978
13263	0.241283
13264	1.566986
13265	-0.829039
13266	0.32153
13267	-0.077536
13268	0.032533
13269	-0.036328
13270	0.611613
13271	0.342134
13272	-0.117117
13273	0.625168
13274	-0.573658
13275	-0.660954
13276	0.811688
13277	-0.399066
13278	0.20604
13279	0.718428
13280	0.486362
13281	-0.01952
13282	0.320988
13283	-0.180556
13284	-0.239115
13285	1.337089
13286	0.48582
13287	0.226644
13288	0.00488
13289	0.081874
13290	-0.283576
13291	0.741201
13292	0.017893
13293	-0.260803
13294	-0.23803
13295	0.024399
13296	0.131757
13297	0.072656
13298	-0.637096
13299	0.427803
13300	0.593177
13301	-0.044461
13302	0.332917
13303	-0.570405
13304	0.258092
13305	0.151819
13306	1.877672
13307	-0.527028
13308	0.567151
13309	-0.429972
13310	-0.418044
13311	1.01827
13312	1.184186
13313	0.068861
13314	-0.211462
13315	1.311605
13316	0.221222
13317	0.079705
13318	-0.177303
13319	0.31665
13320	-0.151277
13321	0.541668
13322	0.215257
13323	0.754756
13324	0.694571
13325	0.997124
13326	-0.592635
13327	-0.106815
13328	0.25267
13329	0.242368
13330	0.162663
13331	-0.294962
13332	0.081331
13333	0.262972
13334	0.156156
13335	1.711214
13336	2.278908
13337	-0.195738
13338	2.53971
13339	1.826162
13340	-0.007591
13341	-0.183267
13342	-0.503171
13343	-0.621372
13344	0.350268
13345	0.41967
13346	0.012471
13347	-0.065607
13348	0.638181
13349	-0.068318
13350	-0.163205
13351	1.223767
13352	-0.087296
13353	1.429807
13354	0.999293
13355	1.286664
13356	-0.05639
13357	0.261345
13358	-0.337254
13359	0.209293
13360	0.343219
13361	-0.227728
13362	0.99387
13363	0.443528
13364	-0.336712
13365	-0.042292
13366	0.068861
13367	0.028195
13368	0.339423
13369	-0.118744
13370	0.086211
13371	-0.338339
13372	1.027487
13373	0.118202
13374	-0.287371
13375	1.54584
13376	0.085127
13377	0.305806
13378	-0.211462
13379	0.447865
13380	0.040124
13381	-0.157241
13382	-0.268394
13383	-0.148565
13384	3.024446
13385	0.81223
13386	-0.742827
13387	-0.117117
13388	0.183267
13389	-0.376294
13390	-0.077536
13391	0.970555
13392	0.349725
13393	-0.195196
13394	-0.079163
13395	0.253754
13396	-0.455998
13397	-0.216342
13398	0.144228
13399	-0.17676
13400	1.316485
13401	-0.450034
13402	0.496664
13403	1.118579
13404	-0.15941
13405	0.42455
13406	0.078078
13407	-0.118744
13408	-0.213088
13409	-0.288456
13410	-0.129046
13411	0.978689
13412	-0.063439
13413	-0.195196
13414	0.140432
13415	-0.23315
13416	0.012471
13417	0.290624
13418	-0.115491
13419	0.200075
13420	0.9814
13421	0.090549
13422	0.084585
13423	0.977062
13424	0.22339
13425	-0.033075
13426	-0.663665
13427	-0.404488
13428	-0.167543
13429	-0.278154
13430	-0.234777
13431	0.06127
13432	1.320281
13433	0.072114
13434	-0.238572
13435	-0.344303
13436	1.966595
13437	-0.035244
13438	1.470473
13439	-0.016809
13440	-0.15941
13441	-0.102478
13442	1.585421
13443	1.744831
13444	0.389849
13445	-0.311771
13446	-0.152903
13447	0.076994
13448	-0.071029
13449	2.449704
13450	-0.111695
13451	0.202244
13452	0.203871
13453	1.983403
13454	0.459794
13455	-0.032533
13456	0.173507
13457	0.060185
13458	-0.273816
13459	1.371791
13460	0.930974
13461	0.094887
13462	0.226101
13463	-0.209293
13464	-0.219595
13465	0.503713
13466	0.168627
13467	0.242368
13468	1.810981
13469	-0.54709
13470	0.516184
13471	0.275985
13472	-0.119286
13473	0.850185
13474	1.544756
13475	-0.033075
13476	0.212546
13477	0.243994
13478	-0.371956
13479	0.297131
13480	0.478229
13481	-0.219595
13482	-0.157241
13483	1.473184
13484	-0.231524
13485	0.178929
13486	0.204955
13487	2.114618
13488	2.270774
13489	0.966218
13490	0.030906
13491	-0.253754
13492	2.673094
13493	0.188147
13494	0.133926
13495	0.13989
13496	-0.880549
13497	0.24291
13498	-0.15941
13499	0.520521
13500	0.00488
13501	0.356232
13502	0.160494
13503	1.79363
13504	0.026568
13505	-0.089465
13506	1.500294
13507	0.381173
13508	0.197907
13509	-0.198991
13510	-0.44895
13511	-0.556307
13512	0.661496
13513	-0.133926
13514	0.157783
13515	0.281949
13516	0.159952
13517	0.318277
13518	-0.104104
13519	0.724934
13520	-0.073198
13521	-0.016809
13522	0.879464
13523	0.00488
13524	0.045546
13525	-0.28466
13526	-0.314482
13527	-0.389849
13528	-0.343219
13529	-0.031448
13530	-0.193027
13531	0.113864
13532	-0.033617
13533	-0.25267
13534	0.235319
13535	0.089465
13536	-0.136095
13537	1.063816
13538	-0.428888
13539	0.628421
13540	0.251585
13541	-0.168627
13542	1.182559
13543	-0.723308
13544	0.278154
13545	-0.031448
13546	-0.056932
13547	-0.073198
13548	-0.112237
13549	0.013013
13550	0.550343
13551	-0.403946
13552	-0.152903
13553	0.045003
13554	0.813857
13555	0.2749
13556	-0.11766
13557	0.0835
13558	-0.097598
13559	0.067234
13560	-0.12525
13561	2.141729
13562	-0.31665
13563	0.695113
13564	0.277611
13565	2.453499
13566	-0.530281
13567	0.867536
13568	1.310521
13569	-0.226101
13570	-0.184894
13571	1.178222
13572	0.585044
13573	0.767769
13574	0.222306
13575	-0.174592
13576	1.09689
13577	-0.111695
13578	0.64035
13579	0.062896
13580	1.20967
13581	-0.156156
13582	-0.167001
13583	-0.183809
13584	2.852023
13585	0.388222
13586	-0.469554
13587	0.189773
13588	1.543671
13589	-0.384969
13590	-0.363823
13591	0.221764
13592	-0.059101
13593	-0.404488
13594	0.283033
13595	0.300926
13596	-0.074825
13597	-0.133926
13598	0.264056
13599	1.6635
13600	0.089465
13601	0.946698
13602	-0.121455
13603	0.452203
13604	0.100851
13605	-0.277069
13606	-0.137721
13607	0.611613
13608	0.228813
13609	0.00488
13610	-0.142601
13611	-0.364907
13612	0.015182
13613	-0.142601
13614	0
13615	0.005964
13616	
13617	0.011386
13618	2.564652
13619	1.919965
13620	-0.084043
13621	1.01339
13622	0.644687
13623	-0.256465
13624	0.158867
13625	-0.178387
13626	-0.079705
13627	2.045215
13628	-0.084043
13629	0.09326
13630	0.280322
13631	-0.141517
13632	0.284118
13633	-0.179471
13634	0.964049
13635	-0.22339
13636	0.060185
13637	-0.071029
13638	-0.254296
13639	0.276527
13640	2.440486
13641	0.606733
13642	0.481482
13643	-0.071572
13644	1.020981
13645	0.964591
13646	0.045003
13647	0.163747
13648	0.356774
13649	0.061812
13650	-0.074825
13651	0.44407
13652	0.418044
13653	0.169169
13654	2.265895
13655	2.01214
13656	0.097056
13657	0.35081
13658	1.280157
13659	-0.105189
13660	0.136637
13661	0.677762
13662	0.116033
13663	0.599684
13664	0.618661
13665	0.071029
13666	-0.161036
13667	0.713548
13668	-1.21943
13669	-0.074825
13670	-0.001627
13671	-0.007591
13672	0.101393
13673	1.4477
13674	-0.185978
13675	-0.124166
13676	-0.633301
13677	0.259176
13678	-0.069403
13679	0.410995
13680	0.105731
13681	0.533534
13682	0.539499
13683	0.09326
13684	2.515853
13685	0.132841
13686	0.330206
13687	0.712464
13688	0.094344
13689	-0.053137
13690	0.124708
13691	-0.224475
13692	0.167543
13693	0.435394
13694	-0.375751
13695	0.092176
13696	0.974893
13697	1.343054
13698	-0.563898
13699	-0.021688
13700	0.090549
13701	0.243994
13702	0.27002
13703	0.253212
13704	0.059643
13705	1.966053
13706	0.272189
13707	-0.191942
13708	0.007591
13709	0.011929
13710	-0.005422
13711	-0.062896
13712	0.328037
13713	0.139348
13714	0.216342
13715	0.131215
13716	0.113322
13717	0.518895
13718	-0.430515
13719	-0.469011
13720	1.581084
13721	0.075909
13722	1.283953
13723	0.425092
13724	0.367076
13725	0.506424
13726	0.303637
13727	0.04663
13728	0.20604
13729	0.404488
13730	0.100309
13731	1.455833
13732	0.180556
13733	1.516561
13734	-0.13013
13735	0.882717
13736	0.048799
13737	0.035244
13738	0.34593
13739	0.862114
13740	0.146397
13741	-0.094887
13742	2.136306
13743	-0.219053
13744	-0.167001
13745	-0.415333
13746	0.020604
13747	0.053137
13748	0.075367
13749	0.058559
13750	1.524152
13751	1.849477
13752	1.362573
13753	0.459252
13754	0.406115
13755	-0.054763
13756	0.013013
13757	0.474434
13758	0.895731
13759	0.141517
13760	-0.065607
13761	0.363823
13762	-2.004549
13763	0.528112
13764	0.119828
13765	0.431057
13766	-0.07862
13767	0.722223
13768	0.474434
13769	0.18164
13770	-0.258092
13771	0.150192
13772	0.070487
13773	0.06127
13774	0.246163
13775	0.00488
13776	0.106273
13777	0.48582
13778	-0.311228
13779	-0.079705
13780	0.652278
13781	0.323157
13782	0.220137
13783	0.531366
13784	-0.52757
13785	-0.069945
13786	0.724934
13787	0.531366
13788	1.203163
13789	-0.023315
13790	0.09326
13791	-0.365449
13792	2.736533
13793	-0.202786
13794	-0.10302
13795	-0.135552
13796	-0.042835
13797	0.252128
13798	1.760555
13799	0.736321
13800	0.05639
13801	0.307975
13802	0.04175
13803	0.150734
13804	0.085669
13805	0.291709
13806	-0.124166
13807	2.189443
13808	0.290082
13809	-0.209293
13810	-0.501002
13811	-0.06615
13812	0.040124
13813	0.233692
13814	-0.514557
13815	0.152903
13816	0.420213
13817	0.005964
13818	1.617954
13819	1.890685
13820	-0.408284
13821	-0.854523
13822	0.255923
13823	0.067776
13824	0.298758
13825	0.332375
13826	-0.72873
13827	-0.648483
13828	-0.079163
13829	1.976897
13830	0.864282
13831	2.81678
13832	-0.561187
13833	-0.123082
13834	0.801386
13835	0.03687
13836	0.220679
13837	-0.658243
13838	0.4072
13839	0.067776
13840	0.347556
13841	-0.118202
13842	0.074825
13843	-0.125793
13844	0.478229
13845	0.068318
13846	1.672175
13847	0.762347
13848	0.020604
13849	-0.119286
13850	0.0835
13851	1.185813
13852	0.11278
13853	0.190316
13854	-0.172965
13855	2.720266
13856	-0.240199
13857	-0.016266
13858	0.260803
13859	0.014097
13860	0.183809
13861	-0.084585
13862	-0.327495
13863	-0.189773
13864	-0.392018
13865	-0.017893
13866	0.511846
13867	1.034536
13868	1.179306
13869	-0.099767
13870	-0.069403
13871	-0.747707
13872	0.123624
13873	0.760178
13874	0.03199
13875	-0.158325
13876	-0.296047
13877	-0.024942
13878	1.088757
13879	0.090007
13880	0.116575
13881	-0.714632
13882	0.006507
13883	-0.347556
13884	0
13885	0.006507
13886	0
13887	0
13888	
13889	-0.429972
13890	-0.095971
13891	0.300384
13892	-0.360569
13893	0.56444
13894	0.305806
13895	0.727103
13896	1.398359
13897	-0.245079
13898	0.232066
13899	1.30781
13900	1.107192
13901	-0.446239
13902	1.443362
13903	0.370871
13904	0.13501
13905	-0.473349
13906	0.061812
13907	0.157783
13908	-0.152361
13909	0.613239
13910	0.074825
13911	0
13912	0.708126
13913	0.431057
13914	0.426177
13915	0.17188
13916	-0.046088
13917	1.057851
13918	1.529032
13919	-0.761805
13920	2.354817
13921	-0.524317
13922	-0.370871
13923	0.433226
13924	0.414248
13925	2.483321
13926	0.073741
13927	0.151277
13928	0.373583
13929	0.166458
13930	0.717886
13931	0.249959
13932	-0.355147
13933	0.09814
13934	-0.024942
13935	0.097598
13936	-0.161036
13937	-0.253212
13938	0.400693
13939	0.033075
13940	0.035786
13941	0.088922
13942	-0.072656
13943	0.042835
13944	0.075367
13945	0.384969
13946	-0.113322
13947	0.428888
13948	-0.200618
13949	0.433768
13950	2.453499
13951	0.201702
13952	0.964049
13953	0.240199
13954	1.570782
13955	0.062896
13956	-0.254839
13957	-0.522148
13958	-0.150734
13959	0.016266
13960	1.65374
13961	0.75584
13962	0.412079
13963	2.111907
13964	0.903321
13965	-0.178387
13966	0.67234
13967	-0.224475
13968	0.200618
13969	0.136637
13970	0.516726
13971	0.194653
13972	0.050426
13973	-0.546005
13974	-0.034159
13975	0.010302
13976	-0.674509
13977	0.357316
13978	0.851269
13979	1.425469
13980	0.081331
13981	0.174049
13982	0.334001
13983	0.172423
13984	1.919423
13985	0.157783
13986	-0.352436
13987	0.829039
13988	-0.28954
13989	0.18164
13990	2.098894
13991	0.06127
13992	0.302011
13993	1.576204
13994	-0.13013
13995	0.02711
13996	-0.149108
13997	-0.275443
13998	-0.063981
13999	1.58759
14000	-0.11278
14001	0.11766
14002	-0.498833
14003	0.238572
14004	2.102147
14005	0.344303
14006	-0.220679
14007	-0.28954
14008	1.015017
14009	-0.1079
14010	0.676136
14011	-0.043377
14012	0.118744
14013	0.212546
14014	-0.012471
14015	0.472265
14016	-0.208209
14017	0.952663
14018	0.038497
14019	0.801386
14020	1.011763
14021	0.021146
14022	0.394729
14023	0.028195
14024	1.988825
14025	-0.050968
14026	-0.499375
14027	-0.282491
14028	-0.161036
14029	0.330748
14030	0.004338
14031	-0.034701
14032	1.191777
14033	1.218345
14034	0.566609
14035	0.044461
14036	-0.258092
14037	-0.062896
14038	0.029822
14039	1.199368
14040	-1.299677
14041	0.162663
14042	-0.326952
14043	-0.045546
14044	-0.049883
14045	-0.119286
14046	-0.086754
14047	1.38155
14048	0.336712
14049	1.065984
14050	-0.363281
14051	0.350268
14052	-0.298758
14053	0.209293
14054	0.105731
14055	1.601145
14056	0.275443
14057	0.151277
14058	0.017893
14059	0.901153
14060	0.026026
14061	0.195196
14062	0.897899
14063	0.020062
14064	-0.001084
14065	0.034159
14066	0.423466
14067	0.878922
14068	0.696197
14069	0.261887
14070	0.165374
14071	0.143686
14072	0.167543
14073	0.148023
14074	-0.650109
14075	0.133384
14076	-0.117117
14077	0.232066
14078	-0.259176
14079	0.033617
14080	0.480398
14081	-0.261887
14082	0
14083	0.61595
14084	-0.034159
14085	0.127962
14086	-0.219595
14087	0.686438
14088	-0.512388
14089	-0.040124
14090	0.03199
14091	0.080789
14092	0.963507
14093	2.040878
14094	-0.257007
14095	0.050426
14096	-0.037955
14097	1.482944
14098	1.713383
14099	0.276527
14100	0.08838
14101	2.234446
14102	0.304722
14103	3.211508
14104	0.049883
14105	2.315236
14106	1.911832
14107	1.440109
14108	0.441359
14109	2.572785
14110	2.988118
14111	0.458709
14112	2.955043
14113	0.654989
14114	0.168627
14115	-0.073741
14116	0.190858
14117	0.111695
14118	0.406657
14119	0.830665
14120	0.538956
14121	-1.443362
14122	1.154365
14123	0.170254
14124	-0.111153
14125	1.895023
14126	0.071029
14127	0.237488
14128	0.483651
14129	0.149108
14130	0.53733
14131	2.904075
14132	0.063981
14133	-0.05151
14134	1.099059
14135	0.53245
14136	0.199533
14137	2.147151
14138	0.108984
14139	-0.128504
14140	1.01339
14141	0.44407
14142	0.008133
14143	0.251043
14144	-0.450034
14145	1.241118
14146	-0.294962
14147	-0.094344
14148	0.363823
14149	0.200075
14150	2.665503
14151	0.014097
14152	0.049341
14153	0.467927
14154	0.369245
14155	-0.380631
14156	0.315566
14157	0.496664
14158	0.290624
14159	-0.056932
14160	0.469011
14161	0.799759
14162	0.087296
14163	0.307433
14164	-0.046088
14165	1.828874
14166	0.420213
14167	1.28341
14168	0.457083
14169	-0.627337
14170	0.215799
14171	1.257927
14172	0.337797
14173	-0.354605
14174	0.282491
14175	0.030364
14176	-0.060185
14177	0.919046
14178	0.047172
14179	0.607275
14180	-0.197364
14181	0.235319
14182	0.077536
14183	0.20604
14184	0.0835
14185	0.355147
14186	0.243452
14187	-0.214715
14188	-0.245621
14189	-0.246163
14190	-0.524317
14191	-0.003795
14192	-0.641976
14193	-0.349725
14194	-0.165374
14195	0.00976
14196	0.846932
14197	0.232066
14198	0.094344
14199	0.489615
14200	0.284118
14201	0.068318
14202	0.033617
14203	0.190858
14204	-0.225017
14205	-0.048257
14206	-0.496664
14207	0.865367
14208	0.066692
14209	-0.036328
14210	0.25755
14211	-0.136095
14212	-0.043377
14213	0.456541
14214	1.182017
14215	-0.029822
14216	-0.567151
14217	0.758009
14218	0.032533
14219	0.145312
14220	0.921214
14221	0.296047
14222	0.190858
14223	0
14224	-0.215257
14225	-0.228813
14226	-0.288998
14227	0.37304
14228	-0.075909
14229	0.017351
14230	1.196115
14231	-0.844763
14232	-0.169169
14233	0.475518
14234	0.529197
14235	0.189231
14236	1.464509
14237	0.023315
14238	0.058016
14239	-0.210377
14240	0.009218
14241	-0.028737
14242	1.175511
14243	-0.076994
14244	0.659869
14245	-1.100144
14246	0.271105
14247	-0.031448
14248	0.521606
14249	0.320446
14250	-0.583418
14251	-0.069403
14252	0.205497
14253	-0.272189
14254	0.272189
14255	0.815483
14256	0.095429
14257	-0.114406
14258	0.455998
14259	0.090007
14260	1.428723
14261	0.457083
14262	0.791084
14263	2.318489
14264	0.226644
14265	0.026026
14266	0.238572
14267	1.099059
14268	0.174592
14269	-0.195196
14270	1.319196
14271	0.436479
14272	0.076994
14273	-0.191942
14274	0.338339
14275	0.180014
14276	0.077536
14277	2.072326
14278	0.320446
14279	0.054763
14280	-0.376836
14281	-1.082251
14282	0.336712
14283	0.460878
14284	0.895188
14285	0.485278
14286	2.988118
14287	-0.032533
14288	0.381716
14289	1.88201
14290	2.224144
14291	0.140975
14292	-0.14965
14293	1.677055
14294	-0.153445
14295	0.084043
14296	-0.078078
14297	1.671633
14298	1.200452
14299	0.023857
14300	0.835003
14301	0.153445
14302	0.058016
14303	0.065065
14304	0.288998
14305	0.478229
14306	1.365284
14307	0.654989
14308	0.454372
14309	-0.040666
14310	2.217096
14311	-0.119286
14312	0.338339
14313	0.23315
14314	0.165916
14315	1.016101
14316	-0.196822
14317	0.929348
14318	0.587755
14319	-0.283033
14320	0.175134
14321	-0.020062
14322	0.682642
14323	0.509135
14324	0.509677
14325	2.054433
14326	-0.124708
14327	-0.332917
14328	-0.055305
14329	0.203871
14330	-0.406657
14331	-0.872958
14332	-0.250501
14333	-0.352436
14334	0.467385
14335	0.175134
14336	0.018435
14337	0.643603
14338	0.003795
14339	0.17188
14340	0.378462
14341	0.422381
14342	0.293335
14343	0.145854
14344	2.062024
14345	0.448407
14346	0.1914
14347	1.544756
14348	0.170254
14349	0.323157
14350	1.445531
14351	0.466843
14352	4.113203
14353	2.066904
14354	1.632051
14355	0.342134
14356	-0.18652
14357	-0.092176
14358	0.302011
14359	-0.245621
14360	-0.474976
14361	-0.575827
14362	-0.034159
14363	0.04175
14364	0.302553
14365	0.071029
14366	-0.776444
14367	0.348099
14368	-0.127419
14369	0.027653
14370	1.416794
14371	-0.155614
14372	0.292251
14373	2.939861
14374	0.024942
14375	-0.720055
14376	0.539499
14377	1.573493
14378	-0.419128
14379	0.498291
14380	-0.148565
14381	2.114618
14382	0.126335
14383	-0.123082
14384	0.006507
14385	1.400528
14386	0.063439
14387	-0.468469
14388	-0.14477
14389	-0.063439
14390	0.80735
14391	0.351894
14392	0.14965
14393	-0.778071
14394	1.159244
14395	0.19628
14396	-0.007591
14397	-0.064523
14398	0.071029
14399	-0.578538
14400	0.050426
14401	0.15453
14402	-0.024942
14403	0.398524
14404	0.105189
14405	-0.52269
14406	0.362196
14407	-0.055305
14408	-0.230981
14409	0.233692
14410	-0.225559
14411	0.363823
14412	0.426177
14413	2.251797
14414	0.560645
14415	-0.133384
14416	-0.254296
14417	0.101935
14418	0.550885
14419	-0.172423
14420	0.189773
14421	1.889059
14422	0.428346
14423	-0.106815
14424	-0.381716
14425	0.173507
14426	0.169712
14427	-0.040124
14428	0.00976
14429	0.169169
14430	1.584337
14431	0.466843
14432	0.075367
14433	0.26243
14434	0.839341
14435	-0.245621
14436	-0.419128
14437	0.043919
14438	0.234235
14439	0.070487
14440	0.110069
14441	-0.044461
14442	0.352979
14443	1.552889
14444	0.418586
14445	0.101935
14446	2.22794
14447	0.095429
14448	0.105731
14449	0.049341
14450	1.567528
14451	-0.120913
14452	0.579622
14453	-0.017351
14454	0.42943
14455	0.034701
14456	1.42059
14457	-0.5986
14458	0.208751
14459	-0.203329
14460	0.682642
14461	0.188147
14462	1.041043
14463	-0.176218
14464	0.536788
14465	0.638723
14466	-0.045003
14467	1.077913
14468	0.072656
14469	-0.016809
14470	-0.257007
14471	-0.163747
14472	-0.119286
14473	-0.251585
14474	0.293335
14475	-0.416959
14476	-0.125793
14477	0.075367
14478	-0.31665
14479	-0.128504
14480	-0.298758
14481	0.406115
14482	0.11278
14483	1.912916
14484	-0.216884
14485	0.20116
14486	1.770857
14487	0.893562
14488	-0.301469
14489	0.427803
14490	-0.422381
14491	-0.06127
14492	0.275443
14493	2.785874
14494	0.108442
14495	0.099767
14496	0.101393
14497	1.646691
14498	0.18652
14499	-0.072656
14500	-0.089465
14501	1.51873
14502	1.310521
14503	-0.013555
14504	-0.13501
14505	-0.059101
14506	0.193569
14507	0.094887
14508	0.095971
14509	0.01464
14510	0.307433
14511	2.715929
14512	-0.114948
14513	0.804639
14514	1.358778
14515	-0.228813
14516	0.118744
14517	0.111695
14518	0.236946
14519	-0.312855
14520	0.339423
14521	0.04663
14522	2.143897
14523	0.086211
14524	1.222141
14525	-0.039039
14526	0.045003
14527	0.353521
14528	-0.255381
14529	4.96881
14530	0.198991
14531	0.170796
14532	-0.44407
14533	0.167001
14534	-0.106273
14535	0.131215
14536	-0.044461
14537	-0.031448
14538	-0.338339
14539	1.449869
14540	1.832669
14541	0.541668
14542	-0.045546
14543	0.217968
14544	0.207124
14545	0.09814
14546	1.120205
14547	0.034701
14548	0.044461
14549	1.31269
14550	0.027653
14551	0.074825
14552	0.431057
14553	0.075909
14554	0.376836
14555	0.124166
14556	0.516726
14557	0.125793
14558	0.591009
14559	0.710837
14560	0.212546
14561	0.483651
14562	-0.10302
14563	0.10302
14564	-0.884886
14565	-0.118202
14566	0.645772
14567	0.563898
14568	0.605648
14569	-0.086754
14570	0.925552
14571	0.054763
14572	-0.178929
14573	-0.410995
14574	0.045003
14575	-0.177303
14576	1.662957
14577	0.463047
14578	0.119286
14579	-0.068861
14580	1.179306
14581	-0.063981
14582	0.037412
14583	1.427096
14584	-0.028737
14585	0.151277
14586	0.059101
14587	-0.282491
14588	0.464132
14589	-0.470096
14590	0.135552
14591	0.394729
14592	-0.145854
14593	2.24258
14594	0.187605
14595	0.041208
14596	-0.230981
14597	1.012848
14598	0.036328
14599	-0.104104
14600	0.14477
14601	-0.158325
14602	0.054221
14603	0.294962
14604	0.084585
14605	0.087838
14606	0.403404
14607	0.202786
14608	-0.010302
14609	0.858318
14610	0.23803
14611	0.350268
14612	0.156156
14613	0.064523
14614	-0.30418
14615	0.155072
14616	0.023315
14617	-0.039039
14618	-0.285745
14619	0.441901
14620	0.357858
14621	0.502086
14622	0.702704
14623	-0.419128
14624	-0.04175
14625	0.014097
14626	0.12525
14627	0.015724
14628	-0.081331
14629	0.499917
14630	-0.080789
14631	0.446781
14632	-0.142059
14633	2.573328
14634	0.959711
14635	0.103562
14636	0.515099
14637	1.531743
14638	-0.03199
14639	0.079163
14640	0.037955
14641	0.225559
14642	-0.619204
14643	0.415333
14644	-0.136637
14645	-0.323157
14646	0.113322
14647	-0.096513
14648	1.289917
14649	0.242368
14650	0.09326
14651	0.111695
14652	-0.204413
14653	0.118744
14654	0.613239
14655	-0.216884
14656	0.028737
14657	-0.213631
14658	-0.013013
14659	-0.342134
14660	0.167001
14661	0.24779
14662	1.042127
14663	-0.091091
14664	0.075909
14665	1.311063
14666	0.121997
14667	0.467927
14668	0.105731
14669	1.09689
14670	-0.084043
14671	0.13989
14672	2.047926
14673	2.737617
14674	-0.652821
14675	0.617035
14676	0.763431
14677	0.135552
14678	0.843678
14679	-0.059643
14680	0.62571
14681	-0.371414
14682	0.038497
14683	-0.670713
14684	-0.053137
14685	0.234777
14686	0.040666
14687	0.230439
14688	0.650652
14689	0.075367
14690	-0.245621
14691	0.07862
14692	-0.107358
14693	0.197364
14694	-0.273816
14695	-0.060727
14696	-0.594262
14697	-0.563356
14698	0.091091
14699	0.302011
14700	0.010302
14701	0.115491
14702	0.0835
14703	0.076994
14704	0.165374
14705	0.028737
14706	1.6635
14707	-0.05151
14708	0.874584
14709	-0.132299
14710	0.226101
14711	-0.169169
14712	0.184351
14713	0.044461
14714	0.13013
14715	-0.131757
14716	0.160494
14717	0.092176
14718	0.413164
14719	-0.256465
14720	0.137179
14721	-0.413706
14722	-0.153988
14723	0.104646
14724	0.291709
14725	0.045546
14726	0.464674
14727	-0.107358
14728	0.64035
14729	0.120371
14730	-0.539499
14731	0.033075
14732	0.98628
14733	1.492703
14734	0.088922
14735	0.140975
14736	0.793253
14737	0.600226
14738	0.17676
14739	-0.478229
14740	-0.741201
14741	0.918503
14742	
14743	
14744	
14745	
14746	
14747	
14748	
14749	
14750	
14751	
14752	
14753	
14754	
14755	
14756	
14757	
14758	-0.126877
14759	0.010302
14760	0
14761	0
14762	0.008133
14763	0
14764	0
14765	
14766	1.095264
14767	-0.113864
14768	-0.024399
14769	-0.353521
14770	0.477687
14771	-0.52757
14772	0.153988
14773	0.343761
14774	2.207336
14775	-0.086754
14776	0.076994
14777	1.016101
14778	0.088922
14779	0.189231
14780	0.072114
14781	-0.098682
14782	1.917254
14783	1.083877
14784	-0.06127
14785	0.041208
14786	0
14787	0
14788	0
14789	0
14790	0
14791	0
14792	
14793	0.293335
14794	1.381008
14795	0.454914
14796	0.163205
14797	1.676513
14798	0.948867
14799	-0.187062
14800	-0.009218
14801	2.005634
14802	0.105189
14803	0.395813
14804	0.102478
14805	0.159952
14806	-0.047714
14807	3.366038
14808	0.735236
14809	0.397982
14810	-0.076994
14811	0.546547
14812	-0.272732
14813	-0.506424
14814	0.133926
14815	-0.282491
14816	0.403946
14817	-0.251585
14818	0.978146
14819	0.417502
14820	-0.015182
14821	-0.33617
14822	0.001084
14823	0.042292
14824	-0.068861
14825	1.665668
14826	0.372498
14827	5.146113
14828	0.279238
14829	0.633843
14830	0.72385
14831	0.032533
14832	-0.100309
14833	0.951036
14834	0.216342
14835	-0.082416
14836	0.043377
14837	0.183809
14838	-0.053137
14839	0.021146
14840	0
14841	-0.110069
14842	2.736533
14843	0.737405
14844	0.415875
14845	-0.638723
14846	-0.12525
14847	-0.306349
14848	0.887597
14849	0.405031
14850	0.159952
14851	0.439732
14852	2.329333
14853	0.0835
14854	0.348641
14855	5.959427
14856	2.298969
14857	0.27978
14858	0.432141
14859	-0.479856
14860	-0.054221
14861	0.088922
14862	-0.174049
14863	0.616492
14864	0.413706
14865	0.365449
14866	0.066692
14867	1.578915
14868	0.040666
14869	0.028195
14870	1.107192
14871	0.33617
14872	0.593177
14873	4.485701
14874	0.196822
14875	0.142601
14876	-0.15941
14877	-0.020604
14878	-0.11278
14879	1.559395
14880	-0.121997
14881	0.048799
14882	0.026568
14883	-0.853438
14884	0.094887
14885	0.203871
14886	-0.150192
14887	0.342677
14888	-0.192484
14889	0.122539
14890	0.424008
14891	2.1054
14892	0.057474
14893	2.031118
14894	1.908036
14895	0.259718
14896	0.039039
14897	3.234281
14898	-0.048257
14899	0.762347
14900	-0.085127
14901	0.040666
14902	-0.132841
14903	0.975978
14904	0.193027
14905	0.275985
14906	-0.124166
14907	0.352979
14908	2.668756
14909	-0.088922
14910	0.157783
14911	1.446073
14912	0.079705
14913	-0.038497
14914	0.004338
14915	0.096513
14916	-0.012471
14917	0.219053
14918	0.06127
14919	-0.324784
14920	0.103562
14921	0.217426
14922	0.047714
14923	1.369622
14924	0.540583
14925	0.086754
14926	0.029279
14927	0.085127
14928	0.251043
14929	-0.724934
14930	-0.008675
14931	0.094344
14932	1.186897
14933	1.356609
14934	0.344845
14935	0.739032
14936	0.201702
14937	0.055305
14938	0.221764
14939	0.264598
14940	-0.556849
14941	-0.016266
14942	2.242037
14943	0.103562
14944	-0.375751
14945	-0.227728
14946	0.311771
14947	-0.026568
14948	-0.230439
14949	0.320988
14950	0.007591
14951	1.639642
14952	0.535703
14953	0.03687
14954	0.21092
14955	2.187274
14956	0.426177
14957	0.303095
14958	-0.087838
14959	0.148565
14960	0.028195
14961	0.20604
14962	-0.061812
14963	0.280865
14964	-0.095429
14965	0.055305
14966	0.110069
14967	1.371248
14968	1.461798
14969	-0.020604
14970	0.506966
14971	0.222848
14972	0.087838
14973	-0.137721
14974	0.356774
14975	0.110611
14976	-0.086754
14977	0.063439
14978	1.91888
14979	0.074283
14980	0.053679
14981	1.838091
14982	0.550343
14983	-0.363823
14984	0.421297
14985	-0.534077
14986	1.458544
14987	-0.178929
14988	0.20116
14989	-0.045003
14990	2.762559
14991	1.184728
14992	-0.053137
14993	-0.054221
14994	0.332917
14995	-0.152903
14996	-0.137721
14997	-0.133384
14998	-0.040666
14999	-0.062354
15000	0.213631
15001	0.144228
15002	0.690775
15003	-0.153988
15004	-0.13989
15005	0.344845
15006	-0.388222
15007	1.210754
15008	-0.135552
15009	-0.14477
15010	-0.111153
15011	1.513307
15012	-0.013555
15013	1.348476
15014	1.191235
15015	-0.360569
15016	4.122421
15017	2.53212
15018	2.158537
15019	-0.064523
15020	1.693863
15021	0.499917
15022	2.451873
15023	0.427803
15024	0.190858
15025	0.035244
15026	-0.049341
15027	0.232608
15028	1.27582
15029	2.159621
15030	-0.122539
15031	0.193027
15032	2.407954
15033	0.067234
15034	-0.24779
15035	-0.123082
15036	-0.033075
15037	0.042292
15038	2.136849
15039	0.329121
15040	-0.348641
15041	-0.375751
15042	-0.225559
15043	0.003795
15044	0.252128
15045	0.050968
15046	0.111695
15047	-0.081331
15048	-0.016809
15049	-0.04175
15050	1.931893
15051	0.165374
15052	1.466135
15053	-0.072656
15054	0.847474
15055	0.959711
15056	-0.095429
15057	0.270563
15058	0.143686
15059	0.460878
15060	-0.169712
15061	1.406492
15062	0.431057
15063	-0.035244
15064	1.500837
15065	0.804639
15066	1.957919
15067	0.260803
15068	1.974728
15069	-0.114406
15070	3.757514
15071	0.127962
15072	0.056932
15073	1.969848
15074	0.047172
15075	0.060727
15076	0.222306
15077	-0.230981
15078	-0.231524
15079	-0.069945
15080	0.679389
15081	0.230981
15082	1.402697
15083	0.037412
15084	0.170796
15085	-0.169712
15086	-0.156156
15087	0.677762
15088	0.152361
15089	2.028949
15090	0.280322
15091	0.256465
15092	0.173507
15093	-0.016809
15094	0.058016
15095	1.472099
15096	1.264975
15097	-0.218511
15098	0.153988
15099	0.326952
15100	0.2993
15101	2.613993
15102	0.280865
15103	0.115491
15104	2.181852
15105	0.374125
15106	0.080789
15107	1.187439
15108	0.275443
15109	-0.394186
15110	0.017893
15111	-0.454914
15112	0.123624
15113	0.337797
15114	2.25017
15115	-0.127419
15116	1.080082
15117	-0.176218
15118	0.290082
15119	0.333459
15120	0.021146
15121	-0.15453
15122	0.067234
15123	-0.04175
15124	0.744454
15125	-0.167001
15126	-0.042835
15127	2.283245
15128	2.590136
15129	0.236403
15130	-0.097056
15131	1.932978
15132	-0.551427
15133	0.331832
15134	0.120371
15135	-0.128504
15136	1.090926
15137	-0.009218
15138	0.735779
15139	0.265141
15140	0.574742
15141	0.389849
15142	0.067234
15143	3.44249
15144	-0.397982
15145	0.138263
15146	0.656616
15147	0.044461
15148	0.742285
15149	0.010302
15150	-0.193027
15151	0.273274
15152	-0.410995
15153	-0.662038
15154	0.358943
15155	0.058016
15156	0.017893
15157	-0.227186
15158	1.304014
15159	-0.009218
15160	1.200995
15161	0.014097
15162	-0.293335
15163	1.544756
15164	1.545298
15165	0.406657
15166	1.89665
15167	-0.035786
15168	-0.880006
15169	-0.007049
15170	0.008133
15171	-0.377378
15172	0.252128
15173	0.285745
15174	0.30418
15175	0.11278
15176	0.299842
15177	-0.376836
15178	0.222306
15179	0.556307
15180	0.069403
15181	-0.173507
15182	1.042127
15183	1.052971
15184	-0.118202
15185	0.136095
15186	-0.212546
15187	-0.005964
15188	0.086211
15189	-0.457625
15190	2.348853
15191	1.699285
15192	-0.25755
15193	0.112237
15194	0.225017
15195	0.100309
15196	0.647398
15197	-0.040666
15198	-0.580164
15199	-0.35569
15200	-0.229355
15201	0.146939
15202	-0.308517
15203	1.076286
15204	0.266767
15205	0.014097
15206	0.088922
15207	0.090549
15208	1.412999
15209	-0.208751
15210	0.870247
15211	0
15212	0.047714
15213	0.127962
15214	0.035786
15215	0.002711
15216	0.011929
15217	
15218	-0.275985
15219	0.012471
15220	0.120913
15221	0.075909
15222	0.217426
15223	0.360027
15224	2.577123
15225	0.026026
15226	-0.223933
15227	1.007968
15228	1.578915
15229	0.054763
15230	-0.196822
15231	0.17676
15232	1.443362
15233	0.394729
15234	0.091091
15235	0
15236	0.192484
15237	0.116575
15238	1.274193
15239	0.506424
15240	-0.578538
15241	0.001627
15242	-0.165374
15243	-0.455456
15244	-0.081874
15245	-0.298758
15246	-0.024399
15247	0.371414
15248	0.017351
15249	0.024399
15250	0.692402
15251	-0.431599
15252	0.076994
15253	0.339423
15254	0.777529
15255	0.035244
15256	0.12525
15257	-0.386596
15258	
15259	-0.084585
15260	0.026026
15261	0.67722
15262	0.132841
15263	-0.136095
15264	-0.030906
15265	0.166458
15266	0.405031
15267	-0.112237
15268	-0.11278
15269	-1.668922
15270	0.37304
15271	0.26243
15272	0.426719
15273	-0.031448
15274	0.116575
15275	0.436479
15276	-0.104646
15277	0.57908
15278	1.324076
15279	0.061812
15280	1.63422
15281	2.752257
15282	1.444989
15283	-0.100851
15284	0.220137
15285	0.188147
15286	4.170677
15287	1.203706
15288	1.596808
15289	0.314482
15290	0.106815
15291	0.544921
15292	0.133384
15293	1.153822
15294	0.003253
15295	0.011386
15296	0.639265
15297	0.344845
15298	2.002923
15299	1.353898
15300	-0.004338
15301	0.025484
15302	0.00488
15303	0.08838
15304	1.932978
15305	1.626629
15306	0.557392
15307	-0.263514
15308	0.810061
15309	1.038874
15310	0.086211
15311	0.958085
15312	0.071029
15313	-0.054763
15314	-0.015724
15315	-0.00488
15316	0.446239
15317	-0.135552
15318	0.422381
15319	0.033075
15320	0.24291
15321	-0.021688
15322	0.023857
15323	0.003253
15324	0.006507
15325	
15326	-0.0835
15327	-0.024399
15328	-0.489073
15329	2.106485
15330	0.406115
15331	0.563898
15332	0.239657
15333	0.002169
15334	0.174049
15335	2.385723
15336	0.161579
15337	-0.288998
15338	2.101063
15339	0.059643
15340	1.041043
15341	0.509677
15342	0.259176
15343	2.339093
15344	1.408661
15345	0.279238
15346	-0.234777
15347	0.030364
15348	0.619204
15349	0.201702
15350	-0.277611
15351	0.110069
15352	0.121455
15353	0.648483
15354	-0.225559
15355	0.218511
15356	0.203329
15357	-0.302011
15358	0.804639
15359	0.085127
15360	-0.054221
15361	0.090549
15362	-0.118202
15363	-0.246163
15364	0.042835
15365	-0.35081
15366	0.094344
15367	-0.018435
15368	-0.362738
15369	0.451119
15370	0.206582
15371	2.006718
15372	-0.067234
15373	0.351894
15374	0.723308
15375	0.061812
15376	-0.140975
15377	1.476437
15378	0.711921
15379	0.074283
15380	0.249959
15381	0.102478
15382	3.428392
15383	0.332917
15384	0.465216
15385	0.479313
15386	0.13501
15387	1.164667
15388	0.829039
15389	0.05151
15390	0.346472
15391	0.087838
15392	-0.04663
15393	1.184186
15394	-0.024399
15395	0.111695
15396	-0.035786
15397	0.056932
15398	1.598977
15399	0.445154
15400	-0.217426
15401	0.169712
15402	0.363823
15403	2.172634
15404	3.181145
15405	0.317193
15406	-0.015724
15407	-0.09814
15408	0.399066
15409	-0.434852
15410	0.423466
15411	2.651406
15412	2.224144
15413	-0.062896
15414	-0.036328
15415	1.902072
15416	-0.052052
15417	0.211462
15418	-0.280865
15419	0.010302
15420	-0.364907
15421	0.073198
15422	1.647775
15423	-0.138806
15424	-0.152903
15425	-0.268936
15426	-0.068861
15427	0.033075
15428	0.150192
15429	-0.502086
15430	-0.130673
15431	-0.040666
15432	-0.11766
15433	0.496122
15434	3.682689
15435	0.113864
15436	0.499375
15437	0.391475
15438	-0.388222
15439	0.621372
15440	0.78024
15441	0.133384
15442	-0.170796
15443	0.754756
15444	3.055894
15445	0.130673
15446	1.066527
15447	-0.194653
15448	2.228482
15449	1.598977
15450	0.382258
15451	0.307975
15452	2.734364
15453	1.762182
15454	-0.040666
15455	1.300219
15456	0.485278
15457	2.757137
15458	0.09814
15459	0.015724
15460	-0.005422
15461	-0.060727
15462	0
15463	0
15464	0
15465	
15466	-0.074283
15467	0.277611
15468	-0.067776
15469	1.471015
15470	0.101393
15471	-0.05639
15472	-0.340508
15473	-0.117117
15474	0.056932
15475	0.063981
15476	1.321907
15477	-0.110069
15478	0.344303
15479	0.803555
15480	0.324241
15481	2.082085
15482	0.20116
15483	0.100851
15484	0.394729
15485	-0.884886
15486	0.026026
15487	0.091633
15488	0.067234
15489	-0.036328
15490	-0.379005
15491	2.779909
15492	0.021146
15493	0.185436
15494	2.96643
15495	0.223933
15496	0.239657
15497	0.912539
15498	0.364365
15499	-0.546547
15500	0.050968
15501	-0.130673
15502	0.644145
15503	0.098682
15504	0.156699
15505	0.263514
15506	0.067234
15507	0.179471
15508	0.054221
15509	-0.161579
15510	0.666376
15511	0.53733
15512	-0.01464
15513	0.578538
15514	0.138806
15515	0.444612
15516	0.092718
15517	-0.232066
15518	3.117706
15519	-0.121997
15520	-0.045546
15521	-0.58884
15522	0.153988
15523	-0.176218
15524	0.005422
15525	-0.639265
15526	0.246163
15527	0.395271
15528	0.361654
15529	2.930644
15530	2.000754
15531	0.038497
15532	0.050426
15533	0.095429
15534	0.226101
15535	-0.200618
15536	0.278154
15537	0.347014
15538	-1.000377
15539	-0.141517
15540	3.182771
15541	0.336712
15542	0.098682
15543	-0.669087
15544	-0.751503
15545	-0.017351
15546	-0.376836
15547	-0.035244
15548	1.062189
15549	-0.054221
15550	0.06615
15551	0.137179
15552	0.833919
15553	0.009218
15554	0.059643
15555	0.194111
15556	0.347556
15557	0.028195
15558	0.061812
15559	1.038874
15560	0.079163
15561	0.017351
15562	1.593012
15563	0.076994
15564	1.225394
15565	1.156533
15566	1.245456
15567	0.05639
15568	0.40232
15569	3.935358
15570	-0.102478
15571	0.633301
15572	1.523609
15573	0.731983
15574	0.556849
15575	-0.009218
15576	-0.177303
15577	3.077583
15578	0.053137
15579	-0.137179
15580	0.008675
15581	-0.747707
15582	0.096513
15583	0.110611
15584	1.00363
15585	1.06978
15586	0.290082
15587	2.133053
15588	0.264056
15589	0.338881
15590	0.369245
15591	-0.097056
15592	1.36908
15593	0.407742
15594	0.031448
15595	0.881633
15596	0.87838
15597	-0.913081
15598	0.114948
15599	-0.27978
15600	3.164878
15601	-0.028737
15602	0.091633
15603	0.43431
15604	0.014097
15605	-0.196822
15606	-0.132841
15607	-0.157783
15608	1.260638
15609	-0.007591
15610	-0.026026
15611	0.17188
15612	-0.009218
15613	0.188689
15614	0.246705
15615	-0.446239
15616	0.219595
15617	0.227728
15618	0.136637
15619	0.403404
15620	3.249463
15621	1.832669
15622	0.226644
15623	0.087838
15624	0.052052
15625	0.0835
15626	2.552181
15627	-0.114406
15628	1.285579
15629	1.016101
15630	0.075909
15631	0.383342
15632	1.694405
15633	0.1079
15634	1.120205
15635	0.13013
15636	-0.049883
15637	0.145312
15638	1.112614
15639	0.148565
15640	0.011929
15641	1.864659
15642	0.325868
15643	-0.075367
15644	1.447158
15645	-0.076452
15646	0.375751
15647	2.155284
15648	0.121997
15649	0.653905
15650	0.169169
15651	-0.060727
15652	0.061812
15653	1.584337
15654	-0.038497
15655	0.053679
15656	0.988448
15657	0.183809
15658	0.3828
15659	0.074283
15660	0.22827
15661	0.032533
15662	1.736156
15663	0.343761
15664	0.389849
15665	2.008345
15666	0.163205
15667	0.221222
15668	0.047172
15669	1.28829
15670	-0.039039
15671	1.572951
15672	-0.059101
15673	1.133761
15674	0.013013
15675	0.446781
15676	-0.17676
15677	-0.205497
15678	-0.14965
15679	-0.069403
15680	-0.025484
15681	0.094887
15682	0.417502
15683	-0.077536
15684	0.077536
15685	-0.357858
15686	0.936938
15687	-0.052052
15688	-0.076452
15689	1.130507
15690	0.064523
15691	0.010844
15692	1.598434
15693	0.153988
15694	1.150027
15695	1.372875
15696	0.683184
15697	0.322615
15698	0.197907
15699	0.221222
15700	-0.100309
15701	-0.144228
15702	-0.058016
15703	0.094887
15704	1.583795
15705	-0.315566
15706	-0.040124
15707	-0.052052
15708	0.048799
15709	0.410453
15710	-0.188689
15711	-0.008675
15712	1.447158
15713	0.06615
15714	0.047714
15715	-0.074283
15716	1.601688
15717	2.228482
15718	1.909663
15719	0.085127
15720	-0.208751
15721	1.468304
15722	0.326952
15723	0.035244
15724	0.147481
15725	2.393856
15726	0.439732
15727	0.477145
15728	3.267356
15729	0.069945
15730	0.685353
15731	0.429972
15732	0.325326
15733	0.438648
15734	0.524317
15735	-0.361654
15736	0.142059
15737	-0.140432
15738	0.487989
15739	-0.024942
15740	1.000377
15741	0.296589
15742	0.214173
15743	1.379924
15744	0.201702
15745	-0.052052
15746	-0.071572
15747	1.204248
15748	-0.119286
15749	1.030199
15750	0.117117
15751	0.093802
15752	0.143686
15753	-0.042835
15754	1.951955
15755	0.50046
15756	0.035786
15757	0.003795
15758	0.707042
15759	0.20604
15760	0.383885
15761	0.086754
15762	-0.299842
15763	-0.246705
15764	-0.187605
15765	-0.229355
15766	0.515641
15767	-0.205497
15768	-0.28466
15769	0.07862
15770	-0.020604
15771	-0.081874
15772	0.582875
15773	1.145689
15774	-0.440817
15775	0.057474
15776	-0.420213
15777	-0.035786
15778	0.615408
15779	-0.081874
15780	-0.169169
15781	0.48094
15782	0.260261
15783	2.764728
15784	2.560314
15785	1.837549
15786	2.367288
15787	0.081331
15788	-0.390391
15789	0.069945
15790	0.014097
15791	1.582168
15792	0.446781
15793	0.225017
15794	1.565902
15795	0.330748
15796	0.343219
15797	0.241826
15798	-0.213631
15799	0.16429
15800	-0.412079
15801	-0.1079
15802	0.33129
15803	0.70433
15804	0.157241
15805	-0.078078
15806	0.178929
15807	0.106273
15808	1.198826
15809	0.290082
15810	0.765058
15811	0.302011
15812	1.295881
15813	0.109526
15814	0.049883
15815	1.488366
15816	0.220137
15817	1.496499
15818	-0.105189
15819	0.223933
15820	1.919965
15821	1.792545
15822	0.213631
15823	-0.415333
15824	-0.100851
15825	0.062896
15826	0.177845
15827	-0.467385
15828	0.223933
15829	0.171338
15830	1.88201
15831	0.173507
15832	0.167001
15833	3.818241
15834	0.22827
15835	0.212004
15836	1.480233
15837	0.460878
15838	-0.190316
15839	3.020108
15840	0.13501
15841	0.03199
15842	1.392395
15843	-0.13013
15844	-0.150192
15845	0.455998
15846	-0.1079
15847	0.030364
15848	0.296047
15849	2.102689
15850	0.275985
15851	1.031283
15852	-0.163747
15853	1.32245
15854	0.339423
15855	0.343219
15856	0.145312
15857	3.144817
15858	0.049883
15859	-0.131215
15860	0.970013
15861	0.852896
15862	0.129588
15863	-0.052052
15864	0.153988
15865	-0.269478
15866	0.158867
15867	0.786204
15868	-0.708126
15869	0.483109
15870	-0.11278
15871	-0.253212
15872	2.281076
15873	0.163747
15874	-0.06615
15875	0.562814
15876	0.190858
15877	-0.077536
15878	-0.145854
15879	0.366534
15880	-0.225017
15881	-1.002546
15882	-2.569532
15883	0.100851
15884	-0.37304
15885	0.193027
15886	-0.132841
15887	0.421839
15888	0.490158
15889	0.156699
15890	0.09814
15891	0.828497
15892	0.508593
15893	0.227186
15894	0.543836
15895	0.53733
15896	-0.7656
15897	0.171338
15898	1.419505
15899	0.218511
15900	1.198284
15901	-0.780782
15902	-0.165374
15903	0.103562
15904	1.892854
15905	-0.548716
15906	0.089465
15907	0.621372
15908	0.344845
15909	0.587213
15910	-0.00976
15911	-0.059101
15912	0.2749
15913	0.781324
15914	
15915	
15916	
15917	2.490369
15918	1.277988
15919	-0.070487
15920	0.541125
15921	
15922	
15923	
15924	
15925	
15926	
15927	
15928	
15929	
15930	
15931	
15932	
15933	
15934	
15935	
15936	
15937	
15938	
15939	
15940	
15941	
15942	
15943	
15944	
15945	
15946	
15947	
15948	
15949	
15950	
15951	
15952	
15953	
15954	
15955	
15956	
15957	
15958	
15959	
15960	
15961	
15962	
15963	
15964	
15965	
15966	
15967	
15968	
15969	
15970	
15971	
15972	
15973	
15974	
15975	
15976	
15977	
15978	
15979	
15980	
15981	
15982	
15983	
15984	
15985	
15986	
15987	
15988	
15989	
15990	
15991	
15992	
15993	
15994	
15995	
15996	
15997	
15998	
15999	
16000	
16001	
16002	
16003	
16004	
16005	
16006	
16007	
16008	
16009	
16010	
16011	
16012	
16013	
16014	
16015	
16016	
16017	
16018	
16019	
16020	
16021	
16022	
16023	
16024	
16025	
16026	
16027	
16028	
16029	
16030	
16031	
16032	
16033	
16034	
16035	
16036	
16037	
16038	
16039	
16040	
16041	
16042	
16043	
16044	
16045	
16046	
16047	
16048	
16049	
16050	
16051	
16052	
16053	
16054	
16055	
16056	
16057	
16058	
16059	
16060	
16061	
16062	
16063	
16064	
16065	
16066	
16067	
16068	
16069	
16070	
16071	
16072	
16073	
16074	
16075	
16076	
16077	
16078	
16079	
16080	
16081	
16082	
16083	
16084	
16085	
16086	
16087	
16088	
16089	
16090	
16091	
16092	
16093	
16094	
16095	
16096	
16097	
16098	
16099	
16100	
16101	
16102	
16103	-0.898442
16104	
16105	
16106	
16107	
16108	
16109	
16110	
16111	
16112	
16113	
16114	0.637639
16115	
16116	
16117	
16118	
16119	
16120	
16121	
16122	
16123	
16124	
16125	
16126	
16127	
16128	
16129	
16130	
16131	
16132	
16133	
16134	
16135	
16136	
16137	
16138	
16139	
16140	
16141	
16142	
16143	
16144	
16145	
16146	
16147	
16148	
16149	
16150	
16151	
16152	
16153	
16154	
16155	
16156	
16157	
16158	
16159	
16160	
16161	
16162	
16163	
16164	
16165	
16166	
16167	
16168	
16169	
16170	
16171	
16172	
16173	
16174	
16175	
16176	
16177	
16178	
16179	
16180	
16181	
16182	
16183	
16184	
16185	
16186	
16187	
16188	
16189	
16190	
16191	
16192	
16193	
16194	
16195	
16196	
16197	
16198	
16199	
16200	
16201	
16202	
16203	
16204	
16205	
16206	
16207	
16208	
16209	
16210	
16211	
16212	
16213	
16214	
16215	
16216	
16217	
16218	
16219	
16220	
16221	
16222	
16223	
16224	
16225	
16226	
16227	
16228	
16229	
16230	
16231	
16232	
16233	
16234	
16235	
16236	
16237	
16238	
16239	
16240	
16241	
16242	
16243	
16244	
16245	
16246	
16247	
16248	
16249	
16250	
16251	
16252	
16253	
16254	
16255	
16256	
16257	
16258	
16259	
16260	
16261	
16262	
16263	
16264	
16265	
16266	
16267	
16268	
16269	
16270	
16271	
16272	
16273	
16274	
16275	
16276	
16277	
16278	
16279	
16280	
16281	
16282	
16283	
16284	
16285	
16286	
16287	
16288	
16289	
16290	
16291	
16292	
16293	
16294	
16295	
16296	
16297	
16298	
16299	
16300	
16301	
16302	
16303	
16304	
16305	
16306	
16307	
16308	
16309	
16310	
16311	
16312	
16313	
16314	
16315	
16316	
16317	
16318	
16319	
16320	
16321	-0.178387
16322	1.045923
16323	1.060562
16324	1.873877
16325	0.28954
16326	0.609986
16327	-0.617035
16328	-0.213631
16329	0.962422
16330	-0.086211
16331	0.510762
16332	0.550343
16333	1.347933
16334	-0.599684
16335	0.932059
16336	-0.694571
16337	-0.514557
16338	-0.745538
16339	0.297131
16340	0.513473
16341	1.556684
16342	0.384969
16343	0.833919
16344	0.41967
16345	0.647941
16346	0.380089
16347	0.609444
16348	1.002004
16349	-0.043377
16350	0.753129
16351	1.110988
16352	0.421297
16353	0.4663
16354	0.504797
16355	2.364577
16356	1.580541
16357	0.011929
16358	1.945449
16359	-0.967844
16360	-0.222848
16361	-0.707042
16362	0.521064
16363	-0.067234
16364	0.137721
16365	0.162663
16366	0.754756
16367	0.768853
16368	-0.548174
16369	-0.650652
16370	-0.101393
16371	0.722223
16372	0.049883
16373	0.53245
16374	-0.2993
16375	0.097056
16376	0.503713
16377	0.358401
16378	-0.352979
16379	0.61107
16380	1.979066
16381	0.589382
16382	-0.303637
16383	0.16429
16384	-0.202244
16385	1.312148
16386	2.668214
16387	0.277611
16388	-0.42943
16389	0.504797
16390	0.299842
16391	0.239657
16392	0
16393	0
16394	0.014097
16395	-0.479313
16396	0
16397	0
16398	
16399	0.312313
16400	0.266767
16401	0.856149
16402	0.713548
16403	0.295504
16404	0.458709
16405	1.408661
16406	0.159952
16407	0.426719
16408	1.684104
16409	0.516726
16410	0.711379
16411	0.348099
16412	0.74337
16413	-0.094344
16414	-0.281949
16415	-0.596431
16416	0.833376
16417	-0.383885
16418	0.346472
16419	-0.502628
16420	-0.705415
16421	0.62571
16422	0.687522
16423	0.361112
16424	-0.208751
16425	-0.329121
16426	0.298215
16427	0.762347
16428	-0.571489
16429	-0.310686
16430	0.616492
16431	2.528324
16432	1.505174
16433	0.01952
16434	0.471722
16435	0.151277
16436	0.533534
16437	-0.413706
16438	-0.704873
16439	0.56932
16440	0.914708
16441	0.758009
16442	1.081708
16443	-1.480775
16444	2.28921
16445	-0.078078
16446	0.353521
16447	1.010137
16448	-0.002711
16449	0.470096
16450	0.422381
16451	0.781324
16452	-0.801386
16453	-0.496122
16454	0.312855
16455	0.093802
16456	0.641976
16457	-0.339966
16458	0.167001
16459	-0.361112
16460	0.143143
16461	0.619746
16462	-0.254296
16463	-0.740659
16464	0.241826
16465	0.67234
16466	0.216342
16467	1.091468
16468	0.705415
16469	-0.016809
16470	0.42455
16471	-0.180556
16472	-0.000542
16473	0.024399
16474	0.23315
16475	-0.452745
16476	0.720597
16477	0.055848
16478	0.759636
16479	0.560103
16480	0.481482
16481	1.011763
16482	-0.53733
16483	-0.249416
16484	0.371414
16485	0.066692
16486	0.435394
16487	-0.268394
16488	0.503713
16489	0.435394
16490	0.075909
16491	-0.128504
16492	0.288456
16493	0.187605
16494	0.299842
16495	0.428346
16496	-1.132134
16497	0.074825
16498	1.333294
16499	0.838798
16500	-0.351352
16501	-0.461963
16502	0.156156
16503	-0.178387
16504	0.284118
16505	0.769396
16506	-0.111153
16507	0.209835
16508	0.73361
16509	0.579622
16510	0.021146
16511	-0.337797
16512	0.930974
16513	0.37304
16514	-0.360569
16515	-0.072656
16516	0.447865
16517	0.165374
16518	0.257007
16519	0.185978
16520	-1.261722
16521	-0.317193
16522	-2.304391
16523	-1.709045
16524	0.023315
16525	0.559018
16526	-0.104646
16527	0.23803
16528	1.308352
16529	0.866451
16530	1.541502
16531	0.881091
16532	0.871873
16533	0.317193
16534	0.273816
16535	-0.712464
16536	-0.344303
16537	0.174592
16538	-0.921214
16539	0.090007
16540	0.409911
16541	0.550885
16542	0.5742
16543	
16544	
16545	-1.004172
16546	
16547	
16548	
16549	
16550	0.897357
16551	0.712464
16552	0.361112
16553	
16554	
16555	
16556	
16557	
16558	
16559	
16560	
16561	
16562	
16563	
16564	
16565	
16566	
16567	
16568	
